title,abstract,authors,year,url,source,summary_huggingface_flan_t5,summary_huggingface_pegasus_xsum,summary_huggingface_mistral,summary_huggingface_bart_cnn,summary_huggingface_pegasus_pubmed,summary_huggingface_led_base,summary_huggingface_bigbird_pegasus
Ultrasensitive Detection of Circulating Plasma Cells Using Surface-Enhanced Raman Spectroscopy and Machine Learning for Multiple Myeloma Monitoring.,"Multiple myeloma is a hematologic malignancy characterized by the proliferation of abnormal plasma cells in the bone marrow. Despite therapeutic advancements, there remains a critical need for reliable, noninvasive methods to monitor multiple myeloma. Circulating plasma cells (CPCs) in peripheral blood are robust and independent prognostic markers, but their detection is challenging due to their low abundance. Next-generation flow cytometry is commonly used for CPC detection but is not performed in routine clinical practice because it requires expensive instruments, is costly, and time-consuming. This study introduces a cost-effective, rapid surface-enhanced Raman spectroscopy (SERS) assay leveraging gold-deposited magnetic nanoparticles and plasmonic nanoparticles functionalized with anti-CD138 and anti-CD38 antibodies for detecting CPCs in peripheral blood samples. A portable optical device was used for signal recording, enhancing the potential for point-of-care applications. The developed assay is highly sensitive and specific, capable of detecting as few as one or two cells. The application of machine learning algorithms to SERS signal analysis yielded area under the curve values ranging from 0.90 to 0.95, demonstrating excellent performance in differentiating multiple myeloma patients from healthy donors. This SERS method provides a sensitive and accessible way for CPC detection, showing significant potential for multiple myeloma diagnosis, treatment monitoring, and prognosis prediction.","Dechun Zhang, Xianling Chen, Jia Lin, Shiyan Jiang, Min Fan, Nenrong Liu, Zufang Huang, Jing Wang",2025,https://pubmed.ncbi.nlm.nih.gov/39854732/,PubMed,"Ultrasensitive Detection of Circulating Plasma Cells Using Surface-Enhanced Raman Spectroscopy and Machine Learning for Multiple Myeloma Monitoring: A Cost-Effective, Rapid Assay Using Gold-Deposited Magnetic Nanoparticles and Plasmodic NanoParticles Functionalized with Anti-CD138 and anti-CD38 Antibodies for Peripheral Blood Samples: A Portable optical Device for Signal Recording.","Error: 500 Server Error: Internal Server Error for url: https://api-inference.huggingface.co/models/google/pegasus-xsum | Response: {""error"": ""Model too busy, unable to get response in less than 60 second(s)""}","
        Title: Ultrasensitive Detection of Circulating Plasma Cells Using Surface-Enhanced Raman Spectroscopy and Machine Learning for Multiple Myeloma Monitoring.
        Abstract: Multiple myeloma is a hematologic malignancy characterized by the proliferation of abnormal plasma cells in the bone marrow. Despite therapeutic advancements, there remains a critical need for reliable, noninvasive methods to monitor multiple myeloma. Circulating plasma cells (CPCs) in peripheral blood are robust and independent prognostic markers, but their detection is challenging due to their low abundance. Next-generation flow cytometry is commonly used for CPC detection but is not performed in routine clinical practice because it requires expensive instruments, is costly, and time-consuming. This study introduces a cost-effective, rapid surface-enhanced Raman spectroscopy (SERS) assay leveraging gold-deposited magnetic nanoparticles and plasmonic nanoparticles functionalized with anti-CD138 and anti-CD38 antibodies for detecting CPCs in peripheral blood samples. A portable optical device was used for signal recording, enhancing the potential for point-of-care applications. The developed assay is highly sensitive and specific, capable of detecting as few as one or two cells. The application of machine learning algorithms to SERS signal analysis yielded area under the curve values ranging from 0.90 to 0.95, demonstrating excellent performance in differentiating multiple myeloma patients from healthy donors. This SERS method provides a sensitive and accessible way for CPC detection, showing significant potential for multiple myeloma diagnosis, treatment monitoring, and prognosis prediction.
        Source: PubMed
        Authors: Dechun Zhang, Xianling Chen, Jia Lin, Shiyan Jiang, Min Fan, Nenrong Liu, Zufang Huang, Jing Wang
        
In this study, researchers have developed a new method using surface-enhanced Raman spectroscopy (SERS) combined with machine learning algorithms for detecting circulating plasma cells (CPCs) in peripheral blood for monitoring multiple myeloma. They used gold-deposited magnetic nanoparticles and plasmonic nanoparticles functionalized with anti-CD138 and anti-CD38 antibodies for sensing CPCs in peripheral blood samples. The assay demonstrated high sensitivity and specificity, capable of detecting even a single cell. Additionally, they used a portable optical device for signal recording, which has potential for point-of-care applications. Machine learning algorithms were applied to SERS signal analysis, achieving excellent results in distinguishing multiple myeloma patients from healthy donors, making this approach a promising alternative to next-generation flow cytometry for CPC detection.","Multiple myeloma is a hematologic malignancy characterized by the proliferation of abnormal plasma cells in the bone marrow. Circulating plasma cells (CPCs) in peripheral blood are robust and independent prognostic markers, but their detection is challenging due to their low abundance. This study introduces a cost-effective, rapid surface-enhanced Raman spectroscopy (SERS) assay leveraging gold-deposited magnetic nanoparticles and plasmonic nanoparticles. The developed assay is highly sensitive and specific, capable of detecting as few as one or two cells.","background : multiple myeloma ( mm ) is a malignant neoplasm of the plasma cells . <n> it is characterized by the proliferation of abnormal plasma cells in the bone marrow and peripheral blood . because of their low abundance , flow cytometry is commonly used for their detection , but it is not performed in routine practice because it requires expensive instruments.aims:the aim of this study was to develop an assay for mm detection.materials and methods : a surface - enhanced gold spectroscopy ( sem ) method was used to detect mm markers in peripheral blood samples using plamized magnetic nanoparticles and anti-38 antibodies . signal analysis yielded area under the curve values ranging from 0.90 to 1.05 , demonstrating excellent performance in differentiating healthy donors from mm patients.results and discussion : the results of sem analysis showed that the size of an individual mm marker can be detected with high sensitivity and specificity.conclusion:the developed method is highly sensitive as one or two mm markers , and it can be used in routine clinical practice for multiple myeloma diagnosis and monitoring .","Source: PubMed Abstract  Â    d   Title: Ultrasensitive Detection of Circulating Plasma Cells Using Surface-Enhanced Raman Spectroscopy and Machine Learning for Multiple Myeloma Monitoring.   *   (   )   Abstract: Multiple myeloma is a hematologic malignancy characterized by the proliferation of abnormal plasma cells in the bone marrow. Despite therapeutic advancements, there remains a critical need for reliable, noninvasive methods to monitor multiple myelomas. Circulating plasma cells (CPCs) in peripheral blood are robust and independent prognostic markers, but their detection is challenging due to their low abundance. Next-generation flow cytometry is commonly used for CPC detection but is not performed in routine clinical practice because it requires expensive instruments, is costly, and time-consuming. This study introduces a cost-effective, rapid surface-enhanced Raman spectroscopy (SERS) assay leveraging gold-deposited magnetic nanoparticles and plasmonic nanoparticles functionalized with anti-CD138 and anti-PD38 antibodies for detecting CPCs in peripheral Blood samples. A portable optical device was used for signal recording, enhancing the potential for point-of-","technological advances in the monitoring of multiple myeloma are numerous , but progress is slow . here , we review the progress being made in the detection , monitoring and prognostication of this incurable disease .<n> the need for more sensitive and specific methods is evident but only a few have been successfully introduced into clinical practice . a brief overview of some of the new developments is presented , including an assay for multiple myeloma that has been incorporated into a monoclonal antibody ( mab ) for therapeutic use and rapid surface - enhanced magnetic nanoparticles and optical plasmon resonance spectroscopy for detecting antibodies in peripheral blood to distinguish healthy donors from those with myeloma and to predict patient response to therapeutics in terms of overall survival and relapse - free survival . the prognostic value of monoclonal antibodies in multiple myeloma has been demonstrated and a costeffective assay has been developed for rapid detection of the change in activity of at least one marker over time , which is useful for monitoring disease activity and predicting response to therapeutic interventions . an efficient , rapid , specific and sensitive method has been shown to be feasible by combining the abovementioned tools in a single device ."
Female genital mutilation among children in Ethiopia: A time-to-event analysis of age at circumcision.,"Female Genital Mutilation (FGM) has become a global health concern. It is a deeply entrenched harmful practice involving partial or total removal of the external female genitalia for non-medical reasons. To inform effective policymaking and raise awareness about FGM's health risks, understanding socioeconomic and demographic factors influencing the timing of girls' circumcision is crucial. This study employed semi-parametric survival models to examine the association between residential status and time-to-circumcision of girls in Ethiopia. The data used in this study was the 2016 Ethiopian Demographic and Health Survey (EDHS) report, which was conducted by the Central Statistical Agency (CSA). The analysis revealed that residential status (rural vs urban, HR = 1.73: 1.35-2.70), religion (Muslim vs Christian, HR = 1.51: 1.38-2.70), mother's educational level (none vs higher, HR = 5.25: 2.23-12.36 or primary vs higher HR = 4.12: 1.25-9.68), father's educational level (none vs higher, HR = 1.65: 1.12-2.43), and mother's age (15-24 years vs 35 +, HR = 1.89: 1.21-2.95 or 24-34 years vs 35 +, HR = 1.55: 1.18-2.02) are significant risk factors for age at circumcision. Mother's age and family wealth index were time dependent risk factors. Effective interventions to reduce FGM prevalence would need to address multiple aspects simultaneously, including improving access to education (especially for girls and women), targeting both urban and rural areas with awareness campaigns, and considering culturally sensitive approaches that take into account religious and traditional beliefs while promoting the health and rights of girls and women.","Michael Arthur Ofori, Daniel Biftu Bekalo, David Kwamena Mensah, Niharika Jha",2025,https://pubmed.ncbi.nlm.nih.gov/39854732/,PubMed,"Female genital mutilation among children in Ethiopia: A time-to-event analysis of age at circumcision: a population-based study of the 2016 Ethiopian Demographic and Health Survey (EDHS): A case-control study of female circumcision among children aged 0 to 24 years. [Ethnicity, religion, mother's educational level, father's education, and family wealth index are significant risk factors for age at female genitalia circumcision.]","Title: Female genital mutilation among children in Ethiopia: A time-to-event analysis of age circumcision, International Journal of Health and Social Care (IJHSC), Forthcoming, Available at: https://doi.org/10.2556/ijhssc.2017.07.023.<n> The analysis revealed residential status (urban vs rural, HR = 1.73: 1.35-2.70), religion (Muslim vs Christian, HR= 1.51: 1.38-2.70)) and mother's educational level (none vs higher,HR = 5.25: 2.23-12.36 or primary vs higher HR = 4.12: 1.25-9.68), father's education level (None vs higher; HR = 1.55: 1.18-2.02) are significant risk factors for age at circumcision. Effective interventions to reduce FGM prevalence would need to address multiple aspects simultaneously, including access and education (especially for girls and women), targeting both urban and rural areas with awareness campaigns, and considering that take into consideration religious beliefs while promoting the health and rights of girls and Women,","
        Title: Female genital mutilation among children in Ethiopia: A time-to-event analysis of age at circumcision.
        Abstract: Female Genital Mutilation (FGM) has become a global health concern. It is a deeply entrenched harmful practice involving partial or total removal of the external female genitalia for non-medical reasons. To inform effective policymaking and raise awareness about FGM's health risks, understanding socioeconomic and demographic factors influencing the timing of girls' circumcision is crucial. This study employed semi-parametric survival models to examine the association between residential status and time-to-circumcision of girls in Ethiopia. The data used in this study was the 2016 Ethiopian Demographic and Health Survey (EDHS) report, which was conducted by the Central Statistical Agency (CSA). The analysis revealed that residential status (rural vs urban, HR = 1.73: 1.35-2.70), religion (Muslim vs Christian, HR = 1.51: 1.38-2.70), mother's educational level (none vs higher, HR = 5.25: 2.23-12.36 or primary vs higher HR = 4.12: 1.25-9.68), father's educational level (none vs higher, HR = 1.65: 1.12-2.43), and mother's age (15-24 years vs 35 +, HR = 1.89: 1.21-2.95 or 24-34 years vs 35 +, HR = 1.55: 1.18-2.02) are significant risk factors for age at circumcision. Mother's age and family wealth index were time dependent risk factors. Effective interventions to reduce FGM prevalence would need to address multiple aspects simultaneously, including improving access to education (especially for girls and women), targeting both urban and rural areas with awareness campaigns, and considering culturally sensitive approaches that take into account religious and traditional beliefs while promoting the health and rights of girls and women.
        Source: PubMed
        Authors: Michael Arthur Ofori, Daniel Biftu Bekalo, David Kwamena Mensah, Niharika Jha
        
        Title: Prevalence of female genital mutilation/cutting and associated factors among reproductive aged women in Sidama Zone, Southern Ethiopia: Cross sectional survey
        Abstract: Female genital mutilation/cutting (FGC) continues to be practiced widely despite being recognized as a violation of human rights and having numerous negative health consequences. The aim of this study was to assess the prevalence and determinants of FGC among reproductive-aged women in Sidama Zone, Southern Ethiopia. This cross-sectional survey was conducted on 806 married women selected using a multistage sampling technique from February 2019 to March 2019. Data were collected through face-to-face interviews using a structured questionnaire adapted from the WHO FGC/C Questionnaire. Descriptive statistics and binary logistic regression analyses were performed using Stata version 14 software. The overall prevalence of FGC was 83.6% (95% CI: 81.2%, 85.9%). Type I (Sunna) was the most common type (78.5%) followed by type III (infibulation) (3.7%). Multivariable analysis showed that being Muslim [AOR=5.98; 95% CI: 3.35, 10.66], having no formal education [AOR=1.62; 95% CI: 1.07, 2.46], living in rural areas [AOR=2.24; 95% CI: 1.33, 3.78], and practicing polygamy [AOR=2.22; 95% CI: 1.01, 4.88] were significantly associated with FGC. In conclusion, the high prevalence of FGC in Sidama Zone underscores the urgent need for intensified efforts to eliminate this harmful practice through community mobilization, raising awareness, and increasing access to education and economic opportunities for women and girls.
        Source: NCBI Bookshelf
        Authors: Gizachew Adane Hailu, Melaku Tadesse Girma, Alemayehu Getachew Tadele, Yirgalem Negash Worku, Addisu Dessie Gebrehiwot, Teshome Ayele Abebe, Lemma Chala Abate, Bekele Shiferaw Kenea, Biruk Terfa Negussie, Tamrat Teferra Ashenafi, Samuel Belay Moges, Solomon Mulat Addisu, Ejigu Tsegaye Degefu, Getnet Habtamu Awoke, Sebhatu Gebremedhin Tewelde, Hailemichael Gidey Gebremedhin.","Female Genital Mutilation (FGM) has become a global health concern. It is a deeply entrenched harmful practice involving partial or total removal of the external female genitalia for non-medical reasons. To inform effective policymaking and raise awareness about FGM's health risks, understanding socioeconomic and demographic factors influencing the timing of girls' circumcision is crucial. This study employed semi-parametric survival models to examine the association between residential status and time-to-circumcision of girls in Ethiopia. The data used in this study was the 2016 Ethiopian Demographic and Health Survey report.","backgroundthe aim of this study was to determine the association between residential status of girls and their semi-circumcision.methodsthis was a cross - sectional study conducted in 2016 among girls aged 15 years and older in saudi arabia . <n> data used in this report was residential and that was conducted by this study.resultsthe results of our study revealed that more than half of the girls were below 15 years of age ( 51.9% ) , of low educational status ( 49.1% ) and of low wealth ( 48.1% ) while more than two - thirds of them were of middle or high level of education . in our study , we found that father 's educational level and mother 's wealth level were significant risk factors for age at age at the time of the study ( p  0.05).conclusionour study has shown that there is a need to increase awareness and programs to reduce the prevalence of semi - circumcision .","Title: Female genital mutilation among children in Ethiopia: A time-to-event analysis of age at circumcision. Source: PubMed Abstract | CrossRef Full Text | Google Scholar | Author: Michael Arthur Ofori, Daniel Biftu Bekalo, David Kwamena Mensah, Niharika Jha, et al.   Â  _______________  __________________  ___________________________________________  _   Abstract: Female Genital Mutilation (FGM) has become a global health concern. It is a deeply entrenched harmful practice involving partial or total removal of the external female genitalia for non-medical reasons. To inform effective policymaking and raise awareness about FGM's health risks, understanding socioeconomic and demographic factors influencing the timing of girls' circumcision is crucial. This study employed semi-parametric survival models to examine the association between residential status and time-t-circumcision of girls in Ethiopia. The data used in this study was the 2016 Ethiopian Demographic and Health Survey (EDHS) report, which was conducted by the Central Statistical Agency (CSA). The analysis revealed that residential status (rural vs urban, HR = 1.73: 1.35-2.70","the world health organization ( who ) recommends that all girls be circumcised at the age of 12 years .<n> however , in many parts of the world , mutilation is performed for religious reasons . in this study , we examined the impact of non - religious reasons on girls ' initiation of circumcision , and compared the proportion of girls who did and did not perform the procedure in an urban versus a rural area in south korea . to better understand reasons for non - circumcision and how rural girls are affected , this study employed 2016 data from the center for epidemiologic studies on girls and development ( cesdd ) , a non - profit organization working to improve the living conditions of girls in low - income countries ."
"Single-Cell Transcriptomic Analysis Reveals Biomechanical Loading-Induced Imbalance in Bone and Fat, Leading to Ossification in Lumbar Intervertebral Disc Nucleus Pulposus Degeneration.","In this study, we explored the impact of different biomechanical loadings on lumbar spine motion segments, particularly concerning intervertebral disc degeneration (IVDD). We aimed to uncover the cellular milieu and mechanisms driving ossification in the nucleus pulposus (NP) during IVDD, a process whose underlying mechanisms have remained elusive. The study involved the examination of fresh NP tissue from the L3-S1 segment of five individuals, either with IVDD or healthy. The analysis consisted of histopathological evaluation and single-cell RNA sequencing. To further validate the impact of biomechanical loading on IVDD, particularly on the CITED4 + METRN + NP chondrocytes and the bone-fat balance mechanism, a retrospective analysis was conducted using paraffin-embedded NP samples from patients. A distinct subset of CITED4 + METRN+ chondrocytes in the degenerated NP that were influenced by biomechanical loading was identified. These cells were evaluated for their potential as diagnostic biomarkers. Pseudotemporal analysis indicated that inflammation and repair processes were integral to NP ossification. Notably, the L4/5 and L5/S1 segments with severe IVDD showed pronounced ossification and heightened lipogenic metabolism. Cell communication analysis sheds light on the roles of bone-fat balance proteins and various ossification genes. Additionally, immunohistochemistry and immunofluorescence confirmed that biomechanical loading intensified IVDD by fostering osteogenic differentiation, mediated by macrophage migration inhibitory factor (MIF)-regulated bone-fat balance. This research reveals the microenvironmental factors of IVDD NP ossification under biomechanical loading, highlighting the role of bone-fat imbalance. These insights significantly enhance the understanding of IVDD pathogenesis and pave the way for innovative therapeutic approaches.","Ping Zhang, Yuan Wang, Jianqi Bai, Jingru Zhang, Shimin Zhang, Xiaofei Guo, Jiawen Zhan, Liguo Zhu",2025,https://pubmed.ncbi.nlm.nih.gov/39854732/,PubMed,"Single-Cell Transcriptomic Analysis Reveals Biomechanical Loading-Induced Imbalance in Bone and Fat, Leading to Ossification in Lumbar Intervertebral Disc Nucleus Pulposus Degeneration (L3-S1) Segments of the Lumbar Spine Motion Segment (L5/S1) In this study, we explored the impact of different biomechanical loadings on lumbar spine motion segments, particularly concerning inter vertebral disc degeneration (IVDD). We aimed to uncover the cellular milieu and mechanisms driving ossification in the nucleus pulposus during IVDD, a process whose underlying mechanisms have remained elusive. IVDD NP Ossification Under Biomechanical Loading: The Role of Bone-Fat Disadvantages and Osteogenic Differentiation: A Role for Bone–Fat Balance Proteins and Differential ossifying Genes in NF-kappaB-Induced Osteonecrosis (IVDD): An In Vitro Study of a Mouse Model of IVDD (PubMed)","The mechanisms behind intervertebral disc ossification during disc degeneration have been poorly understood until now, but a new study suggests that inflammation and repair processes are integral to this process in the degenerated nucleus pulposus (L3-S1 segment) in patients with severe IVDD, a process whose underlying mechanisms have remained elusive. To further validate the impact of biomechanical loading on IVDD Particularly on the CITED4 + METRN + NP chondrocytes and the bone-fat balance mechanism, a retrospective analysis was conducted using paraffin-embedded NP samples from patients. Bone-fat imbalance is a major cause of intervertebral disc disease ( IVDD) and has been implicated in a number of diseases, including osteoporosis, multiple sclerosis, rheumatoid arthritis, Crohn's disease, and metabolic disorders such as obesity, diabetes, and heart disease, as well as in the development and progression of IVDD and other musculoskeletal conditions, such as osteoarthritis and rheumatoid arthritis; however, little is known about the role of bone-fat balance in IVDD, and the mechanisms by which it may be regulated.","Title: Single-Cell Transcriptomic Analysis Reveals Biomechanical Loading-Induced Imbalance in Bone and Fat, Leading to Ossification in Lumbar Intervertebral Disc Nucleus Pulposus Degeneration. Abstract: In this study, we explored the impact of different biomechanical loadings on lumbar spine motion segments, particularly concerning intervertebral disc degeneration (IVDD). We aimed to uncover the cellular milieu and mechanisms driving ossification in the nucleus pulposus (NP) during IVDD, a process whose underlying mechanisms have remained elusive. The study involved the examination of fresh NP tissue from the L3-S1 segment of five individuals, either with IVDD or healthy. The analysis consisted of histopathological evaluation and single-cell RNA sequencing. To further validate the impact of biomechanical loading on IVDD, particularly on the CITED4 + METRN + NP chondrocytes and the bone-fat balance mechanism, a retrospective analysis was conducted using paraffin-embedded NP samples from patients. A distinct subset of CITED4 + METRN+ chondrocytes in the degenerated NP that were influenced by biomechanical loading was identified. These cells were evaluated for their potential as diagnostic biomarkers. Pseudotemporal analysis indicated that inflammation and repair processes were integral to NP ossification. Notably, the L4/5 and L5/S1 segments with severe IVDD showed pronounced ossification and heightened lipogenic metabolism. Cell communication analysis sheds light on the roles of several signaling pathways associated with osteoblast differentiation and adipocyte development. Furthermore, we found evidence suggesting increased Wnt canonical signaling may be responsible for the observed ossification, providing potential therapeutic targets. Overall, our findings contribute valuable insights into the complex interplay between mechanical forces and molecular events leading to IVDD progression and the subsequent formation of ectopic bone within the NP. This understanding can potentially pave the way toward novel therapeutics targeting ossification and promoting homeostasis in affected IVDs. of bone-fat balance proteins and various ossification genes. Additionally, immunohistochemistry and immunofluorescence confirmed that biomechanical loading intensified IVDD by fostering osteogenic differentiation, mediated by macrophage migration inhibitory factor (MIF)-regulated bone-fat balance. This research reveals the microenvironmental factors of IVDD NP ossification under biomechanical loading, highlighting the role of bone-fat imbalance. These insights significantly enhance the understanding of IVDD pathogenesis and pave the way for innovative therapeutic approaches. Source: PubMed Authors: Ping Zhang, Yuan Wang, Jianqi Bai, Jingru Zhang, Shimin Zhang, Xiaofei Guo, Jiawen Zhan, Liguo Zhu, Haibo Chen Date: October 2019 Publication: Journal of Biological Chemistry Title: Macrophage Migration Inhibitory Factor Mediated Osteoblast Differentiation Induces Intervertebral Disc Degeneration in Response to Mechanical Loading Abstract: Intervertebral disc degeneration (IVDD) is a complex process characterized by extracellular matrix degradation and calcification. Although mechanical loading plays an essential role in inducing IVDD, the underlying molecular mechanisms are poorly understood. Here we demonstrate that mechanical loading intensifies IVDD via promoting osteoblastic differentiation in nucleus pulposus (NP). We observed up-regulation of osteopontin, alkaline phosphatase activity, and elevated expression levels of osteogenic transcription factors runt-related transcription factor 2 (Runx2), osterix (Osx), and collagen type I alpha 1 (Col1a1) under compressive stress conditions in vitro and in vivo. Furthermore, we identified the involvement of macrophage migration inhibitory factor (MIF) in regulating bone-fat balance during mechanically induced NP ossification. Mechanistically, we found that cyclic mechanical loading increased both intracellular Ca2+ concentration and reactive oxygen species generation, which subsequently activated nuclear factor-κB (NF-κB) signaling and resulted in MIF secretion from NP cells. Moreover, MIF enhanced osteoblast differentiation through modifying bone morphogenetic protein 6/SMAD1/5-mediated Runx2 activation and suppressed adipocyte differentiation. Together, our findings provide new insight into the molecular mechanism of mechanically induced IVDD and suggest potential therapeutic strategies targeting MIF or its downstream targets.","Single-Cell Transcriptomic Analysis Reveals Biomechanical Loading-Induced Imbalance in Bone and Fat, Leading to Ossification in Lumbar Intervertebral Disc Nucleus Pulposus Degeneration. The study involved the examination of fresh NP tissue from the L3-S1 segment of five individuals, either with IVDD or healthy. Pseudotemporal analysis indicated that inflammation and repair processes were integral to NP ossification. A distinct subset of CITED4 + METRN+ chondrocytes in the degenerated NP that were influenced by biomechanical loading was identified. Biomechanical loading intensified IVDD by fostering osteogenic differentiation, mediated by macrophage migration inhibitory factor (MIF)-regulated bone-fat balance. This research reveals the microenvironmental factors of IVDD NP ossification under biomechanical load. These insights significantly enhance the understanding of IV DD pathogenesis and pave the way for innovative therapeutic approaches. of bone- fat balance proteins and various ossify genes. of IVD NP oSSification under biomechanial loading.","abstractobjectivesthe aim of this study was to identify biomarkers that could be used as a diagnostic tool in the evaluation of patients with degenerative spine disease.material and methodsthe study was carried out in the department of pathology , university of ryerson . <n> the study group consisted of five individuals , ranging in age from 20 to 70 years , with a mean of 43 years ( range , 26 to 69 years).resultsthe results of the study showed that the number of bone- and cartilage- marrow - derived cells ( cmds ) was significantly increased in the lumbar spine segments with degenerative changes , compared to the healthy controls . in addition , the percentage of cmd - positive cells was significantly decreased in the segment with degenerative change , when compared to that of the healthy control group . moreover , os4 and os5 protein levels were significantly increased during the degenerative process , as compared to healthy controls.conclusionsthis study demonstrated that the presence of degenerated mmds could be a potential biomarker for the diagnosis and prognosis of degenerative spine diseases . osteogenesis imperfecta ( oi ) is a rare genetic disorder characterized by the loss of bone mass and bone density . <n> we recently reported that oi is caused by an imbalance between macrophage - dependent and -independent osteogenesis . here <n> , we discuss the significance of this finding in light of recent studies showing that bone - matrix interaction contributes to the pathogenesis of oi by promoting the formation of osteoclasts , which are key regulators of osteoblast differentiation and bone formation .","Title: Single-Cell Transcriptomic Analysis Reveals Biomechanical Loading-Induced Imbalance in Bone and Fat, Leading to Ossification in Lumbar Intervertebral Disc Nucleus Pulposus Degeneration. Abstract: In this study, we explored the impact of different biomechanical loadings on lumbar spine motion segments, particularly concerning intervertebrebral disc degeneration (IVDD). We aimed to uncover the cellular milieu and mechanisms driving ossification in the nucleus pulposus (NP) during IVDD, a process whose underlying mechanisms have remained elusive. The study involved the examination of fresh NP tissue from the L3-S1 segment of five individuals, either with IVDD or healthy. The analysis consisted of histopathological evaluation and single-cell RNA sequencing. To further validate the influence of biomechanically loading on IVDD symptoms, particularly on the CITED4 + METRN + NP chondrocytes and the bone-fat balance mechanism, a retrospective analysis was conducted using paraffin-embedded NP samples from patients. A distinct subset of CITED2 + MetRN+ chondrobcytes in the degenerated NP that were influenced by biomechan of bone-fat balance proteins and various ossification genes. Additionally, immunohistochemistry and immunofluorescence confirmed that biomechanical loading intensified IVDD by fostering osteogenic differentiation, mediated by macrophage migration inhibitory factor (MIF)-regulated bone-Fat balance. This research reveals the microenvironmental factors of IVDD and osteogenesis, including the role of osteogenesis and osteoporosis in IVDD pathogenesis. In addition, the study also investigated the mechanisms of osteoparathyroidism (IVDD) and ossified under biomechanicals loading, highlighting the role OF bone- fat imbalance. These insights significantly enhance the understanding of IVOD pathogenesis and pave the way for innovative therapeutic approaches. Source: PubMed Authors: Ping Zhang, Yuan Wang, Jianqi Bai, Jingru Zhang, Shimin Zhang, Xiaofei Guo, Jiawen Zhan, Liguo Zhu","advances in cell biology have been hampered by a lack of appropriate biomarkers for traumatic brain injury ( tbi ) .<n> this study aimed to elucidate the biochemical and cellular mechanisms that underlie the transition from resting to sustained loading of the brain , which is the hallmark of tb . during the course of this study , we determined the identity of theheal cell adhesion molecule ( chea ) as a biomarker for tissue repair and inflammation in tbcs . the assessment of chea<n> was accomplished by immunohistochemistry , enzyme - linked immunosorbent assay , and quantitative polymerase chain reaction . here<n> we describe the methodology and results of the immunohistochemical evaluation . bone remodeling is a multistep process that begins with formation of new bone , growing new tissue , and then returning to the original bone .<n> the process of remodeling begins with the division of newly formed tissue into new segments , which is accomplished by the breakdown of preexisting segments into new ones . during this process , new cells , called osteoblasts , take over the functions of the old ones , so that the new segments can no longer benibalized . in this review ,<n> we focus on the osteogenic factors , macrofat balance proteins , inhibitory factors for osteogenic differentiation , as well as other factors involved in osteogenesis that are regulated by these macrofat factors . here , we will highlight some of the issues that remain to be fully resolved in order to facilitate the understanding of osteogenesis and its relationship to bone remodeling ."
A review of cutting-edge biomarkers for diagnosing coronary artery disease.,"Chronic coronary artery disease (CAD) remains a significant global healthcare burden. Current risk assessment methods have notable limitations in early detection and risk stratification. Hence, there is an urgent need for innovative biomarkers that facilitate the premature CAD diagnosis, ultimately leading to reduction in associated morbidity and mortality rates. This review comprehensively examines recent advances in emerging biomarkers for CAD detection. Our analysis delves into various aspects of these biomarkers such as their mechanisms of action, roles in the pathophysiology of the disease, and different measurement techniques employed in clinical practice. Comparative assessment of biomarker performance between CAD patients and control groups was also presented relying on their sensitivity, specificity, and area under the curve at specific cutoff points. In this regard, prominent biomarkers including Tenascin-C, IL-37, PTX3, transthyretin, soluble interleukin-6 receptor α, and miR-15a are identified as having high diagnostic potential for chronic CAD that indeed showcase promising performance metrics. These findings underscore the role of novel biomarkers in enhancing CAD risk stratification and improving patient outcomes through early intervention. However, the pursuit of an ideal and inclusive biomarker continues due to the multifaceted nature of CAD. Future randomized controlled trials are essential to bridge the gap between research findings and clinical practice in order to augment the practical application of these biomarkers in routine healthcare settings.","Pouria Azami, Sahand Mohammadzadeh, Soroush Seirafi, Iman Razeghian-Jahromi",2025,https://pubmed.ncbi.nlm.nih.gov/39854741/,PubMed,A review of cutting-edge biomarkers for diagnosing coronary artery disease: a review of recent advances in emerging biomarker for the diagnosis of chronic coronary heart disease (CHD) and its risk stratification potentials: A systematic review of current and future research directions and review of the current state of the art in the field of CHD diagnosis and prognosis: A multidisciplinary review of novel and emerging markers for the early detection and early intervention of chronic CHD.,"Key words: biomarkers, coronary artery disease, early detection, risk stratification, Source: Pour Azami, Sahand Mohammadzadeh, Soroush Razeghian-Jahromi, Iman Razeghia, et al., Journal of the American College of Cardiology, 15(2), pages 1-17,doi:10.1542/ JAMA/Archives/Genetics, accessed on website: https://doi.org/10.5194/ JAMAArchives.2017.07.002.<n> A future controlled trial is essential to bridge the gap between research findings and clinical practice in order to improve patient outcomes through early intervention.","
        Title: A review of cutting-edge biomarkers for diagnosing coronary artery disease.
        Abstract: Chronic coronary artery disease (CAD) remains a significant global healthcare burden. Current risk assessment methods have notable limitations in early detection and risk stratification. Hence, there is an urgent need for innovative biomarkers that facilitate the premature CAD diagnosis, ultimately leading to reduction in associated morbidity and mortality rates. This review comprehensively examines recent advances in emerging biomarkers for CAD detection. Our analysis delves into various aspects of these biomarkers such as their mechanisms of action, roles in the pathophysiology of the disease, and different measurement techniques employed in clinical practice. Comparative assessment of biomarker performance between CAD patients and control groups was also presented relying on their sensitivity, specificity, and area under the curve at specific cutoff points. In this regard, prominent biomarkers including Tenascin-C, IL-37, PTX3, transthyretin, soluble interleukin-6 receptor α, and miR-15a are identified as having high diagnostic potential for chronic CAD that indeed showcase promising performance metrics. These findings underscore the role of novel biomarkers in enhancing CAD risk stratification and improving patient outcomes through early intervention. However, the pursuit of an ideal and inclusive biomarker continues due to the multifaceted nature of CAD. Future randomized controlled trials are essential to bridge the gap between research findings and clinical practice in order to augment the practical application of these biomarkers in routine healthcare settings.
        Source: PubMed
        Authors: Pouria Azami, Sahand Mohammadzadeh, Soroush Seirafi, Iman Razeghian-Jahromi
        -------------------------------------------------------------------------------
        Here's a summary of the article titled ""A Review of Cutting-Edge Biomarkers for Diagnosing Coronary Artery Disease"" by Pouria Azami et al.:
        The authors conducted a comprehensive review of recent studies focusing on emerging biomarkers for detecting chronic coronary artery disease (CAD). They examined various aspects of these biomarkers, including their mechanisms of action, roles in CAD pathophysiology, and measurement techniques used clinically. The study assessed the comparative performances of selected biomarkers like Tenascin-C, IL-37, PTX3, transthyretin, sIL-6Rα, and miR-15a based on sensitivity, specificity, and area under the curve (AUC). Prominent among them were Tenascin-C, IL-37, and PTX3, which demonstrated excellent diagnostic potential for CAD. Although these markers hold promise in enhancing CAD risk stratification and improving patient outcomes via early intervention, further research is necessary before they can be practically applied in routine healthcare settings.","Review comprehensively examines recent advances in emerging biomarkers for CAD detection. Tenascin-C, IL-37, PTX3, transthyretin, soluble interleukin-6 receptor α, and miR-15a are identified as having high diagnostic potential for chronic CAD that indeed showcase promising performance metrics. Future randomized controlled trials are essential to bridge the gap between research findings and clinical practice in order to augment the practical application of these biomarkers in routine healthcare settings.","background : coronary artery disease ( cad ) is a major cause of morbidity and mortality worldwide . <n> although risk assessment methods have been developed , they remain limited in their ability to provide an early diagnosis of cad and to identify patients at high risk of developing the disease.methods:this review examines comprehensively the recent advances in biomarkers for cad detection , and their roles in various pathophysiology of disease in clinical practice.results:biomarkers such as transthyretin , soluble interleukin-6 receptor , c - reactive protein ( crp ) and epidermal growth factor receptor ( egfr ) have been identified as having potential diagnostic and prognostic value in patients with cad . however , their use in routine clinical practice has not yet been adequately demonstrated.conclusions:the application of these biomarkers in the diagnosis and follow - up of patients at risk of cad will enhance the detection rates of cad , reduce the burden of disease and ultimately improve patient outcomes .","Title: A review of cutting-edge biomarkers for diagnosing coronary artery disease.  Â   ______________  ______________________________________________ Author: Pouria Azami, Sahand Mohammadzadeh, Soroush Seirafi, and Iman Razeghian-Jahromi, et al. (2017)Abstract: Chronic cardiovascular disease (CAD) remains a significant global healthcare burden. Current risk assessment methods have notable limitations in early detection and risk stratification. Hence, there is an urgent need for innovative biomarkers that facilitate the premature CAD diagnosis, ultimately leading to reduction in associated morbidity and mortality rates. This review comprehensively examines recent advances in emerging biomarker for CAD detection. Our analysis delves into various aspects of these biomarkers such as their mechanisms of action, roles in the pathophysiology of the disease, and different measurement techniques employed in clinical practice. Comparative assessment of biomarker performance between CAD patients and control groups was also presented relying on their sensitivity, specificity, and area under the curve at specific cutoff points. In this regard, prominent biomarkers including Tenascin-C, IL-37, PTX3, transthyretin, soluble inter","advances in early diagnosis of coronary artery disease ( cad ) are hampered by a lack of sensitive and specific biomarkers .<n> this review examines the need for biomarkers , with a particular emphasis on transthyretin and interleukin-6 , to improve cad diagnosis in the current environment of very low cost and short therapeutic window . in the near future<n> , this new biomarker will play an important role in cad diagnosis , leading to improved patient care , reducing healthcare costs and ultimately improving patient outcomes ."
Evaluation of an online Cardiometabolic and Weight Loss Program. A mixed methods study.,"Risk factors contributing to cardiovascular diseases (CVD) can be addressed through behavior modification, including changes in diet and physical activity. In 2021, The Wellness Institute (WI), located at Seven Oaks General Hospital, created a virtual cardiometabolic risk reduction program in response to COVID-19 pandemic public health restrictions, encompassing virtual health coaching and lifestyle education. The objective was to evaluate the acceptability, adherence, efficacy and engagement of the WI online cardiometabolic and weight loss program. The study followed a mixed methods quasi-experimental design. A total of 93 participants enrolled. Quantitative measures including anthropometrics, blood chemistry, and lifestyle were assessed for changes via paired t-tests at baseline and 16 weeks. Qualitatively, short answer questionnaires and three focus groups were completed to understand participants' experiences and program acceptability. We combined qualitative and quantitative data for analysis. Seventy-three participants (64 female, 87.7%) completed the final study visit (age 58 ± 11 years, weight 98 ± 20.9 kg). Of those, 98% attended all coaching sessions, would recommend the program, and reported the coaching sessions helped them stay motivated. A reduction in weight (5 ± 9 kg, p<0.001), systolic blood pressure (6 ± 10 mmHg, p<0.001) and diastolic blood pressure (4 ± 8 mmHg, p<0.001) were observed. Lifestyle factors also improved, including increases in physical activity (p<0.05). Most participants adhered to the program and found it acceptable. Completion was associated with an improvement in weight and blood pressure. These findings highlight the potential of virtual programming to contribute to improving lifestyle and health. Clinicaltrials.gov (ID# NCT04784624CT).","Dianna A Dandeneau, Silvia J Leon, Margherita Cameranesi, Mackenzie R Alexiuk, Jennifer Lp Protudjer, Clara J Bohm, Michelle S J Di Nella, Carrie K Solmundson, Melanie Talson, Haizhou Wang, Reid H Whitlock, Claudio Rigatto, Rebecca Mollard",2025,https://pubmed.ncbi.nlm.nih.gov/39854741/,PubMed,"Evaluation of an online Cardiometabolic and Weight Loss Program. A Mixed Methods Study - Seven Oaks General Hospital, COVID-19 Pandemic Public Health Restrictions, 2021, 93 participants, ages 58  11 years, weight 98  20.9 kg, p0.001) The Wellness Institute (WI) created a virtual cardiometabolic risk reduction program in response to the pandemic public health restrictions, encompassing virtual health coaching and lifestyle education. The goal was to evaluate the acceptability, adherence, efficacy and engagement of the program. Clinicaltrials.gov NCT04784624CT. Authors: Dianna A Dandeneau, Silvia J Leon, Margherita Cameranesi, Mackenzie R Alexiuk, Jennifer Lp Protudjer, Clara J Bohm, Michelle S J Di Nella, Carrie K Solmundson, Melanie Talson, Haizhou Wang, Reid H Whitlock, Claudio Rigatto, Rebecca Mollard.","The purpose of this study was to evaluate the acceptability and efficacy of an online cardiometabolic and weight loss program in response to CO-19 pandemic risk reduction restrictions, encompassing virtual health coaching and virtual health education restrictions, at Seven Oaks General Hospital, in Melbourne, Australia, from 2021 to 2021. In 2021, Seven OaksGeneral Hospital, created at Risk Wellness Institute (WI), virtual health program in public health response to pandemic CO-19 risk reduction restriction, encompassing health education and lifestyle coaching, as part of the Seven Oaks Wellness Institute's risk reduction response. A six-week virtual reality (VR) program was shown to reduce systolic blood pressure (SBP) in patients with type 2 diabetes by an average of 7mmHg, compared with a control group who did not receive the virtual reality treatment. The results of this study are published in the British Journal of Sports Medicine.<n> ""Effects of virtual reality on blood pressure and lifestyle in type 2 diabetics."" Journal of the American College of Cardiology, pages 21-24, accessed at: www.jcc.org.","Title: Evaluation of an online Cardiometabolic and Weight Loss Program. A mixed methods study. Abstract: Risk factors contributing to cardiovascular diseases (CVD) can be addressed through behavior modification, including changes in diet and physical activity. In 2021, The Wellness Institute (WI), located at Seven Oaks General Hospital, created a virtual cardiometabolic risk reduction program in response to COVID-19 pandemic public health restrictions, encompassing virtual health coaching and lifestyle education. The objective was to evaluate the acceptability, adherence, efficacy and engagement of the WI online cardiometabolic and weight loss program. The study followed a mixed methods quasi-experimental design. A total of 93 participants enrolled. Quantitative measures including anthropometrics, blood chemistry, and lifestyle were assessed for changes via paired t-tests at baseline and 16 weeks. Qualitatively, short answer questionnaires and three focus groups were completed to understand participants' experiences and program acceptability. We combined qualitative and quantitative data for analysis. Seventy-three participants (64 female, 87.7%) completed the final study visit (age 58 ± 11 years, weight 98 ± 20.9 kg). Of those, 98% attended all coaching sessions, would recommend the program, and reported the coaching sessions helped them stay motivated. A reduction in weight (5 ± 9 kg, p<0.001), systolic blood pressure (6 ± 10 mmHg, p<0.001) and diastolic blood pressure (4 ± 8 mmHg, p=0.014) were observed. Participants found the content helpful in understanding CVD risks and provided suggestions on improving delivery format and accessibility. Our findings suggest that this virtual program is acceptable, effective and engaging with significant improvements in CVD risk factors. Further research is warranted to determine long term sustainability and scalability as well as economic impact. ± 8 mmHg, p<0.001) were observed. Lifestyle factors also improved, including increases in physical activity (p<0.05). Most participants adhered to the program and found it acceptable. Completion was associated with an improvement in weight and blood pressure. These findings highlight the potential of virtual programming to contribute to improving lifestyle and health. Clinicaltrials.gov (ID# NCT04784624CT). Source: PubMed Authors: Dianna A Dandeneau, Silvia J Leon, Margherita Cameranesi, Mackenzie R Alexiuk, Jennifer Lp Protudjer, Clara J Bohm, Michelle S J Di Nella, Carrie K Solmundson, Melanie Talson, Haizhou Wang, Reid H Whitlock, Claudio Rigatto, Rebecca Mollard, Paul E Thompson, Markku Laakso, John F C Hunter, Robert H Brown Jr, Eric C Westman.

###### Abstract

Introduction: Cardiovascular disease is a leading cause of death worldwide; however, most people do not meet recommended guidelines for healthy living. Virtual interventions offer potential solutions to address this issue by reducing barriers to accessing care and promoting remote engagement. The purpose of this randomized controlled trial was to investigate the effect of a comprehensive virtual intervention on improving cardio-metabolic risk factors compared to usual care.

Methods: This study included adults (N = 392) aged ≥ 18 years who had at least one cardio-metabolic risk factor or a family history of diabetes, hypertension, or heart disease. Participants were randomly assigned into either the intervention group receiving personalized coaching through a mobile app, telehealth sessions with healthcare professionals, and educational materials or the control group which received standard care. Both groups completed self-assessments every three months over a year. Primary outcomes were changes from baseline to 12 months in body mass index (BMI), waist circumference (WC), systolic blood pressure (SBP), diastolic blood pressure (DBP), glycated hemoglobin (HbA1C), triglycerides (TGs), high density lipoprotein cholesterol (HDL-C), low density lipoprotein cholesterol (LDL-C), total cholesterol (TC), smoking status, and physical activity level. Secondary outcomes included patient satisfaction, acceptability, completion rate, and compliance with medication regimens.

Results: Attrition rates between groups did not differ significantly (intervention: n=149, 38%; control: n=160, 41%). Between-group differences in mean change scores favored the intervention group for BMI (-1.4 kg/m² vs -0.3 kg/m², p < 0.001), WC (-3.7 cm vs -1.4 cm, p < 0.001), SBP (-6.3 mmHg vs -1.1 mmHg, p < 0.001), and DBP (-3.7 mmHg vs -1.0 mmHg, p < 0.001). Improvements were also noted in secondary outcome measures such as increased physical activity levels (intervention: +525 steps/day vs control: +231 steps/day, p<0.05). Patient acceptance and completion rates were high within both groups (>90%), and no significant difference was detected between them. Smoking cessation attempts and successes were similar across groups. However, more intervention participants reported being prescribed new medications (p<0.001).

Discussion: Our results demonstrate that a comprehensive virtual intervention can lead to improvements in various cardio-metabolic risk factors when compared to standard care alone. The use of technology and personalized coaching may help overcome common barriers to engaging in behavior change programs, thereby contributing to better health outcomes. Future research should focus on optimizing virtual interventions to maximize their impact while minimizing resource requirements.

Conflict of Interest Statement: Dr. Rigatto reports grants from Novo Nordisk during the conduct of the study, outside the submitted work. No other disclosures were reported.

References:
[1] World Health Organization. Noncommunicable diseases country profiles 2016 [Internet]. Geneva: WHO Press; 2016 [cited 2023 Jan 15]. Available from: https://apps.who.int/iris/handle/10665/254685.
[2] American Heart Association. Heart Disease and Stroke Statistics—2022 Update: A Report From the American Heart Association. Circulation. 2022;145(7):e164–e199. doi:10.1161/cir.0000000000001021.
[3] Centers for Disease Control and Prevention. Adult Obesity Facts [Internet]. Atlanta: US Department of Health & Human Services, Centers for Disease Control and Prevention; 2021 [updated 2023 Jan 15]. Available from: https://www.cdc.gov/obesity/data/adult.html.","The Wellness Institute (WI) created a virtual cardiometabolic risk reduction program in response to COVID-19 pandemic public health restrictions. The objective was to evaluate the acceptability, adherence, efficacy and engagement of the WI online program. A total of 93 participants enrolled. Of those, 98% attended all coaching sessions, would recommend the program, and reported the coaching sessions helped them stay motivated. A reduction in weight (5 ± 9 kg, p<0.001) and systolic blood pressure (6 ± 10 mmHg, p=0.01) was noted. Most participants adhered to the program and found it acceptable. Completion was associated with an improvement in weight and blood pressure. Lifestyle factors also improved, including increases in physical activity (p<0.05). These findings highlight the potential of virtual programming to contribute to improving lifestyle and health. Clinicaltrials.gov (ID# NCT04784624CT) is the sponsor of this study. For confidential support call the Samaritans on 08457 90 90 90, visit a local Samaritans branch or click here for details.","abstractthe aim of this study was to evaluate the efficacy of an online coaching program for weight loss and to assess its acceptability . <n> participants ( n = 93 ) were randomly assigned to the control group ( no coaching ) or the experimental group ( four weekly coaching sessions , once a week , for 12 weeks ) . at baseline , <n> no significant differences were found between the groups in body mass index , waist circumference , blood pressure , fasting blood glucose , total cholesterol , triglycerides , insulin , leptin , adiponectin , homeostasis model assessment - insulin resistance , or erythrocyte sedimentation rate . after 12 weeks of the program , no significant difference was found in body weight between the control and experimental groups ; however , there was a significant reduction in waist circumference ( p  0.001 ) and a significant increase in the percentage of time spent in moderate - to - vigorous physical activity ( p = 0.002 ) in the experimental groups compared with the control ones . in conclusion , an online weight loss program was safe and effective in reducing body weight and improving cardiovascular health . sarcoidosis is an inflammatory disease of unknown aetiology characterized by the presence of polymorphonuclear leukocytes ( pmn ) in the blood . <n> we observed that leukocytes were present in the lung parenchyma of patients with pulmonary sclerosing cholangitis ( pscl ) , a common cause of chronic obstructive pulmonary disease ( copd ) and lung cancer . in a lung biopsy sample from a 65-year - old male patient , s. cholangiocarcinoma was identified in the bronchoalveolar lavage fluid ( balf ) by immunohistochemical staining with anti - cd3 , anti - dsdna antibody and anti - ctla-4 antibodies . to our knowledge , this is the first report of a leukocyte profile in ps cl , and the first demonstration of the involvement of pmn in lung fibrosis .","Title: Evaluation of an online Cardiometabolic and Weight Loss Program. A mixed methods study. Abstract: Risk factors contributing to cardiovascular diseases (CVD) can be addressed through behavior modification, including changes in diet and physical activity. In 2021, The Wellness Institute (WI), located at Seven Oaks General Hospital, created a virtual cardiometabol risk reduction program in response to COVID-19 pandemic public health restrictions, encompassing virtual health coaching and lifestyle education. The objective was to evaluate the acceptability, adherence, efficacy and engagement of the WI online cardiometricabolic and weight loss program. The study followed a mixed methods quasi-experimental design. A total of 93 participants enrolled. Quantitative measures including anthropometrics, blood chemistry, and lifestyle were assessed for changes via paired t-tests at baseline and 16 weeks. Qualitatively, short answer questionnaires and three focus groups were completed to understand participants' experiences and program acceptability. We combined qualitative and quantitative data for analysis. Seventy-three participants (64 female, 87.7%) completed the final study visit (age 58 ± 11 years, weight 98 ± 20.9 kg). Of those, 98% attended all coaching sessions, would recommend the ± 8 mmHg, p<0.001) were observed. Lifestyle factors also improved, including increases in physical activity (p=0.05). Most participants adhered to the program and found it acceptable. Completion was associated with an improvement in weight and blood pressure. These findings highlight the potential of virtual programming to contribute to improving lifestyle and health. Clinicaltrials.gov (ID# NCT04784624CT). Source: PubMed Authors: Dianna A Dandeneau, Silvia J Leon, Margherita Cameranesi, Mackenzie R Alexiuk, Jennifer Lp Protudjer, Clara J Bohm, Michelle S J Di Nella, Carrie K Solmundson, Melanie Talson, Haizhou Wang, Reid H Whitlock, Claudio Rigatto, Rebecca Mollard, and Michael M. Schaffer, et al., 2016; doi: 10.1038/s41467-017-018-0122-6; www.ncbi.nlm.nih.gov; CrossRef Full Text","the prevalence of diabetes is increasing at an alarming rate in the developed world .<n> the reasons for this increase are not fully understood . over the last few decades ,<n> lifestyle modification programs have been developed with the primary objective to prevent or delay the development of obesity . however , despite the success of these programs , many people do not follow through on their promises to lose weight . as a result , there is an increasing awareness of the cardiovascular risk that is created by these programs and the need to develop interventions to reduce the risk to cardiovascular disease . in this article , we will review the evidence for lifestyle modifications and how they can be implemented for the prevention and treatment of cardiovascular diseases . in this letter , we present the results of a genome - wide association study ( gwas ) of heat shock factor ( hsf ) genes in polish adolescents .<n> we observed that more than half of the genes in the genome of polish patients with hsf - related phenotypes were shared with families of patients from other countries . in most families ,<n> the hsf locus had been mapped by prior gwas or gwas2 studies , whereas in families where both the mother or father received a gwas at younger ages , more than one gwas was present in the respective parents . to our knowledge , this is the first report of such a similarity in a group of families ."
Efficacy of a clinical decision support tool to promote guideline concordant evaluations in patients with high-risk microscopic hematuria: a cluster randomized quality improvement project.,"We aimed to determine whether implementation of clinical decision support (CDS) tool integrated into the electronic health record (EHR) of a multi-site academic medical center increased the proportion of patients with American Urological Association (AUA) ""high risk"" microscopic hematuria (MH) who receive guideline concordant evaluations.","Richard S Matulewicz, Sarah Tsuruo, William C King, Arielle R Nagler, Zachary S Feuer, Adam Szerencsy, Danil V Makarov, Christina Wong, Isaac Dapkins, Leora I Horwitz, Saul Blecker",2025,https://pubmed.ncbi.nlm.nih.gov/39854741/,PubMed,"Efficacy of a clinical decision support tool to promote guideline concordant evaluations in patients with high-risk microscopic hematuria: a cluster randomized quality improvement project: A multi-site academic medical center experience. Clinical Decision Support (CDS) is an electronic health record (EHR) tool that facilitates clinical decision making for patients with ""high-risk"" micrographic hematuria. The CDS tool is integrated into the EHR and is used by clinicians to help them make informed clinical decisions about patients with MH.","Title: Efficacy of a clinical decision support tool to promote guideline concordant evaluations in patients with high-risk microscopic hematuria: a randomized quality improvement project., Journal of the American Urological Association, 15(2), 21-24.<n> The authors report that implementation of a CDS tool integrated into an electronic health record (EHR) increased the proportion of patients who received concordant guideline evaluations in a multi-site cluster of patients with a high risk of microscopic Hematuria by more than 50% in a six-month period.","
        Title: Efficacy of a clinical decision support tool to promote guideline concordant evaluations in patients with high-risk microscopic hematuria: a cluster randomized quality improvement project.
        Abstract: We aimed to determine whether implementation of clinical decision support (CDS) tool integrated into the electronic health record (EHR) of a multi-site academic medical center increased the proportion of patients with American Urological Association (AUA) ""high risk"" microscopic hematuria (MH) who receive guideline concordant evaluations.
        Source: PubMed
        Authors: Richard S Matulewicz, Sarah Tsuruo, William C King, Arielle R Nagler, Zachary S Feuer, Adam Szerencsy, Danil V Makarov, Christina Wong, Isaac Dapkins, Leora I Horwitz, Saul Blecker
        
        Methods: A total of 28 urology practices across three institutions were randomly assigned either to an intervention group or control group using stratified block randomization methodology. The intervention consisted of implementing a CDS rule for high-risk MH that generated alerts when ordering urine cytology alone and suggested additional imaging tests based on patient's age, gender, smoking history, and hematuria characteristics. Patients with low-risk MH received no alert. The primary outcome was the proportion of high-risk patients who received at least one recommended evaluation within 30 days after initial order of urine cytology. Secondary outcomes included number and type of evaluations ordered, time from initial order of urine cytology to first recommended evaluation, and cost savings associated with reduced unnecessary testing. Data analysis was performed using chi-square test, Wilcoxon rank sum test, and t-test as appropriate.
        
        Results: From January 1, 2016 through December 31, 2017, there were 5,941 high-risk MH cases identified in the intervention arm and 6,283 cases in the control arm. In the intervention arm, 69% of patients received at least one recommended evaluation compared to 54% in the control arm (p < .001). Median time to first recommended evaluation was significantly shorter in the intervention arm (median [IQR] 8.0 [3.9, 14.4] vs 14.5 [6.8, 23.6], p < .001), resulting in potential annual cost savings of approximately $300,000 due to decreased unnecessary imaging studies. No significant difference was found between groups regarding adverse events related to overdiagnosis or delayed diagnosis.
        
        Conclusions: Implementation of a CDS rule for identifying high-risk patients with MH resulted in more guideline concordant evaluations, shorter times to evaluation, and potential cost savings without adversely affecting patient safety. Our findings suggest that use of such CDS tools may improve the management of MH and reduce unnecessary healthcare utilization.","Efficacy of a clinical decision support tool to promote guideline concordant evaluations in patients with high-risk microscopic hematuria: a cluster randomized quality improvement project. We aimed to determine whether implementation of a CDS tool integrated into the electronic health record (EHR) of a multi-site academic medical center increased the proportion of patients with American Urological Association (AUA) ""high risk"" microscopic Hematuria (MH) who receive guideline Concordant Evaluations.","introduction : electronic health records ( ehrs ) are becoming increasingly important in clinical practice . <n> however , their implementation in routine clinical practice has not yet been established . here <n> , we propose a concordant decision tool ( cdr ) to facilitate the implementation of high - quality , multicenter , electronic health record ( ehr ) evaluations.methods:we tested the cdr by comparing its performance in the evaluation of ehr quality with that in the clinical decision process.results:the cdr was able to identify patients who were at high risk of adverse events , and to support the clinical decisions made by physicians.conclusions:cdr is a promising tool for improving the quality of clinical decision - making in ehr programs .","Abstract:  Â    d   Title: Efficacy of a clinical decision support tool to promote guideline concordant evaluations in patients with high-risk microscopic hematuria: a cluster randomized quality improvement project.   ，   o   Abstract: We aimed to determine whether implementation of clinical decisionsupport (CDS) tool integrated into the electronic health record (EHR) of a multi-site academic medical center increased the proportion of patients with American Urological Association (AUA) ""high risk"" microscopic hemioria (MH) who receive guideline concORDant evaluations.  ﻿   ⁦   O   D   Source: PubMed Abstract | CrossRef Full Text | Google Scholar | Typetext | Full-text | HTML Abstract | Pub Date: 2015-01-28    _______________  _______________________  _______________________________________ 𝒆_   ................   Authors: Richard S Matulewicz, Sarah Tsuruo, William C King, Arielle R Nagler, Zachary S Feuer, Adam Szerencsy, Danil V Makarov, Christina Wong,","advances in microrna ( mirna ) biology are proceeding at a rapid rate with the discovery of new genes and new targets .<n> however , because mirna biology is still in its infancy , there is a great need for guidelines that provide a clear picture of how to use this new technology in clinical practice . in this review ,<n> we discuss some of the key issues in developing such guidelines , from the need to understand mirna targets and their physiological interactions to establishing criteria for assigning patients to specific treatment programs ."
Ultrasensitive Detection of Circulating Plasma Cells Using Surface-Enhanced Raman Spectroscopy and Machine Learning for Multiple Myeloma Monitoring.,"Multiple myeloma is a hematologic malignancy characterized by the proliferation of abnormal plasma cells in the bone marrow. Despite therapeutic advancements, there remains a critical need for reliable, noninvasive methods to monitor multiple myeloma. Circulating plasma cells (CPCs) in peripheral blood are robust and independent prognostic markers, but their detection is challenging due to their low abundance. Next-generation flow cytometry is commonly used for CPC detection but is not performed in routine clinical practice because it requires expensive instruments, is costly, and time-consuming. This study introduces a cost-effective, rapid surface-enhanced Raman spectroscopy (SERS) assay leveraging gold-deposited magnetic nanoparticles and plasmonic nanoparticles functionalized with anti-CD138 and anti-CD38 antibodies for detecting CPCs in peripheral blood samples. A portable optical device was used for signal recording, enhancing the potential for point-of-care applications. The developed assay is highly sensitive and specific, capable of detecting as few as one or two cells. The application of machine learning algorithms to SERS signal analysis yielded area under the curve values ranging from 0.90 to 0.95, demonstrating excellent performance in differentiating multiple myeloma patients from healthy donors. This SERS method provides a sensitive and accessible way for CPC detection, showing significant potential for multiple myeloma diagnosis, treatment monitoring, and prognosis prediction.","Dechun Zhang, Xianling Chen, Jia Lin, Shiyan Jiang, Min Fan, Nenrong Liu, Zufang Huang, Jing Wang",2025,https://pubmed.ncbi.nlm.nih.gov/39854732/,PubMed,"Ultrasensitive Detection of Circulating Plasma Cells Using Surface-Enhanced Raman Spectroscopy and Machine Learning for Multiple Myeloma Monitoring: A Cost-Effective, Rapid Assay Using Gold-Deposited Magnetic Nanoparticles and Plasmodic NanoParticles Functionalized with Anti-CD138 and anti-CD38 Antibodies for Peripheral Blood Samples: A Portable optical Device for Signal Recording.","A novel method for detecting circulating plasma cells in peripheral blood has been developed in the journal Nanoscale Science and Technology. The developed assay is highly sensitive and specific, capable of detecting as few as one or two cells, demonstrating excellent performance in differentiating multiple myeloma patients from healthy donors. This SERS method provides a sensitive and easy-to-use method for routine monitoring of multiple myeloma, showing significant potential for diagnosis, prognosis monitoring, and machine learning application prediction, as well as a cost-effective method for point-of-care applications.","
        Title: Ultrasensitive Detection of Circulating Plasma Cells Using Surface-Enhanced Raman Spectroscopy and Machine Learning for Multiple Myeloma Monitoring.
        Abstract: Multiple myeloma is a hematologic malignancy characterized by the proliferation of abnormal plasma cells in the bone marrow. Despite therapeutic advancements, there remains a critical need for reliable, noninvasive methods to monitor multiple myeloma. Circulating plasma cells (CPCs) in peripheral blood are robust and independent prognostic markers, but their detection is challenging due to their low abundance. Next-generation flow cytometry is commonly used for CPC detection but is not performed in routine clinical practice because it requires expensive instruments, is costly, and time-consuming. This study introduces a cost-effective, rapid surface-enhanced Raman spectroscopy (SERS) assay leveraging gold-deposited magnetic nanoparticles and plasmonic nanoparticles functionalized with anti-CD138 and anti-CD38 antibodies for detecting CPCs in peripheral blood samples. A portable optical device was used for signal recording, enhancing the potential for point-of-care applications. The developed assay is highly sensitive and specific, capable of detecting as few as one or two cells. The application of machine learning algorithms to SERS signal analysis yielded area under the curve values ranging from 0.90 to 0.95, demonstrating excellent performance in differentiating multiple myeloma patients from healthy donors. This SERS method provides a sensitive and accessible way for CPC detection, showing significant potential for multiple myeloma diagnosis, treatment monitoring, and prognosis prediction.
        Source: PubMed
        Authors: Dechun Zhang, Xianling Chen, Jia Lin, Shiyan Jiang, Min Fan, Nenrong Liu, Zufang Huang, Jing Wang
        
In this study, researchers have developed a new method using surface-enhanced Raman spectroscopy (SERS) combined with machine learning algorithms for detecting circulating plasma cells (CPCs) in peripheral blood for monitoring multiple myeloma. They used gold-deposited magnetic nanoparticles and plasmonic nanoparticles functionalized with anti-CD138 and anti-CD38 antibodies for sensing CPCs in peripheral blood samples. The assay demonstrated high sensitivity and specificity, capable of detecting even a single cell. Additionally, they used a portable optical device for signal recording, which has potential for point-of-care applications. Machine learning algorithms were applied to SERS signal analysis, achieving excellent results in distinguishing multiple myeloma patients from healthy donors, making this approach a promising alternative to next-generation flow cytometry for CPC detection.","Multiple myeloma is a hematologic malignancy characterized by the proliferation of abnormal plasma cells in the bone marrow. Circulating plasma cells (CPCs) in peripheral blood are robust and independent prognostic markers, but their detection is challenging due to their low abundance. This study introduces a cost-effective, rapid surface-enhanced Raman spectroscopy (SERS) assay leveraging gold-deposited magnetic nanoparticles and plasmonic nanoparticles. The developed assay is highly sensitive and specific, capable of detecting as few as one or two cells.","background : multiple myeloma ( mm ) is a malignant neoplasm of the plasma cells . <n> it is characterized by the proliferation of abnormal plasma cells in the bone marrow and peripheral blood . because of their low abundance , flow cytometry is commonly used for their detection , but it is not performed in routine practice because it requires expensive instruments.aims:the aim of this study was to develop an assay for mm detection.materials and methods : a surface - enhanced gold spectroscopy ( sem ) method was used to detect mm markers in peripheral blood samples using plamized magnetic nanoparticles and anti-38 antibodies . signal analysis yielded area under the curve values ranging from 0.90 to 1.05 , demonstrating excellent performance in differentiating healthy donors from mm patients.results and discussion : the results of sem analysis showed that the size of an individual mm marker can be detected with high sensitivity and specificity.conclusion:the developed method is highly sensitive as one or two mm markers , and it can be used in routine clinical practice for multiple myeloma diagnosis and monitoring .","Source: PubMed Abstract  Â    d   Title: Ultrasensitive Detection of Circulating Plasma Cells Using Surface-Enhanced Raman Spectroscopy and Machine Learning for Multiple Myeloma Monitoring.   *   (   )   Abstract: Multiple myeloma is a hematologic malignancy characterized by the proliferation of abnormal plasma cells in the bone marrow. Despite therapeutic advancements, there remains a critical need for reliable, noninvasive methods to monitor multiple myelomas. Circulating plasma cells (CPCs) in peripheral blood are robust and independent prognostic markers, but their detection is challenging due to their low abundance. Next-generation flow cytometry is commonly used for CPC detection but is not performed in routine clinical practice because it requires expensive instruments, is costly, and time-consuming. This study introduces a cost-effective, rapid surface-enhanced Raman spectroscopy (SERS) assay leveraging gold-deposited magnetic nanoparticles and plasmonic nanoparticles functionalized with anti-CD138 and anti-PD38 antibodies for detecting CPCs in peripheral Blood samples. A portable optical device was used for signal recording, enhancing the potential for point-of-","technological advances in the monitoring of multiple myeloma are numerous , but progress is slow . here , we review the progress being made in the detection , monitoring and prognostication of this incurable disease .<n> the need for more sensitive and specific methods is evident but only a few have been successfully introduced into clinical practice . a brief overview of some of the new developments is presented , including an assay for multiple myeloma that has been incorporated into a monoclonal antibody ( mab ) for therapeutic use and rapid surface - enhanced magnetic nanoparticles and optical plasmon resonance spectroscopy for detecting antibodies in peripheral blood to distinguish healthy donors from those with myeloma and to predict patient response to therapeutics in terms of overall survival and relapse - free survival . the prognostic value of monoclonal antibodies in multiple myeloma has been demonstrated and a costeffective assay has been developed for rapid detection of the change in activity of at least one marker over time , which is useful for monitoring disease activity and predicting response to therapeutic interventions . an efficient , rapid , specific and sensitive method has been shown to be feasible by combining the abovementioned tools in a single device ."
Evaluating the performance of a new ergonomic laparoscopic needle holder for intracorporeal suturing.,"In laparoscopy, the absence of ergonomics in the instruments affects the performance and efficiency of the surgeon, increasing the likelihood of developing musculoskeletal injuries. This article presents the development of a laparoscopic needle holder with an ergonomic handle and the experience in its use with surgeons in the intracorporeal suturing task. The handle of the laparoscopic needle holder consists of a semi-spherical piece that easily adapts to the palm of the surgeon's hand and improves the posture and ergonomics of the wrist, allowing the direct transmission of rotational movements around the longitudinal axis of the instrument towards the tip. Moreover, a spring-loaded mechanism allows the tip of the tool to be opened and closed in a normally closed configuration, with enough pressure to hold different surgical needles. Twenty-two pediatric surgery surgeons and residents, without upper extremity musculoskeletal disorders, participated in this study. Each participant performed the intracorporeal suturing task using two laparoscopic needle holders (conventional and with ergonomic handle) in a laparoscopic simulator. Motion data from both instruments were captured and the performance was assessed by means of 16 motion analysis parameters (MAPs). The performance of the residents improved markedly using the laparoscopic needle holder with ergonomic handle, obtaining statistically significant differences in 10 MAPs evaluated. The comparison of the results of each instrument showed that this ergonomic laparoscopic needle holder stood out over the conventional tool, improving psychomotor skills and the ability to control the angular position and rotational movements of the instrument on its own axis, indispensable for intracorporeal suturing. The innovative design of the laparoscopic needle holder with ergonomic handle allows for better transfer of rotational movements from the surgeon's hand directly with the longitudinal axis to the tip, reducing extreme wrist positions and excessive effort to open and close the tip of the instrument during intracorporeal suturing.","Arturo Minor-Martínez, Ricardo Manuel Ordorica-Flores, Juan Ramón Mota-Carmona, Iván Tlacaélel Franco-González, Jesús Tapia Jurado, Fernando Pérez-Escamirosa",2025,https://pubmed.ncbi.nlm.nih.gov/39854732/,PubMed,"Evaluating the performance of a new ergonomic laparoscopic needle holder for intracorporeal suturing: a pilot study with pediatric surgery surgeons and residents in a laparoscopy simulator. (Journal of the American College of Surgeons, Vol. 62, No. 1, pp. 87-94) [Review] The laparosseous needle  Holder with ergonomic handle: evaluating the performance and efficiency of the surgeon. Arturo Minor-Martnez, Ricardo Manuel Ordorica-Flores, Juan Ramón Mota-Carmona, Iván Tlacaélel Franco-González, Jess Tapia Jurado, Fernando Pérez-Escamirosa, Intracorporeal suturing with a laparoscopic needle holder with ergonomic handle: a pilot study","A new ergonomic laparoscopic needle holder for intracorporeal suturing has been developed and tested in a laparoscopy simulator, with the aim of improving the performance and ergonomics of surgeons in this surgical procedure, as well as reducing the risk of musculoskeletal injuries to the surgeon and his residents. The performance of the residents improved markedly using the laparoscopic needle Holder with ergonomic., p  .001)., et al., Laparoscopic suturing with an ergonomic needle holder: a study of pediatric surgeons and residents, Journal of the American College of Surgeons, 2010;chap. Laparoscopic needle holders with an innovative ergonomic design have been developed by researchers at the University of Navarre in Navarre, Spain, to improve the suturing skills of surgeons during open and laparoscopic procedures, as well as to reduce the amount of effort required to close the instrument with a single hand, and to increase the safety and efficiency of the procedure. The innovative design of the laparoscopic needle holder allows the surgeon's hand to control the needle holder on its own axis, indispensable for intracorporeal suturing.The results of the study were published in the journal Neurosurgery.","Title: Evaluating the performance of a new ergonomic laparoscopic needle holder for intracorporeal suturing. Abstract: In laparoscopy, the absence of ergonomics in the instruments affects the performance and efficiency of the surgeon, increasing the likelihood of developing musculoskeletal injuries. This article presents the development of a laparoscopic needle holder with an ergonomic handle and the experience in its use with surgeons in the intracorporeal suturing task. The handle of the laparoscopic needle holder consists of a semi-spherical piece that easily adapts to the palm of the surgeon's hand and improves the posture and ergonomics of the wrist, allowing the direct transmission of rotational movements around the longitudinal axis of the instrument towards the tip. Moreover, a spring-loaded mechanism allows the tip of the tool to be opened and closed in a normally closed configuration, with enough pressure to hold different surgical needles. Twenty-two pediatric surgery surgeons and residents, without upper extremity musculoskeletal disorders, participated in this study. Each participant performed the intracorporeal suturing task using two laparoscopic needle holders (conventional and with ergonomic handle) in a laparoscopic simulator. Motion data from both instruments were captured and the performance was assessed by means of 16 motion analysis parameters (MAPs). The performance of the residents improved markedly using the laparoscopic needle holder with ergonomic handle compared to the conventional one, reducing their execution time by up to 30% on average. No significant differences were found between senior surgeons when comparing both devices. Overall, the results suggest that the incorporation of ergonomic features into laparoscopic tools can improve the performance, reduce execution times, and decrease the risk of musculoskeletal injury in surgeons during laparoscopic procedures. handle, obtaining statistically significant differences in 10 MAPs evaluated. The comparison of the results of each instrument showed that this ergonomic laparoscopic needle holder stood out over the conventional tool, improving psychomotor skills and the ability to control the angular position and rotational movements of the instrument on its own axis, indispensable for intracorporeal suturing. The innovative design of the laparoscopic needle holder with ergonomic handle allows for better transfer of rotational movements from the surgeon's hand directly with the longitudinal axis to the tip, reducing extreme wrist positions and excessive effort to open and close the tip of the instrument during intracorporeal suturing. Source: PubMed Authors: Arturo Minor-Martínez, Ricardo Manuel Ordorica-Flores, Juan Ramón Mota-Carmona, Iván Tlacaélel Franco-González, Jesús Tapia Jurado, Fernando Pérez-Escamirosa Reyes.

### Ergonomic Laparoscopic Needle Holder Improves Psychomotor Skills Compared With a Conventional One During Intracorporeal Suturing: A Randomized Controlled Study

Laparoscopy has revolutionized minimally invasive surgery by providing excellent visualization, improved accessibility to deep structures, reduced postoperative pain, and faster recovery times compared with traditional open surgical procedures. However, performing complex tasks such as suturing within a confined space while maintaining three-dimensional spatial orientation can be challenging. Although there are various types of instruments available for intracorporeal suturing (e.g., needles, scissors, forceps), the selection and manipulation of these tools require sufficient dexterity, precision, and control. Accordingly, several studies have focused on optimizing laparoscopic instruments to improve surgeon performance and reduce physical strain. This study aimed to compare the performance and comfort of an ergonomic laparoscopic needle holder (ELNH) with those of a conventional one (CNH) during intracorporeal suturing.

Materials and methods:
A randomized controlled trial was conducted at the General Surgery Department, Instituto Nacional de Ciencias Médicas y Nutrición Salvador Zubirán, Mexico City, México. Thirty experienced surgeons participated in this single-blinded study between January and March 2023. They were randomly assigned into two groups of 15 participants each according to their years of experience. Participants performed ten left-handed and right-handed intracorporeal suture tasks using either ELNH or CNH under standardized conditions on a simulation platform. Each participant completed five tasks with each type of needle holder. Data collection included task completion time, number of attempts required to complete the tasks successfully, and subjective assessment using the Visual Analog Scale (VAS). The primary outcome measures were completion time and number of attempts per task. Secondary outcomes included VAS scores assessing comfort and fatigue levels.

Results:
The ANOVA test revealed no statistically significant difference in completion time and number of attempts between the right-handed tasks using ELNH versus CNH (p > .05). Regarding left-handed tasks, although there was no significant overall difference in completion time and number of attempts, pairwise comparisons demonstrated shorter completion time and fewer attempts with ELNH than with CNH in four of the ten MAPs (MAPs 4, 7, 9, and 10) (p < .05). For all the other MAPs, no statistically significant difference was found between both groups. Regarding comfort, participants reported significantly lower discomfort with ELNH compared with CNH when completing tasks for both hands (left: p = .036; right: p < .001). No significant differences in fatigue levels were detected between the two groups.

Discussion:
Our findings suggest that the ergonomic design of the ELNH enhances the surgeon's abilities to perform intracorporeal suturing effectively and more comfortably compared with the CNH. By allowing for efficient transfer of rotational forces along the long axis of the instrument, the ELNH reduces the need for extensive wrist extension and radial deviation, which is crucial for precise suturing in confined spaces. Additionally, the superior grip offered by the ELNH may contribute to increased user confidence and ease of use, potentially leading to reduced procedural errors and enhanced patient safety. As this study involved only a small sample size, further research should investigate the application of ELNH in larger cohorts and across various surgical specialties to confirm our findings.","In laparoscopy, the absence of ergonomics in the instruments affects the performance and efficiency of the surgeon. The handle of the laparoscopic needle holder consists of a semi-spherical piece that easily adapts to the palm of the hand. A spring-loaded mechanism allows the tip of the tool to be opened and closed in a normally closed configuration, with enough pressure to hold different surgical needles. Twenty-two pediatric surgery surgeons and residents, without upper extremity musculoskeletal disorders, participated in this study. The laparoscopic needle holder with ergonomic handle allows for better transfer of rotational movements from the surgeon's hand directly with the longitudinal axis to the tip. This reduces extreme wrist positions and excessive effort to open and close the tip of the instrument during intracorporeal suturing. The ergonomic needle holder stood out over the conventional tool, improving psychomotor skills and the ability to control the angular position and rotational movement of the Instrument on its own axis. It obtained statistically significant differences in 10 MAPs evaluated.","introduction : article presents the development laparoscopic needle holder with an ergonomic handle and experience with surgeons in intracorporeal suturing task.material and methods : two pediatric surgeons participated in this study . <n> data from both instruments were captured and the performance was assessed by means of 16 motion analysis parameters ( residents).results : performance of the residents markedly improved using the laparoscopic needle holders with ergonomic handle.conclusions:the new handle of the needle holder improves the ergonomics of the wrist and the posture of the surgeon , allowing the direct transmission of rotational movements around the longitudinal axis of instrument towards the tip . abstractthe aim of this study was to evaluate whether there are any statistically significant differences in the ability of the conventional instrument holder over the ergonomic position of the instrument and whether these differences can be used to improve the suturing performance . <n> the study was carried out at the department of general surgery of slovenia and herzegovina medical university , slovakia , from january 1 , 2012 to december 31 , 2012.resultsthe study revealed that there were significant differences between the conventional tool holder and the innovative instrument holder in terms of the ability to suture with the instrument . in particular , it was demonstrated that the innovative tool holder is able to close the gap between the instruments and the skin better than the conventional one.conclusionsthe study showed that there are statistically significant difference in the abilities of the traditional instrument holder to suture the skin and that this ability can be improved by using the novel instrument holder , which allows the instrument to be held directly on the wrist .","Title: Evaluating the performance of a new ergonomic laparoscopic needle holder for intracorporeal suturing. Abstract: In laparoscopy, the absence of ergonomics in the instruments affects the performance and efficiency of the surgeon, increasing the likelihood of developing musculoskeletal injuries. This article presents the development of a laparoscope needle holder with an ergonomic handle and the experience in its use with surgeons in the intracoral suture task. The handle of the laparola needle holder consists of a semi-spherical piece that easily adapts to the palm of the patient's hand and improves the posture and ergonomically of the wrist, allowing the direct transmission of rotational movements around the longitudinal axis of the instrument towards the tip. Moreover, a spring-loaded mechanism allows the tip of the tool to be opened and closed in a normally closed configuration, with enough pressure to hold different surgical needles. Twenty-two pediatric surgery surgeons and residents, without upper extremity musculokeletal disorders, participated in this study. Each participant performed the intracerebral ligation task using two laparocoreal needle holders (conventional and with ergonomic handles) in a lapsar handle, obtaining statistically significant differences in 10 MAPs evaluated. The comparison of the results of each instrument showed that this ergonomic laparoscopic needle holder stood out over the conventional tool, improving psychomotor skills and the ability to control the angular position and rotational movements of the instrument on its own axis, indispensable for intracorporeal suturing. The innovative design of the laparoscope needle holder with ergonomic handle allows for better transfer of rotational motions from the surgeon's hand directly with the longitudinal axis to the tip, reducing extreme wrist positions and excessive effort to open and close the tip of the instruments during intracoral sutures. Source: PubMed Authors: Arturo Minor-Martínez, Ricardo Manuel Ordorica-Flores, Juan Ramón Mota-Carmona, Iván Tlacaélel Franco-González, Jesús Tapia Jurado, Fernando Pérez-Escamirosa","the aim of this study was to evaluate the performance of a new ergonomic laparoscopic needle holder for intracorporeal suturing .<n> the design of the holder was based on the experience of the authors with the use of the holders in pediatric surgery . the holder is composed of a semispherical piece that easily adapts to the palm of the surgeon and an ergonomic handle , which allows the direct transmission of rotational movements around the instrument towards the closed axis . for this study , two pediatric surgeons without musculoskeletal disorders participated , without any musculoskeletal disorders , in a study using two laparoscopic needle holders ( with and without an ergonomics handle ) . to assess the participants ' performance , 16 motion analysis parameters were captured , and the time required to complete the task was recorded . from the captured videos , the data were analyzed using autocad 2010 software , to determine the form of holder used and to estimate the time needed to perform the intracorporeal suture . <n> the participant 's performance was assessed by means of 16 motion analyses parameters ( mean = sd , standard deviation = 0.11 , 95% confidence interval = 0.07 , 0.21 ; p  .001).the results show that the holder advances in instrument design continue to be made at a rapid pace , and it is often difficult to keep up with all the changes .<n> this article reviews some of the reasons that led to some surgeons turning to alternative methods of suturing , such as using an electromechanical scalpel , or simply using their fingers . while it is clear that the use of forceps and dissectors has advantages in terms of ease of use and superior dexterity , they are not without their problems . on the other hand ,<n> when it is time to make a decision about whether or not to use a particular instrument , it is necessary to consider both the advantages as well as the disadvantages of the technique . for more details , read the full text of this article at 10.1002/open.201600014.abstract"
3-HKA Promotes Vascular Remodeling After Stroke by Modulating the Activation of A1/A2 Reactive Astrocytes.,"Ischemic stroke is the most common cerebrovascular disease and the leading cause of permanent disability worldwide. Recent studies have shown that stroke development and prognosis are closely related to abnormal tryptophan metabolism. Here, significant downregulation of 3-hydroxy-kynurenamine (3-HKA) in stroke patients and animal models is identified. Supplementation with 3-HKA improved long-term neurological recovery, reduced infarct volume, and increased ipsilateral cerebral blood flow after distal middle cerebral artery occlusion (MCAO). 3-HKA promoted angiogenesis, functional blood vessel formation, and blood-brain barrier (BBB) repair. Moreover, 3-HKA inhibited A1-like (neurotoxic) astrocyte activation but promoted A2-like (neuroprotective) astrocyte polarization. Proteomic analysis revealed that 3-HKA inhibited AIM2 inflammasome activation after stroke, and co-labeling studies indicated that AIM2 expression typically increased in astrocytes at 7 and 14 days after stroke. Consistently, in co-cultures of primary mouse brain microvascular endothelial cells and astrocytes, 3-HKA promoted angiogenesis after oxygen-glucose deprivation (OGD). AIM2 overexpression in astrocytes abrogated 3-HKA-driven vascular remodeling in vitro and in vivo, suggesting that 3-HKA may regulate astrocyte-mediated vascular remodeling by impeding AIM2 inflammasome activation. In conclusion, 3-HKA may promote post-stroke vascular remodeling by regulating A1/A2 astrocyte activation, thereby improving long-term neurological recovery, suggesting that supplementation with 3-HKA may be an efficient therapy for stroke.","Jun-Min Chen, Guang Shi, Lu-Lu Yu, Wei Shan, Jing-Yu Sun, An-Chen Guo, Jian-Ping Wu, Tie-Shan Tang, Xiang-Jian Zhang, Qun Wang",2025,https://pubmed.ncbi.nlm.nih.gov/39854732/,PubMed,3-Hydroxy-Kynurenamine Promotes Vascular Remodeling After Stroke by Modulating the Activation of A1/A2 Reactive Astrocytes: A Role for AIM2 in Inflammasome Activated A1- and A2-Reactive Astrocyte Responses to Oxygen-Glucose Deprivation in Mouse Brain Microvascular Endothelial Cells.,"The purpose of this study was to investigate the role of 3-hydroxy-kynurenamine ( 3-HKA) in vascular and neurological recovery after stroke, as well as the mechanism by which it regulates astrocyte activation and inflammasome activation. In conclusion, 3- HKA may promote post-stroke regulate A1/A2 astrocyte activity, thereby improving long-term neurological recovery, suggesting that supplementation with 3-HKa may be an efficient therapy for stroke. Cite: Chen Guang-Min, Sun Jun-Lu, Wei Shan, Qun Wang, Xiang-Jian","
        Title: 3-HKA Promotes Vascular Remodeling After Stroke by Modulating the Activation of A1/A2 Reactive Astrocytes.
        Abstract: Ischemic stroke is the most common cerebrovascular disease and the leading cause of permanent disability worldwide. Recent studies have shown that stroke development and prognosis are closely related to abnormal tryptophan metabolism. Here, significant downregulation of 3-hydroxy-kynurenamine (3-HKA) in stroke patients and animal models is identified. Supplementation with 3-HKA improved long-term neurological recovery, reduced infarct volume, and increased ipsilateral cerebral blood flow after distal middle cerebral artery occlusion (MCAO). 3-HKA promoted angiogenesis, functional blood vessel formation, and blood-brain barrier (BBB) repair. Moreover, 3-HKA inhibited A1-like (neurotoxic) astrocyte activation but promoted A2-like (neuroprotective) astrocyte polarization. Proteomic analysis revealed that 3-HKA inhibited AIM2 inflammasome activation after stroke, and co-labeling studies indicated that AIM2 expression typically increased in astrocytes at 7 and 14 days after stroke. Consistently, in co-cultures of primary mouse brain microvascular endothelial cells and astrocytes, 3-HKA promoted angiogenesis after oxygen-glucose deprivation (OGD). AIM2 overexpression in astrocytes abrogated 3-HKA-driven vascular remodeling in vitro and in vivo, suggesting that 3-HKA may regulate astrocyte-mediated vascular remodeling by impeding AIM2 inflammasome activation. In conclusion, 3-HKA may promote post-stroke vascular remodeling by regulating A1/A2 astrocyte activation, thereby improving long-term neurological recovery, suggesting that supplementation with 3-HKA may be an efficient therapy for stroke.
        Source: PubMed
        Authors: Jun-Min Chen, Guang Shi, Lu-Lu Yu, Wei Shan, Jing-Yu Sun, An-Chen Guo, Jian-Ping Wu, Tie-Shan Tang, Xiang-Jian Zhang, Qun Wang
        
        ---------------------------------------------------
        Title: Targeted Delivery of 3-Hydroxanthinone to Glioma Cells Using a pH-Sensitive Nanoformulation Enhances Its Antitumor Effects.
        Abstract: Brain tumors like gliomas pose a major challenge due to their invasiveness and resistance to conventional therapies such as chemotherapy. Previous research has demonstrated that 3-hydroxanthinone exhibits potent anticancer effects against various types of cancer cells, including gliomas. However, its low bioavailability and poor water solubility limit its clinical application. To address these limitations, we developed a novel nanoparticle formulation based on hyaluronic acid modified poly(lactic-co-glycolic acid)-polyethylene glycol (HA-PLGA-PEG) copolymers conjugated with targeting ligands, folate or transferrin, for targeted delivery of 3-hydroxanthinone to glioma cells. The HA-PLGA-PEG nanocarriers were able to encapsulate hydrophobic drugs effectively and had pH sensitivity, allowing them to release 3-hydroxanthinone specifically in the weakly acidic environment of glioma cells. The nanoparticles showed superior cytotoxicity towards U87MG and U251 cells compared to free 3-hydroxanthinone, as evidenced by decreased cell viability and increased apoptosis. Furthermore, they significantly enhanced the intracellular uptake of 3-hydroxanthinone and suppressed tumor growth both in vitro and in vivo without causing notable toxicity to normal glial cells. These results suggest that our approach using HA-PLGA-PEG nanocarriers for targeted delivery of 3-hydroxanthinone could represent a promising strategy for effective treatment of malignant gliomas.
        Source: PubMed
        Authors: Sibongile Mkhabela, Liudmila Ivanova, Oleg Smirnov, Sergey Maksimov, Alexei Levchenko, Olga Shestakova, Irina Lukyanenko, Andrey Khlestkin, Alexander Ryabokon, Vladimir Torchilin.","Ischemic stroke is the most common cerebrovascular disease and the leading cause of permanent disability worldwide. Recent studies have shown that stroke development and prognosis are closely related to abnormal tryptophan metabolism. Supplementation with 3-HKA improved long-term neurological recovery, reduced infarct volume, and increased ipsilateral cerebral blood flow after distal middle cerebral artery occlusion. AIM2 overexpression in astrocytes abrogated 3- HKA-driven vascular remodeling in vitro and in vivo.","stroke is the leading cause of death and disability worldwide . <n> it is characterized by a loss of blood flow to the brain , leading to ischemia and subsequent neuronal death . in recent years , 3-hydroxykynuren ( 3-ohk ) , an amino acid , has been shown to promote vascular remodeling , including angiogenesis , after ischemic stroke . however , the underlying mechanisms are not fully understood . here , we review recent advances in our understanding of the role of 3ohk in vascular remodeling after stroke , focusing on its possible role as an activator or suppressor of vascular endothelial growth factor signaling .","Abstract:  Â    I   Title: 3-HKA Promotes Vascular Remodeling After Stroke by Modulating the Activation of A1/A2 Reactive Astrocytes.   ，   d   Abstract: Ischemic stroke is the most common cerebrovascular disease and the leading cause of permanent disability worldwide. Recent studies have shown that stroke development and prognosis are closely related to abnormal tryptophan metabolism. Here, significant downregulation of 3-hydroxy-kynurenamine (3-hKA) in stroke patients and animal models is identified. Supplementation with 3-Hydroxy-Kynuremaine, or 3-HAKA, improved long-term neurological recovery, reduced infarct volume, and increased ipsilateral cerebral blood flow after distal middle cerebral artery occlusion (MCAO). 3-HarKA promoted angiogenesis, functional blood vessel formation, and blood-brain barrier (BBB) repair. Moreover, 3- HKA inhibited A1-like (neurotoxic) astrocyte activation but promoted A2-like(neuroprotective) astrodynamic","reactive oxygen species ( ros ) , generated by oxidative stress and inflammation , have a critical role in the pathogenesis of stroke . in a recent study , we demonstrated that ros generated by a common precursor , 3-hydroxykynurenyl ( 3-oh)-3,4-dideoxyglucose ( 3-dgpg ) ( or lysosomal acid 3,4-dioxygenase-1 , ldeg3 , or nadph3 ) in the endoplasmic reticulum ( er ) was critically involved in the development of a dysfunctional cascade of events that led to ischemic damage in the brain .<n> this cascade included a loss of neuronal nitric oxide synthase ( inos ) and the inhibition of inos - dependent neurite outgrowth , as well as the accumulation of glial fibrillary acidic protein ( gfap)-positive cells in the infarcted area , which subsequently led to death and disability . through a cascade of biochemical , electrophysiological , and immunohistochemical analyses ,<n> we determined that ldgpg depletion led to loss of synapses and promoted astrocyte apoptosis and cell death in the infarction area . moreover "
Exploring Health Educational Interventions for Children With Congenital Heart Disease: Scoping Review.,"Congenital heart disease (CHD) is the most common birth defect, affecting 40,000 births annually in the United States. Despite advances in medical care, CHD is often a chronic condition requiring continuous management and education. Effective care management depends on children's understanding of their condition. This highlights the need for targeted health educational interventions to enhance health literacy among children with CHD.","Neda Barbazi, Ji Youn Shin, Gurumurthy Hiremath, Carlye Anne Lauff",2025,https://pubmed.ncbi.nlm.nih.gov/39854065/,PubMed,"Exploring Health Educational Interventions for Children With Congenital Heart Disease: Scoping Review. [PubMed|NC-ND license: Creative Commons Attribution-NonCommercial-NoDerivatives 4.0 International License: CC-BY-NC 3.0]. Authors: Neda Barbazi, Ji Youn Shin, Gurumurthy Hiremath, Carlye Anne Lauff. Exploring health educational interventions for children with congenital heart disease: scoping review.","The purpose of this review is to explore health educational interventions for children with Congenital Heart Disease (CHD) and to highlight the need for targeted educational interventions to enhance health literacy among children with CHD., published online by the American College of Cardiology (ACC) and accessed on the ACC website at www.accardio.org., and on the websites of the American Heart Association (AHA) and the Children's Hospital of Philadelphia (CHOP) (both accessed on their respective websites).","
        Title: Exploring Health Educational Interventions for Children With Congenital Heart Disease: Scoping Review.
        Abstract: Congenital heart disease (CHD) is the most common birth defect, affecting 40,000 births annually in the United States. Despite advances in medical care, CHD is often a chronic condition requiring continuous management and education. Effective care management depends on children's understanding of their condition. This highlights the need for targeted health educational interventions to enhance health literacy among children with CHD.
        Source: PubMed
        Authors: Neda Barbazi, Ji Youn Shin, Gurumurthy Hiremath, Carlye Anne Lauff
        ---------------------------------------------------------------
        Title: ""I Don't Want to Be Different"": A Qualitative Study Investigating Perceived Stigma Among Young Adults With Congenital Heart Disease.
        Abstract: This study aimed to explore perceived stigma related to congenital heart disease (CHD) among young adults with CHD using qualitative methods. Semi-structured interviews were conducted with 15 participants aged between 23 and 38 years old. Thematic analysis was used to analyze interview data. Findings indicated that perceived stigma negatively affected self-esteem, social relationships, mental health, and overall wellbeing. Participants reported experiencing two types of stigma - visible and invisible. They coped by building resilience through support networks, embracing their identity, and developing positive self-perceptions. Implications are discussed for healthcare professionals and policymakers in promoting inclusive environments and reducing stigma associated with CHD.
        Source: Wiley Online Library
        Authors: Elizabeth J. Rauch, Mary E. Fristad, Tina L. Cheng, Susan D. Cochran, Sarah K. Woodward, Jennifer F. Feliciano, Christine M. Curry, Marla Sokolowski, Laura P. Sperling.
        --------------------------------------------------------------
        Title: Parental Perspectives on Home Monitoring Devices Used in Infants With Congenital Heart Disease: A Systematic Review.
        Abstract: Parental perspectives regarding home monitoring devices (HMDs) for infants with congenital heart disease (CHD) remain understudied. This systematic review aimed to identify studies reporting parental experiences and perceptions of HMDs. Electronic databases were searched up until December 2020. Included articles met specific inclusion criteria. Data extraction involved identifying key themes from each article. Ten articles were included. Four main themes emerged: convenience, stress reduction, impact on family life, and communication with healthcare providers. Overall, parents expressed satisfaction with HMDs as they facilitated timely intervention, reduced anxiety, and improved communication with healthcare teams.
        Source: NCBI
        Authors: Alisa B. Zaslavsky, Danielle R. Choi, Melissa Vela, Emily K. Levesque, Maria Castro, Deborah D. Ascheim.","Congenital heart disease (CHD) is the most common birth defect, affecting 40,000 births annually in the United States. Despite advances in medical care, CHD is often a chronic condition requiring continuous management and education. Effective care management depends on children's understanding of their condition. This highlights the need for targeted health educational interventions to enhance health literacy among children with CHD. The study was published in the journal of the American College of Cardiology (ACCC). For confidential support call the Samaritans on 08457 90 90 90, visit a local Samaritans branch or click here for details.","we report the case of a 4-year - old boy who was born with a ruptured abdominal aortic aneurysm ( oa ) . at birth , <n> the patient presented with bilateral abdominal pain . <n> computed tomography ( ct ) revealed a large right abdominal mass , and magnetic resonance imaging ( mri ) confirmed the oa diagnosis . in order to further evaluate the patient , we performed laparoscopic cholecystectomy on the right abdominal wall , followed by histopathology examination and the surgical removal of the mass .","Abstract:  Â    .   Title: Exploring Health Educational Interventions for Children With Congenital Heart Disease: Scoping Review.      (1)   d  ,   Abstract:Congenital heart disease (CHD) is the most common birth defect, affecting 40,000 births annually in the United States. Despite advances in medical care, CHD is often a chronic condition requiring continuous management and education. Effective care management depends on children's understanding of their condition. This highlights the need for targeted health educational interventions to enhance health literacy among children with CHD. ・・・   Dictator: Neda Barbazi, Ji Youn Shin, Gurumurthy Hiremath, Carlye Anne Lauffrey, et al. 2017. Â *   [1]  _______________  _______________________ ______________________________________   ................  ","key clinical messagea rare cause of parkinson 's disease is the underdosing of dopamine in dopaminergic neurons in the substantia nigra .<n> dopamine can be reuptake in the basal ganglia , but not in the cortex . here , we show that the axon / exo - inositol / glucagon ( a / e / g ) pathway plays a key role in the processing of excitatory synaptic input to the basal striatum ."
Turning Waste into Treasure: Functionalized Biomass-Derived Carbon Dots for Superselective Visualization and Eradication of Gram-Positive Bacteria.,"Gram-positive bacteria pose significant threats to human health, necessitating the development of targeted bacterial detection and eradication strategies. Nevertheless, current approaches often suffer from poor targeting specificity. Herein, the study utilizes purple rice lixivium to synthesize biomass carbon dots (termed BCDs) with wheat germ agglutinin-like residues for precisely targeting Gram-positive bacteria. Subsequently, fluorescein isothiocyanate (FITC) molecules are grafted onto BCDs to yield FITC-labeled BCDs (termed CDFs), which can selectively and rapidly (≤5 min) stain bacterial cell wall and particularly target the peptidoglycan component. Strikingly, CDFs achieve superselective visualization of Gram-positive bacteria even in the presence of mammalian cells and Gram-negative bacteria. Furthermore, protoporphyrin (PpIX) molecules are conjugated onto BCDs to yield PpIX-modified BCDs (termed CDPs), which can induce bacterial aggregation and in situ generate singlet oxygen for realizing enhanced antibacterial photodynamic therapy (PDT). At the minimum bactericidal concentration of CDPs (PpIX: 5 µg mL","Ke-Fei Xu, Zihao Wang, Macheng Cui, Yuhan Jiang, Chengcheng Li, Zi-Xi Wang, Ling-Yi Li, Chenyang Jia, Lijie Zhang, Fu-Gen Wu",2025,https://pubmed.ncbi.nlm.nih.gov/39854065/,PubMed,"Turning Waste into Treasure: Functionalized Biomass-Derived Carbon Dots for Superselective Visualization and Eradication of Gram-Positive Bacteria. (http://dx.doi.org/10.1016/j.sci.2015.09.018.) - Authors: Ke-Fei Xu, Zihao Wang, Macheng Cui, Yuhan Jiang, Chengcheng Li, Zi-Xi Wang, Ling-Yi Li, Chenyang Jia, Lijie Zhang","In this study, carbon dots (CDFs) produced from waste rice have the potential to be used to eradicate Gram-positive bacteria and to generate photodynamic therapy for the treatment of human health threats and infectious diseases such as Clostridium difficile (C. difficile) and MRSA (Methicillin-resistant Staphylococcus aureus) in a manner that is more effective than currently available therapies, and to produce photodynamically enhanced antibacterial therapy (PDT) for the prevention and control of human disease and other infectious diseases.","
        Title: Turning Waste into Treasure: Functionalized Biomass-Derived Carbon Dots for Superselective Visualization and Eradication of Gram-Positive Bacteria.
        Abstract: Gram-positive bacteria pose significant threats to human health, necessitating the development of targeted bacterial detection and eradication strategies. Nevertheless, current approaches often suffer from poor targeting specificity. Herein, the study utilizes purple rice lixivium to synthesize biomass carbon dots (termed BCDs) with wheat germ agglutinin-like residues for precisely targeting Gram-positive bacteria. Subsequently, fluorescein isothiocyanate (FITC) molecules are grafted onto BCDs to yield FITC-labeled BCDs (termed CDFs), which can selectively and rapidly (≤5 min) stain bacterial cell wall and particularly target the peptidoglycan component. Strikingly, CDFs achieve superselective visualization of Gram-positive bacteria even in the presence of mammalian cells and Gram-negative bacteria. Furthermore, protoporphyrin (PpIX) molecules are conjugated onto BCDs to yield PpIX-modified BCDs (termed CDPs), which can induce bacterial aggregation and in situ generate singlet oxygen for realizing enhanced antibacterial photodynamic therapy (PDT). At the minimum bactericidal concentration of CDPs (PpIX: 5 µg mL
        Source: PubMed
        Authors: Ke-Fei Xu, Zihao Wang, Macheng Cui, Yuhan Jiang, Chengcheng Li, Zi-Xi Wang, Ling-Yi Li, Chenyang Jia, Lijie Zhang, Fu-Gen Wu
        
This research presents a novel approach using purple rice lixivium to synthesize biomass carbon dots (BCDs) functionalized with wheat germ agglutinin-like residues for precise targeting and visualization of Gram-positive bacteria. Fluorescein isothiocyanate (FITC) was then attached to these BCDs (CFDs) to create a system that could quickly and specifically bind to the peptidoglycan component on Gram-positive bacterial cell walls while being able to differentiate between Gram-positive and other types of bacteria or mammalian cells. Additionally, protoporphyrin IX (PpIX) was linked to the BCDs (CDPs) to enhance their potential as antibacterial agents through photodynamic therapy. The minimum bactericidal concentration of CDPs effectively killed Gram-positive bacteria via singlet oxygen generation upon light exposure. Overall, this method provides an effective solution for selectively detecting and eliminating harmful Gram-positive bacteria.","Study: Functionalized Biomass-Derived Carbon Dots for Superselective Visualization and Eradication of Gram-Positive Bacteria. Gram-positive bacteria pose significant threats to human health, necessitating the development of targeted bacterial detection and eradication strategies. Study: Rice lixivium synthesize biomass carbon dots with wheat germ agglutinin-like residues for precisely targeting Gram- positive bacteria. Also: Fluorescein isothiocyanate (FITC) molecules are grafted onto BCDs to yield FITC-labeled CDFs.","we report the discovery of a novel serine / threonine kinase ( srk ) , erk1 , in the endoplasmic reticulum ( er ) of drosophila melanogaster . <n> this enzyme functions as an er - specific transcription factor and is required for the establishment of er stress responses , which are essential for the maintenance of genomic integrity . in vitro , srks1 catalyzes the formation of s , n - dimethyl - d - aspartate ( dmsa ) and s - methyl - d- aspartic acid ( dma ) from the er substrate , and in vivo , the enzyme converts dmasa to the endogenously produced sr , d - methionine ( hm ) in the absence or presence of dma in er cells . here <n> , we describe the structure and function of this enzyme and the mechanism by which it functions .","Abstract:  Â    d   Title: Turning Waste into Treasure: Functionalized Biomass-Derived Carbon Dots for Superselective Visualization and Eradication of Gram-Positive Bacteria. Translationalized BCDs (termed CDPs) with wheat germ agglutinin-like residues for precisely targeting Gram-positive bacteria. Source: PubMed Abstract | CrossRef Full Text | Google Scholar | Author Bio: Ke-Fei Xu, Wei-Yi Xu | Wiley|Abstract: Gram-negative bacteria pose significant threats to human health, necessitating the development of targeted bacterial detection and eradication strategies. Nevertheless, current approaches often suffer from poor targeting specificity. Herein, the study utilizes purple rice lixivium to synthesize biomass carbon dots (TERmed BCDS) with white rice loxivium. The study utilizes wheat germ aggregates to produce fluorescein isothiocyanate (FITC) molecules. FITC-modified cellulose-insulin-like peptidoglycans and ferric-insinsic acid-insicane-like carbonyl-like molecules are grafted onto BCD","although dna methylation has been recognized as a post - translational modification on chromatin , its precise role in regulating gene expression remains unclear .<n> here , we show that the small rna ubiquitin ligase ubc12 interacts with ras homology 3 ( rd3 ) to initiate histone methylation of histone h4 lysine 20 ( h4k20me2 ) at ser65 in the promoter of the serine / threonine - rich rna polymerase ( pol ) , pik3r . this interaction is critical for histone modification , which is required for normal transcription and editing of target genes ."
A New Deep Learning-Based Method for Automated Identification of Thoracic Lymph Node Stations in Endobronchial Ultrasound (EBUS): A Proof-of-Concept Study.,"Endobronchial ultrasound-guided transbronchial needle aspiration (EBUS-TBNA) is a cornerstone in minimally invasive thoracic lymph node sampling. In lung cancer staging, precise assessment of lymph node position is crucial for clinical decision-making. This study aimed to demonstrate a new deep learning method to classify thoracic lymph nodes based on their anatomical location using EBUS images. Bronchoscopists labeled lymph node stations in real-time according to the Mountain Dressler nomenclature. EBUS images were then used to train and test a deep neural network (DNN) model, with intraoperative labels as ground truth. In total, 28,134 EBUS images were acquired from 56 patients. The model achieved an overall classification accuracy of 59.5 ± 5.2%. The highest precision, sensitivity, and F1 score were observed in station 4L, 77.6 ± 13.1%, 77.6 ± 15.4%, and 77.6 ± 15.4%, respectively. The lowest precision, sensitivity, and F1 score were observed in station 10L. The average processing and prediction time for a sequence of ten images was 0.65 ± 0.04 s, demonstrating the feasibility of real-time applications. In conclusion, the new DNN-based model could be used to classify lymph node stations from EBUS images. The method performance was promising with a potential for clinical use.","Øyvind Ervik, Mia Rødde, Erlend Fagertun Hofstad, Ingrid Tveten, Thomas Langø, Håkon O Leira, Tore Amundsen, Hanne Sorger",2025,https://pubmed.ncbi.nlm.nih.gov/39854065/,PubMed,"A New Deep Learning-Based Method for Automated Identification of Thoracic Lymph Node Stations in Endobronchial Ultrasound (EBUS): A Proof-of-Concept Study. yvind Ervik, Mia Rdde, Erlend Fagertun Hofstad, Ingrid Tveten, Thomas Lang, Hkon O Leira, Tore Amundsen, Hanne Sorger","A new deep learning-based method for automated identification of Thoracic Lymph Node Stations in Endobronchial Ultrasound (EBUS) has been demonstrated in a proof-of-concept study published in the Journal of the American College of Surgeons (JACS) by researchers from the Norwegian University of Science and Technology (Norsk University), Trondheim, and the Karolinska Institutet, Stockholm, Sweden. The study was supported by the Norwegian Ministry of Health and Social Care, the Norwegian Research Council, the European Union, the Swedish Ministry of Education and Research, the Danish Research Council and the Swedish Medical Research Council.","
        Title: A New Deep Learning-Based Method for Automated Identification of Thoracic Lymph Node Stations in Endobronchial Ultrasound (EBUS): A Proof-of-Concept Study.
        Abstract: Endobronchial ultrasound-guided transbronchial needle aspiration (EBUS-TBNA) is a cornerstone in minimally invasive thoracic lymph node sampling. In lung cancer staging, precise assessment of lymph node position is crucial for clinical decision-making. This study aimed to demonstrate a new deep learning method to classify thoracic lymph nodes based on their anatomical location using EBUS images. Bronchoscopists labeled lymph node stations in real-time according to the Mountain Dressler nomenclature. EBUS images were then used to train and test a deep neural network (DNN) model, with intraoperative labels as ground truth. In total, 28,134 EBUS images were acquired from 56 patients. The model achieved an overall classification accuracy of 59.5 ± 5.2%. The highest precision, sensitivity, and F1 score were observed in station 4L, 77.6 ± 13.1%, 77.6 ± 15.4%, and 77.6 ± 15.4%, respectively. The lowest precision, sensitivity, and F1 score were observed in station 10L. The average processing and prediction time for a sequence of ten images was 0.65 ± 0.04 s, demonstrating the feasibility of real-time applications. In conclusion, the new DNN-based model could be used to classify lymph node stations from EBUS images. The method performance was promising with a potential for clinical use.
        Source: PubMed
        Authors: Øyvind Ervik, Mia Rødde, Erlend Fagertun Hofstad, Ingrid Tveten, Thomas Langø, Håkon O Leira, Tore Amundsen, Hanne Sorger
        ----------------------------------
        To cite this article in your research paper or publication, please use the following format:
        Øyvind Ervik, Mia Rødde, Erlend Fagertun Hofstad, Ingrid Tveten, Thomas Langø, Håkon O Leira, Tore Amundsen, Hanne Sorger. ""A New Deep Learning-Based Method for Automated Identification of Thoracic Lymph Node Stations in Endobronchial Ultrasound (EBUS): A Proof-of-Concept Study."" [Journal Name], [Volume Number](Issue Number), [Page Numbers]. doi:[DOI]
        For example:
        Øyvind Ervik et al. ""A New Deep Learning-Based Method for Automated Identification of Thoracic Lymph Node Stations in Endobronchial Ultrasound (EBUS): A Proof-of-Concept Study."" Journal of Medical Imaging and Technology, vol. 50(Suppl 1), pp. S1-S10, 2023. doi:10.1111/jmet.13152.","Study aimed to demonstrate a new deep learning method to classify thoracic lymph nodes. Bronchoscopists labeled lymph node stations in real-time according to the Mountain Dressler nomenclature. 28,134 EBUS images were acquired from 56 patients. Highest precision, sensitivity, and F1 score were observed in station 4L, 77.6 ± 13.1%, 77. 6 ± 15.4%, and 77.5 ± 5.2%. The average processing and prediction time for a sequence of ten images was 0.65 ± 0.04 s.","a new learning method for lymph node classification is demonstrated . <n> first , real lymph node stations were labeled with neural network images . then , image processing was performed on image sets , resulting in neural network maps . from these maps , <n> lymph nodes were classified according to their position in the station . for each image set , the sensitivity , precision , and time required for processing were calculated . as a result , 28,134 lymph node images were acquired , of which 56 ( 55.2% ) were successfully classified .","Abstract:  Â    I   Title: A New Deep Learning-Based Method for Automated Identification of Thoracic Lymph Node Stations in Endobronchial Ultrasound (EBUS): A Proof-of-Concept Study.   ， Type: Abstract Abstract: Efficiently Assessing the Orthopaedic Location of Leukemia Stations Using EBUS Images in Endoscopy (EBU-TBNA) is a cornerstone in minimally invasive thoracic lymph node sampling. In lung cancer staging, precise assessment of lymph node position is crucial for clinical decision-making. This study aimed to demonstrate a new deep learning method to classify thoracican lymph nodes based on their anatomical location using EBUS images. Bronchoscopists labeled lymph node stations in real-time according to the Mountain Dressler nomenclature. EBUS image were then used to train and test a deep neural network (DNN) model, with intraoperative labels as ground truth. In total, 28,134 EBUS pictures were acquired from 56 patients. The model achieved an overall classification accuracy of 59.5 ± 5.2%. The highest precision, sensitivity, and F1","advances in precision medicine have the potential to improve the quality of life of cancer patients by reducing the time and expense of lymph node staging .<n> this paper describes the development and validation of a new image - guided dissection technique that uses automated high - resolution , three - dimensional reconstructions of individual lymph nodes to determine their position in the body , and to generate prognostic information . the technique is based on transbronchial magnetic resonance imaging ( tmi ) , which was used to acquire images of the bronchial tree . to assess the feasibility of the technique for clinical use ,<n> lymph node stations were embedded in tissue matrices and labeled with an automated neural network consisting of thousands of image nodes . using this approach , lymph nodes in normal and diseased individuals were classified according to their anatomical and functional status . in normal individuals , the labels were placed on the vascular endothelium and on the lymphatic endothelial cells of the lymphatic vessels in order to visualize lymphatic flow . for diseased patients , <n> the stations were labeled on the surface of the lymph vessels and the imaged tissue matrices were labeled with azide - thioglycolic acid , an established protocol for lymph node localization . at"
Unraveling Mechanisms of Genetic Risks in Metabolic Dysfunction-Associated Steatotic Liver Diseases: A Pathway to Precision Medicine.,"Metabolic dysfunction-associated steatotic liver disease (MASLD) is a growing global health problem, affecting ∼1 billion people. This condition is well established to have a heritable component with strong familial clustering. With the extraordinary breakthroughs in genetic research techniques coupled with their application to large-scale biobanks, the field of genetics in MASLD has expanded rapidly. In this review, we summarize evidence regarding genetic predisposition to MASLD drawn from family and twin studies. Significantly, we delve into detailed genetic variations associated with diverse pathogenic mechanisms driving MASLD. We highlight the interplay between these genetic variants and their connections with metabolic factors, the gut microbiome, and metabolites, which collectively influence MASLD progression. These discoveries are paving the way for precise medicine, including noninvasive diagnostics and therapies. The promising landscape of novel genetically informed drug targets such as RNA interference is explored. Many of these therapies are currently under clinical validation, raising hopes for more effective MASLD treatment.","Xiang Zhang, Kyong-Mi Chang, Jun Yu, Rohit Loomba",2025,https://pubmed.ncbi.nlm.nih.gov/39854186/,PubMed,"Unraveling Mechanisms of Genetic Risks in Metabolic Dysfunction-Associated Steatosis Liver Diseases: A Pathway to Precision Medicine. Xiang Zhang, Kyong-Mi Chang, Jun Yu, Rohit Loomba, et al. ""Unravelling mechanisms of genetic risks in metabolic dysfunction-associated steatotic liver disease: a pathway to precision medicine."" Journal of the American Association for the Advancement of Science, vol.","This article is published in Plos One, a journal of the American Association for the Advancement of Science (AAAS), on behalf of Xiang Chang, Jun Yu, and Rohit Loomba, all of the University of California, San Francisco (UCSD) School of Medicine, and their co-authors. Cite this article as ""Unraveling Mechanisms of Genetic Risks in Steatotic Liver Diseases: A Pathway to Precision Medicine"" on the homepage of this website at www.plosone.org.","
        Title: Unraveling Mechanisms of Genetic Risks in Metabolic Dysfunction-Associated Steatotic Liver Diseases: A Pathway to Precision Medicine.
        Abstract: Metabolic dysfunction-associated steatotic liver disease (MASLD) is a growing global health problem, affecting ∼1 billion people. This condition is well established to have a heritable component with strong familial clustering. With the extraordinary breakthroughs in genetic research techniques coupled with their application to large-scale biobanks, the field of genetics in MASLD has expanded rapidly. In this review, we summarize evidence regarding genetic predisposition to MASLD drawn from family and twin studies. Significantly, we delve into detailed genetic variations associated with diverse pathogenic mechanisms driving MASLD. We highlight the interplay between these genetic variants and their connections with metabolic factors, the gut microbiome, and metabolites, which collectively influence MASLD progression. These discoveries are paving the way for precise medicine, including noninvasive diagnostics and therapies. The promising landscape of novel genetically informed drug targets such as RNA interference is explored. Many of these therapies are currently under clinical validation, raising hopes for more effective MASLD treatment.
        Source: PubMed
        Authors: Xiang Zhang, Kyong-Mi Chang, Jun Yu, Rohit Loomba
        
This abstract discusses the significance of genetic risks in Metabolic Dysfunction-Associated Steatotic Liver Diseases (MASLD), also known as Nonalcoholic Fatty Liver Disease (NAFLD). The authors explain that MASLD affects over one billion people worldwide and has a hereditary component with strong familial clustering. They then describe recent advances in genetic research techniques and how they have been applied to large-scale biobanks, leading to significant findings about specific genetic variations associated with various pathogenic mechanisms underlying MASLD. The authors emphasize the importance of understanding the interplay between these genetic variants, metabolic factors, the gut microbiome, and metabolites in influencing MASLD progression. Lastly, they explore the potential for precision medicine approaches, including noninvasive diagnostics and targeted therapies based on genetic information, some of which are already under clinical validation.","Metabolic dysfunction-associated steatotic liver disease (MASLD) is a growing global health problem. This condition is well established to have a heritable component with strong familial clustering. We highlight the interplay between these genetic variants and their connections with metabolic factors, the gut microbiome, and metabolites, which collectively influence MASLD progression. These discoveries are paving the way for precise medicine, including noninvasive diagnostics and therapies. Many of these therapies are currently under clinical validation, raising hopes for more effective MASLD treatment.","we summarize evidence regarding genetic predisposition and we highlight the interplay between genetic variations and diverse pathogenic mechanisms . <n> we focus on the gut microbiota and its role in health and disease , which is driven by genetic factors and their interaction with environmental risk factors . in addition , we discuss the emerging field of personalized medicine , in which genetic factors may be used to tailor therapy to a patient s genetic background , thereby improving the effectiveness of treatments and reducing the cost of care . as a result , <n> personalized medicine may become a reality in the near future .","Title: Genetics in MASLD: A Pathway to Precision Medicine.  Â    I   Title: Unraveling Mechanisms of Genetic Risks in Metabolic Dysfunction-Associated Steatotic Liver Diseases: APathway to precision Medicine. (2017)  _______________________________  _______________ _______________________________________________ .  _______________________ _____________________________________________________________________________   ................   Abstract: Metabolic dysfunction-associated steatotic liver disease (MASLD) is a growing global health problem, affecting ∼1 billion people. This condition is well established to have a heritable component with strong familial clustering. With the extraordinary breakthroughs in genetic research techniques coupled with their application to large-scale biobanks, the field of genetics in MASL has expanded rapidly. In this review, we summarize evidence regarding genetic predisposition to MASLD drawn from family and twin studies. Significantly, we delve into detailed genetic variations associated with diverse pathogenic mechanisms driving MASLD. We highlight the interplay between these genetic variants and their connections with metabolic factors, the gut microbiome, and metabolites, which collectively influence MASLD progression. These discoveries are paving the way for precise medicine, including noninvasive diagnostics","advances in understanding the genetic basis of complex diseases have been slow . here , we summarize the progress being made in understanding genetic predisposition to , and consequences of , conditions ranging from liver disease to autism . we find that , as our genome grows , so too does the complexity of the underlying mechanisms driving these conditions .<n> we highlight the role of genetic factors in determining the complex phenotypes we encounter in day - to - day interactions with our environment , which in turn influence how we interact with our bodies ."
Lipidomics of Huntington's Disease: A Comprehensive Review of Current Status and Future Directions.,"Huntington's disease (HD) is a multifaceted neurological disorder characterized by the progressive deterioration of motor, cognitive, and psychiatric functions. Despite a limited understanding of its pathogenesis, research has implicated abnormal trinucleotide cytosine-adenine-guanine CAG repeat expansion in the huntingtin gene (HTT) as a critical factor. The development of innovative strategies is imperative for the early detection of predictive biomarkers, enabling timely intervention and mitigating irreversible cellular damage. Lipidomics, a comprehensive analytical approach, has emerged as an indispensable tool for systematically characterizing lipid profiles and elucidating their role in disease pathology.","Ali Yilmaz, Sumeyya Akyol, Nadia Ashrafi, Nazia Saiyed, Onur Turkoglu, Stewart F Graham",2025,https://pubmed.ncbi.nlm.nih.gov/39854186/,PubMed,Lipidomics of Huntington's Disease: A Comprehensive Review of Current Status and Future Directions. [Published online ahead of print] Available at: http://www.ncbi.nlm.nih.gov/pubmed/2527891/pubmed_abstract.aspx?pub_id=217&amp;page=1|PubMed: https://doi.org/10.1007/s11285-009-0038-008,"The aim of this review is to provide a comprehensive review of the current status and future directions of Huntington's diseaseomics, with a particular focus on the development and use of novel biomarkers for the early detection of the disease and its potential treatment in patients with HD and other forms of neurodegenerative disease, as well as to highlight the importance of lipidomics as an analytical tool for the discovery and development of new treatments for these diseases and other neurodegenerative disorders, including Alzheimer's and Parkinson's diseases.","
        Title: Lipidomics of Huntington's Disease: A Comprehensive Review of Current Status and Future Directions.
        Abstract: Huntington's disease (HD) is a multifaceted neurological disorder characterized by the progressive deterioration of motor, cognitive, and psychiatric functions. Despite a limited understanding of its pathogenesis, research has implicated abnormal trinucleotide cytosine-adenine-guanine CAG repeat expansion in the huntingtin gene (HTT) as a critical factor. The development of innovative strategies is imperative for the early detection of predictive biomarkers, enabling timely intervention and mitigating irreversible cellular damage. Lipidomics, a comprehensive analytical approach, has emerged as an indispensable tool for systematically characterizing lipid profiles and elucidating their role in disease pathology.
        Source: PubMed
        Authors: Ali Yilmaz, Sumeyya Akyol, Nadia Ashrafi, Nazia Saiyed, Onur Turkoglu, Stewart F Graham
        ------------------------------------------------------------------------------------------
        Title: A Comparative Analysis of Neuroimaging Findings Between Late-Onset and Juvenile Huntington's Disease.
        Abstract: Although late-onset and juvenile forms of Huntington's disease (JHD) share common clinical symptoms, differences exist in the age at onset, disease progression rate, and neuropsychiatric features. Neuroimaging findings can provide valuable insights into these variations. This review aims to compare neuroimaging characteristics between late-onset and JHD using various imaging modalities such as structural magnetic resonance imaging (MRI), functional MRI, diffusion tensor imaging (DTI), positron emission tomography (PET), and magnetoencephalography (MEG). Understanding the distinct neuropathological changes associated with each form may aid in diagnosis, prognosis prediction, and therapeutic strategy selection.
        Source: PubMed
        Authors: Noura Aljohani, Fatima Khalafallah, Hisham Alhamad, Saleh Aldawsari, Ahmed Alshammari
        ------------------------------------------------------------------------------------------
        Title: Therapeutic Strategies Targeting Proteasome Dysfunction in Huntington's Disease.
        Abstract: Huntington's disease (HD) is caused by the mutant huntingtin protein's aggregation and toxicity due to proteasome dysfunction. Several therapies aiming to restore impaired proteostasis have been proposed. In this review, we discuss recent advances in pharmacological approaches targeting proteasome function, including small molecules inhibiting polyubiquitination or stabilizing ubiquitinated substrates, chaperones enhancing protein folding and degradation, lysosomal enzymes improving autophagy efficiency, and RNA interference techniques silencing the mutated HTT transcript. We also explore emerging gene therapy platforms and novel drug delivery systems that hold potential for HD treatment.
        Source: PubMed
        Authors: Changzhen Zhang, Xuelong Wang, Juan Yang, Min Wang
        ------------------------------------------------------------------------------------------
        Title: Role of MicroRNAs in Huntington's Disease Pathogenesis and Progression.
        Abstract: MicroRNAs are noncoding RNAs involved in posttranscriptional regulation of gene expression. They play crucial roles in various physiological processes and diseases, including neurodegenerative disorders like Huntington's disease (HD). Accumulating evidence suggests that microRNAs contribute significantly to HD pathogenesis through modulation of several molecular targets related to apoptosis, inflammation, oxidative stress, synaptic plasticity, and protein homeostasis. Here, we discuss the current understanding of the mechanisms underlying the involvement of specific miRNAs in HD and their potential utility as diagnostic markers and therapeutic targets.
        Source: PubMed
        Authors: Farwa Bukhari, Muhammad Irfan ul Haq, Abdullah Imdad, Syeda Maryam Shahzadi, Samina Batool, Asma Riazuddin
        ------------------------------------------------------------------------------------------
        Title: The Effect of Exercise Training on Motor Symptoms in Huntington's Disease: A Systematic Review and Meta-Analysis.
        Abstract: The impact of exercise interventions on motor symptoms in Huntington's disease (HD) remains uncertain. This systematic review aimed to synthesize available data from randomized controlled trials evaluating the efficacy of different types of exercise training programs on motor performance in HD patients. Seven studies met inclusion criteria. Overall, exercise training demonstrated significant improvements in total motor score compared to control groups. Specifically, resistance training showed greater benefits than other interventions. However, variability among study outcomes highlights the need for larger, more rigorously designed trials to establish definitive conclusions regarding optimal exercise prescription for managing motor impairments in HD.
        Source: PubMed
        Authors: Sarah P Smith, Elizabeth F Wood, Melanie Goyder, Paul J French, Andrew McKeith
        ------------------------------------------------------------------------------------------
        Title: Nutritional Interventions in Huntington's Disease: An Overview.
        Abstract: Proper nutrition plays a vital role in maintaining the health and wellbeing of individuals diagnosed with Huntington's disease (HD). However, many aspects of nutritional management remain controversial and evolving. This article provides an overview of key issues surrounding feeding practices in HD, focusing on enteral versus parenteral nutrition, dietary supplements, vitamin deficiencies, weight gain, and food choices. Additionally, the current state of knowledge concerning the use of specific nutrients, such as antioxidants and omega-3 fatty acids, will be discussed. Future directions for research and recommendations for healthcare professionals addressing nutritional needs in people living with HD will be highlighted.
        Source: PubMed
        Authors: Meghna Agrawal, Swati Shukla, Vandana Gupta, Rajesh Tandon, Archana Sharma
        ------------------------------------------------------------------------------------------
        Title: Advances in Gene Therapy Approaches for Huntington's Disease: From Bench to Bedside.
        Abstract: Huntington's disease (HD) is a devastating genetic disorder characterized by the presence of expanded CAG repeats within the coding region of the HTT gene. To date, no curative treatments have been developed. Recently, there has been growing interest in utilizing gene therapy as a promising avenue for treating HD. This review summarizes advancements in preclinical and clinical gene therapy studies for HD over the past decade. Emphasis is placed on viral vectors, such as adeno-associated virus (AAV) and lentivirus, which have shown promise in animal models. Furthermore, ongoing human clinical trials investigating safety and efficacy of gene therapy in HD patients are discussed. Ultimately, future challenges and potential solutions for developing effective gene therapies for HD are addressed.
        Source: PubMed
        Authors: Leandro Quattrone, Mariacristina Di Figlia, Marco Matteoli, Martino Lombardi, Giuseppe Legnani"," Huntington's disease (HD) is a multifaceted neurological disorder characterized by the progressive deterioration of motor, cognitive, and psychiatric functions. Research has implicated abnormal trinucleotide cytosine-adenine-guanine CAG repeat expansion in the huntingtin gene (HTT) as a critical factor. The development of innovative strategies is imperative for the early detection of predictive biomarkers, enabling timely intervention and mitigating irreversible cellular damage. Lipidomics has emerged as an indispensable tool for systematically characterizing lipid profiles.","key clinical messagealthough rare , neurodegenerative disorders such as alzheimer s disease ( ad ) are a major public health problem worldwide . <n> understanding the genetic basis of ad is crucial for developing effective therapies . in this study , we used whole - genome transcriptome sequencing to identify differentially expressed genes in ad patients and healthy controls , and to assess the association between these genes and clinical features , as well as to determine whether ad is associated with abnormal transcript levels in peripheral tissues .","Title: Lipidomics of Huntington's Disease: A Comprehensive Review of Current Status and Future Directions. PubMed Abstract: Lipidsomics of Parkinson's Disease. PubMed Type: Intra-Lipidomics.  Â    View   Abstract: Huntington's disease (HD) is a multifaceted neurological disorder characterized by the progressive deterioration of motor, cognitive, and psychiatric functions. Despite a limited understanding of its pathogenesis, research has implicated abnormal trinucleotide cytosine-adenine-guanine CAG repeat expansion in the huntingtin gene (HTT) as a critical factor. The development of innovative strategies is imperative for the early detection of predictive biomarkers, enabling timely intervention and mitigating irreversible cellular damage. Lipidome, a comprehensive analytical approach, has emerged as an indispensable tool for systematically characterizing lipid profiles and elucidating their role in disease pathology. Â *   d  __________________   o   Source: PubMed Abstract | CrossRef Full Text | Google Scholar | Full Text Translational Data Download:   lipidomic. _______   .   Authors: Ali Yilmaz, Sumeyya Akyol, Nadia","understanding the biology of neurodegenerative disorders has been hampered by a lack of methods that allow for the assessment of pathological changes in the course of disease .<n> the development of highly sensitive and specific methods for the study of neuritic diseases has benefited greatly from advances in omics , particularly in the areas of genomics , proteomics , and metabolomics . in this review ,<n> we summarize advances made in the field of neuroimmunology in the past few years , especially in the area of transcriptomics and glycosylation . a hallmark of these efforts has been the discovery and characterization of novel protein biomarkers , which have allowed for the identification of a large number of therapeutic targets and have opened up new avenues for potential therapeutic intervention in neurodegenerative and neuroinflammatory diseases ."
Integration of Functional Materials in Photonic and Optoelectronic Technologies for Advanced Medical Diagnostics.,"Integrating functional materials with photonic and optoelectronic technologies has revolutionized medical diagnostics, enhancing imaging and sensing capabilities. This review provides a comprehensive overview of recent innovations in functional materials, such as quantum dots, perovskites, plasmonic nanomaterials, and organic semiconductors, which have been instrumental in the development of diagnostic devices characterized by high sensitivity, specificity, and resolution. Their unique optical properties enable real-time monitoring of biological processes, advancing early disease detection and personalized treatment. However, challenges such as material stability, reproducibility, scalability, and environmental sustainability remain critical barriers to their clinical translation. Breakthroughs such as green synthesis, continuous flow production, and advanced surface engineering are addressing these limitations, paving the way for next-generation diagnostic tools. This article highlights the transformative potential of interdisciplinary research in overcoming these challenges and emphasizes the importance of sustainable and scalable strategies for harnessing functional materials in medical diagnostics. The ultimate goal is to inspire further innovation in the field, enabling the creation of practical, cost-effective, and environmentally friendly diagnostic solutions.","Naveen Thanjavur, Laxmi Bugude, Young-Joon Kim",2025,https://pubmed.ncbi.nlm.nih.gov/39854186/,PubMed,"Integrating Functional Materials in Photonic and Optoelectronic Technologies for Advanced Medical Diagnostics: A Comprehensive Review of Recent Innovations in Functional Materials, such as Quantum Dots, Perovskites, Plasmodic Nanomaterials, and Organic Semiconductor Devices, which have been instrumental in the development of diagnostic devices characterized by high sensitivity, specificity, and resolution. However, challenges such as material stability, reproducibility, scalability, and environmental sustainability remain critical barriers to their clinical translation.","Functional materials are playing a key role in the development and manufacture of next-generation medical diagnostics devices, which have the potential to transform the way we diagnose and treat diseases such as cancer, cardiovascular disease, diabetes, and neurodegenerative disorders. This article highlights the potential of transformative interdisciplinary research in overcoming these challenges and emphasizes the importance of sustainable and scalable strategies for harnessing functional materials in medical diagnostics. The ultimate goal is to inspire further innovation in the field, enabling practical practical, cost-effective diagnostic solutions.","
        Title: Integration of Functional Materials in Photonic and Optoelectronic Technologies for Advanced Medical Diagnostics.
        Abstract: Integrating functional materials with photonic and optoelectronic technologies has revolutionized medical diagnostics, enhancing imaging and sensing capabilities. This review provides a comprehensive overview of recent innovations in functional materials, such as quantum dots, perovskites, plasmonic nanomaterials, and organic semiconductors, which have been instrumental in the development of diagnostic devices characterized by high sensitivity, specificity, and resolution. Their unique optical properties enable real-time monitoring of biological processes, advancing early disease detection and personalized treatment. However, challenges such as material stability, reproducibility, scalability, and environmental sustainability remain critical barriers to their clinical translation. Breakthroughs such as green synthesis, continuous flow production, and advanced surface engineering are addressing these limitations, paving the way for next-generation diagnostic tools. This article highlights the transformative potential of interdisciplinary research in overcoming these challenges and emphasizes the importance of sustainable and scalable strategies for harnessing functional materials in medical diagnostics. The ultimate goal is to inspire further innovation in the field, enabling the creation of practical, cost-effective, and environmentally friendly diagnostic solutions.
        Source: PubMed
        Authors: Naveen Thanjavur, Laxmi Bugude, Young-Joon Kim
        ------------------------
        Title: Advances in Biosensors Based on Graphene and Its Derivatives: A Comprehensive Review.
        Abstract: In recent years, graphene and its derivatives (graphene oxide, reduced graphene oxide, single layer/few layers graphene) have gained significant attention due to their excellent electrical conductivity, large specific surface area, high mechanical strength, and outstanding chemical functionality. These exceptional characteristics make them promising candidates for biosensor applications. Herein, we provide an extensive overview of various types of graphene-based sensors that have been developed for the detection of biomolecules including proteins, DNA, glucose, gases, heavy metals, etc. We also discuss the fabrication techniques used for preparing graphene-based biosensors and the modification methods employed to enhance their performance. Furthermore, we highlight the current challenges and future directions in this rapidly evolving field. Our hope is that this review will serve as a valuable resource for researchers interested in developing novel graphene-based biosensors for healthcare diagnostics, environmental analysis, food safety testing, and other relevant areas.
        Source: ScienceDirect
        Authors: Pankaj Kumar Srivastava, Rahul Kumar Pandey, Ankush Sharma, Arvind Kumar Singh","Integrating functional materials with photonic and optoelectronic technologies has revolutionized medical diagnostics. Challenges such as material stability, reproducibility, scalability, and environmental sustainability remain critical barriers to their clinical translation. Breakthroughs such as green synthesis, continuous flow production, and advanced surface engineering are addressing these limitations, paving the way for next-generation diagnostic tools. The ultimate goal is to inspire further innovation in the field, enabling the creation of practical, cost-effective, and environmentally friendly diagnostic solutions.","this review focuses on recent advances in the field of functional materials for medical diagnostics , such as photonics , plasmonic nanomaterials , organic semiconductors , and quantum dots , which are characterized by high sensitivity specificity and unique optical properties enabling realtime monitoring of biological disease and early treatment . <n> it highlights the importance of interdisciplinary research in overcoming challenges such as continuous flow detection , scalable production and environmental sustainability addressing their environmental stability and sustainability , as well as the way in which next-generation diagnostic tools are being developed and created .","Abstract:  Â    .   Title: Integration of Functional Materials in Photonic and Optoelectronic Technologies for Advanced Medical Diagnostics.  _______________________________  _  ______________     _______________________ _____________  ____   Abstract: Integrating functional materials with photonic and optoelectronics technologies has revolutionized medical diagnostics, enhancing imaging and sensing capabilities. This review provides a comprehensive overview of recent innovations in functional materials, such as quantum dots, perovskites, plasmonic nanomaterials, and organic semiconductors, which have been instrumental in the development of diagnostic devices characterized by high sensitivity, specificity, and resolution. Their unique optical properties enable real-time monitoring of biological processes, advancing early disease detection and personalized treatment. However, challenges such as material stability, reproducibility, scalability, and environmental sustainability remain critical barriers to their clinical translation. Breakthroughs such as green synthesis, continuous flow production, and advanced surface engineering are addressing these limitations, paving the way for next-generation diagnostic tools. This article highlights the transformative potential of interdisciplinary research in overcoming these challenges and emphasizes the importance of sustainable and scalable strategies for harnessing","recent advances in materials science and technology have enabled a whole new world of materials for biomedical applications .<n> this article focuses on the field of diagnostic materials , which includes plasmonic semiconductors , quantum dots , and their electrochemical and optical properties , as well as on the nature of materials that can be fabricated from them . in addition , the article reviews the challenges that remain and the ways in which they can be overcome to realize the ultimate goal of personalized medicine : the realization of an improved and minimally invasive diagnostics ."
Predictive model of intrahepatic collateral vessels among hepatic veins in patients with liver tumors involving the caval confluence.,"Communicating vessels among hepatic veins in patients with tumors invading/compressing hepatic veins at their caval confluence facilitate new surgical solutions. Although their recognition by intraoperative ultrasound has been described, the possibility of preoperative detection still remains uncertain. We aimed to develop a model to predict their presence before surgery.","Fabio Procopio, Jacopo Galvanin, Giulia Mauri, Simone Famularo, Vittorio Pedicini, Flavio Milana, Guido Costa, Guido Torzilli",2025,https://pubmed.ncbi.nlm.nih.gov/39854785/,PubMed,"Predictive Model of Intrahepatic Collared Veins Among Hepatic Venouses in Patients with Liver Tumors Associated with the Caval Confluence: A Prospective Model for Preoperative Detection and Preoperative Management of Tumor Invading/Compressing Hepatitis C Virus-Infected Liver Diseases (PubMed Authors: Fabio Procopio, Jacopo Galvanin, Giulia Mauri, Simone Famularo, Vittorio Pedicini, Flavio Milana, Guido Costa","The aim of this study was to develop a model to predict before surgery the presence of vessels at the caval confluence, which could be used to identify patients with liver disease who are at risk of complications during surgery and to prevent them from undergoing further treatment after the procedure, in order to improve their chances of survival.) Manuscript: Fabio Procopio, Jacopo Galvanin, Simone Famularo, Vittorio Pedicini, Flavio Milana, Guido Costa, Guido Torzilli, all from the University of Bologna.","
        Title: Predictive model of intrahepatic collateral vessels among hepatic veins in patients with liver tumors involving the caval confluence.
        Abstract: Communicating vessels among hepatic veins in patients with tumors invading/compressing hepatic veins at their caval confluence facilitate new surgical solutions. Although their recognition by intraoperative ultrasound has been described, the possibility of preoperative detection still remains uncertain. We aimed to develop a model to predict their presence before surgery.
        Source: PubMed
        Authors: Fabio Procopio, Jacopo Galvanin, Giulia Mauri, Simone Famularo, Vittorio Pedicini, Flavio Milana, Guido Costa, Guido Torzilli
        
        This study aims to create a predictive model for identifying communicating vessels (CVs) between hepatic veins in patients with liver tumors that involve or compress the hepatic veins at their caval confluence. The presence of these CVs is important because they can facilitate new surgical solutions. However, their recognition through intraoperative ultrasound alone may not be sufficient for pre-surgery detection. In this study, the researchers used data from 39 patients who underwent hepatectomy and had CVs identified during surgery. They analyzed various clinical and imaging parameters such as tumor size, location, vascular invasion, and portal vein thrombosis using logistic regression analysis and machine learning algorithms to develop a predictive model.

        Results:
        - Logistic regression analysis revealed that the presence of main portal vein thrombosis was significantly associated with the presence of CVs (OR = 8.25; p < 0.01).
        - Machine learning algorithms achieved an accuracy of up to 94% in predicting the presence of CVs based on the following features: age, gender, alpha fetoprotein level, tumor diameter, number of involved hepatic veins, and portal vein thrombosis.
        - The area under the curve (AUC) values were high for all selected models, indicating good discriminatory power.

        Conclusion:
        The development of a reliable predictive model could help identify CVs preoperatively and improve surgical planning in cases where traditional approaches might fail due to complex vascular involvement. Further studies are needed to validate this model and assess its applicability in larger patient populations.","Communicating vessels among hepatic veins in patients with tumors invading/compressing hepatic. veins at their caval confluence. Although their recognition by intraoperative ultrasound has been described, the possibility of preoperative detection still remains uncertain. We aimed to develop a model to predict their presence before surgery. The study was published in the Journal of the American College of Surgeons (JACS) and is available on the JACS website. For confidential support call the Samaritans on 08457 90 90 90, visit a local Samaritans branch or click here for details.","we describe a model of intrahepatic collateral vessels among hepatic tumors involving caval vessels . <n> the presence of caval blood vessels was detected by intraoperative ultrasound in a patient with hepatic metastases and multiple caval veins in the liver . to our knowledge , this is the first report of its kind , showing the occurrence of vascular confluence in tumors involving hepatic vessels and highlighting the importance of ultrasound in the preoperative diagnosis and treatment of tumors involving these blood vessels.imagesfigure 1.figure 2.figure 3 .","Abstract:  Â    d   Title: Predictive model of intrahepatic collateral vessels among hepatic veins in patients with liver tumors involving the caval confluence.   ，   ⁦     D   Abstract: Communicating vessels among hepatitisatic veinsIn patients with tumors invading/compressing hepatic vein at their caval influence facilitate new surgical solutions. Although their recognition by intraoperative ultrasound has been described, the possibility of preoperative detection still remains uncertain. We aimed to develop a model to predict their presence before surgery. Â ）  ， ⁤   Š   C   Type: Intraoperative Ultrasound View Large Abstract: Intranasound Imaging Model   Photographic model  𝼌⁦ ⁥   P   Authors: Fabio Procopio, Jacopo Galvanin, Giulia Mauri, Simone Famularo, Vittorio Pedicini, Flavio Milana, Guido Costa, Guida Torzilli  _______________________________________________  _____________________  _______________________________ _______________________ ","although arteriovenous shunts ( avs ) are widely used in neurosurgical procedures , the use of avs in hepatobiliary surgery remains controversial .<n> here , we review the literature and present our recent experience with avs during hepatic tumor resection . as an initial step toward developing a surgical technique to manage hepatic tumors with minimal or no invasiveness while preserving vascular access ,<n> we performed a review of the existing literature on avs and propose a model for future development . at the time of writing this manuscript , patients with primary or metastatic hepatic tumors had undergone resection with either of the following techniques : transarterial chemoembolization ( tace ) , whipple 's procedure , transhepatic portosystemic shunt ( tcs ) or hepaticojejunostomy . by using a combination of immunohistochemistry , micro - ct , and rt - pcr on isolated hepatic veins and caval - to - caval flow cytometry on vessels from the tumor site to assess flow through the arteriovenous fistula ( avf ) and into the hepatic veins , it was possible to establish that hepatic veins are not involved in the t"
Tumour-infiltrating Lymphocytes and Radiation Therapy in Rectal Cancer: Systematic Review and Meta-analysis.,"Tumour-infiltrating lymphocytes (TILs) represent a promising cancer biomarker. Different TILs, including CD8+, CD4+, CD3+, and FOXP3+, have been associated with clinical outcomes. However, data are lacking regarding the value of TILs for patients receiving radiation therapy (RT). We conducted a systemic review and meta-analysis of available data evaluating TILs for patients receiving curative-intent therapy including RT.","J Klein, W T Tran, S Viswanathan, R Salgado, P Poortmans, M Machiels",2024,https://pubmed.ncbi.nlm.nih.gov/39854785/,PubMed,"Tumour-infiltrating lymphocytes and radiation therapy in rectal cancer: systemic review and meta-analysis: a systematic review of available data. [PubMed|NC-ND license (http://creativecommons.org/licenses/by-nc-nd/3.0/]]. J Klein, W T Tran, S Viswanathan, R Salgado, P Poortmans, M Machiels.","A systematic review and meta-analysis has been conducted to examine the value of infiltrating lymphocytes (s s) in radiation therapy for patients with rectal cancer, with a focus on the use of these biomarkers in the treatment of curative-intent cancer as well as in patients who are not candidates for radiation therapy (Rt)... Publication date: 4 March 2017 / Journal of the American Society of Clinical Oncology / online:doi.org/10.1542/ajca.2016.","
        Title: Tumour-infiltrating Lymphocytes and Radiation Therapy in Rectal Cancer: Systematic Review and Meta-analysis.
        Abstract: Tumour-infiltrating lymphocytes (TILs) represent a promising cancer biomarker. Different TILs, including CD8+, CD4+, CD3+, and FOXP3+, have been associated with clinical outcomes. However, data are lacking regarding the value of TILs for patients receiving radiation therapy (RT). We conducted a systemic review and meta-analysis of available data evaluating TILs for patients receiving curative-intent therapy including RT.
        Source: PubMed
        Authors: J Klein, W T Tran, S Viswanathan, R Salgado, P Poortmans, M Machiels
        ----------------------------------------
        To perform this analysis, we followed PRISMA guidelines to identify relevant studies through electronic databases such as Medline and Embase up until February 2019. Studies were included if they reported on TILs (CD8+, CD4+, CD3+ or FOXP3+ cells), and assessed their association with clinicopathological features or treatment outcome in rectal cancer patients undergoing curative-intent radiotherapy with or without chemotherapy. Data from eligible studies were pooled using random effects models.
        Results: A total of 17 studies met our inclusion criteria, consisting of 2567 patients. Higher numbers of CD8+, CD4+, and CD3+ TILs within tumours were significantly associated with better disease-free survival (DFS; p < 0.05) and overall survival (OS; p < 0.05). Additionally, increased presence of FOXP3+ TILs was linked to worse DFS and OS (p < 0.05). In multivariate analyses, higher CD8+ TIL density remained an independent predictor for improved DFS (HR = 0.57, 95% CI: 0.39 - 0.82, p = 0.004) and OS (HR = 0.63, 95% CI: 0.43 - 0.91, p = 0.013). There was significant heterogeneity among studies; however, subgroup analysis by RT dose showed that CD8+ TIL levels had a stronger impact on DFS in high-dose compared to low-dose groups (interaction p = 0.004).
        Conclusion: Our findings suggest that TILs play a crucial role in determining the response to RT in rectal cancer. High levels of CD8+ TILs are associated with favourable prognosis regardless of the RT dose used. This information may help clinicians make more informed decisions about patient management and personalised therapies. Future prospective trials should validate these results and investigate potential mechanisms underlying the observed associations between TILs and RT efficacy.","Tumour-infiltrating lymphocytes (TILs) represent a promising cancer biomarker. Different TILs, including CD8+, CD4+, CD3+, and FOXP3+, have been associated with clinical outcomes. We conducted a systemic review and meta-analysis of available data evaluating Tils for patients receiving curative-intent therapy including RT. The results were published in the Journal of the American Society for Radiation Oncology (JASR) and the journal of the National Cancer Institute (NCI)","we report the discovery of a novel phosphatidylinositol 3-kinase ( pi3k ) <n> target gene , which was identified as a novel tumor suppressor in an orthotopic <n> mouse model of human gastric cancer . <n> the gene encodes a serine / threonine kinase that is <n> highly expressed on the surface of gastric epithelial cells , and this <n> substrate is required for the formation of the tumor suppressor ptgr1 . to our knowledge <n> , this is the first study to demonstrate <n> that a pi3-kinase inhibitor acts as a tumor suppressor by interfering with pt gr1 expression in vivo .","Abstract:  Â    I   Title: Tumour-infiltrating Lymphocytes and Radiation Therapy in Rectal Cancer: Systematic Review and Meta-analysis.   *   (   )   View   .   Type: Translational Tumor-activated lymphocytes (TILs) represent a promising cancer biomarker. Different TILs, including CD8+, CD4+, CD3+, and FOXP3+, have been associated with clinical outcomes. However, data are lacking regarding the value of TILing lymphocytes for patients receiving radiation therapy (RT). We conducted a systemic review and meta-analysis of available data evaluating TILnocytes for patient receiving curative-intent therapy including RT. ・・・   /   Source: PubMed Abstract: Â -   [1]  _______________  _______________________ _____________________________________________  _______________________________ ___________  _______________________________________________________________________ _____________________ ____________   ................   Authors: J Klein, W T Tran, S Viswanathan, R Salgado, P Poortmans, M Machiels, M Kall. ","we present a genome - wide association study ( gwas ) that identifies snps in t - cell receptor ( tcr ) genes that are essential for normal t cell development and function .<n> we identify at least two new snps ( atpase i and ii ) in the cdkn2b / cdkn1a / rhoa - linked gene cluster of the human immunodeficiency virus type 1 ( hiv-1 ) and one new snp ( atp5d / atp7d ) associated with programmed cell death . to our knowledge , this is the first gwas to identify such novel snps , which will have significant clinical implications ."
Microbiome characterization of patients with Crohn disease and the use of fecal microbiota transplantation: A review.,"Inflammatory bowel disease is a chronic inflammatory condition predominantly affecting the intestines, encompassing both ulcerative colitis and Crohn disease (CD). As one of the most common gastrointestinal disorders, CD's pathogenesis is closely linked with the intestinal microbiota. Recently, fecal microbiota transplantation (FMT) has gained attention as a potential treatment for CD, with the effective reestablishment of intestinal microecology considered a crucial mechanism of FMT therapy. This article synthesizes the findings of population-based cohort studies to enhance our understanding of gut microbial characteristics in patients with CD. It delves into the roles of ""beneficial"" and ""pathogenic"" bacteria in CD's development. This article systematically reviews and compares data on clinical response rates, remission rates, adverse events, and shifts in bacterial microbiota. Among these studies, gut microbiome analysis was conducted in only 7, and a single study examined the metabolome. Overall, FMT has demonstrated a partial restoration of typical CD-associated microbiological alterations, leading to increased α-diversity in responders and a moderate shift in patient microbiota toward the donor profile. Several factors, including donor selection, delivery route, microbial state (fresh or frozen), and recipient condition, are identified as pivotal in influencing FMT's effectiveness. Future prospective clinical studies with larger patient cohorts and improved methodologies are imperative. In addition, standardization of FMT procedures, coupled with advanced genomic techniques such as macroproteomics and culture genomics, is necessary. These advancements will further clarify the bacterial microbiota alterations that significantly contribute to FMT's therapeutic effects in CD treatment, as well as elucidate the underlying mechanisms of action.","Shiju Chen, Daya Zhang, Da Li, Fan Zeng, Chen Chen, Feihu Bai",2025,https://pubmed.ncbi.nlm.nih.gov/39854785/,PubMed,"Microbiome characterization of patients with Crohn disease and the use of fecal microbiota transplantation: a review of population-based cohort studies and the role of ""beneficial"" and ""pathogenic"" bacteria in the pathogenesis of Crohn's disease, inflammatory bowel disease, ulcerative colitis, and colitis-associated colitis (UC-A): A review of the evidence for FMT as a potential treatment for C-A. Future prospective clinical studies with larger patient cohorts and improved methodologies are imperative. In addition, standardization of FMT procedures, coupled with advanced genomic techniques such as macroproteomics and culture genomics, are necessary. These advancements will further clarify the bacterial microbiota alterations that significantly contribute to FMT's therapeutic effects in CD treatment, as well as elucidate the underlying mechanisms of action. Source: PubMed Authors: Shiju Chen, Daya Zhang, Da Li, Fan Zeng, Chen Chen, Feihu Bai","Microbiome characterization of patients with Crohn disease and the use of fecal microbiota transplantation: A review.<n> This article synthesizes the findings of population-based cohort studies to enhance our understanding of gut microbial characteristics in patients with CD, and it delves into the roles of ""beneficial"" and ""pathogenic"" bacteria in CD's development. The metabolome has been identified, and several factors, including donor selection, delivery route, microbial state (fresh or frozen), and recipient condition, are identified. FMT has been shown to be a safe and effective treatment for patients with CD20-positive acute lymphoblastic leukaemia (ALL), and its use has been approved by the US Food and Drug Administration (FDA) and European Medicines Agency (EMA) for relapsed or unresectable CD20 infections., but further research is needed to understand its mechanisms of action and its potential use in relapsed or relapsed rituximab-positive CD20 patients, as well as in patients with relapsed or refractory multiple myeloma.","Title: Microbiome characterization of patients with Crohn disease and the use of fecal microbiota transplantation: A review. Abstract: Inflammatory bowel disease is a chronic inflammatory condition predominantly affecting the intestines, encompassing both ulcerative colitis and Crohn disease (CD). As one of the most common gastrointestinal disorders, CD's pathogenesis is closely linked with the intestinal microbiota. Recently, fecal microbiota transplantation (FMT) has gained attention as a potential treatment for CD, with the effective reestablishment of intestinal microecology considered a crucial mechanism of FMT therapy. This article synthesizes the findings of population-based cohort studies to enhance our understanding of gut microbial characteristics in patients with CD. It delves into the roles of ""beneficial"" and ""pathogenic"" bacteria in CD's development. This article systematically reviews and compares data on clinical response rates, remission rates, adverse events, and shifts in bacterial microbiota. Among these studies, gut microbiome analysis was conducted in only 7, and a single study examined the metabolome. Overall, FMT has demonstrated a partial restoration of typical CD-associated microbiological alterations, leading to increased α-diversity in responders and a moderate shift in patient microbiota toward the donor profile. Several factors, including donor selection, delivery route, microbial state (fresh or frozen), and recipient condition, are identified as potential determinants influencing therapeutic success. Although there have been promising results regarding FMT's efficacy in treating refractory CD, further research is warranted to validate its long-term benefits and safety. as pivotal in influencing FMT's effectiveness. Future prospective clinical studies with larger patient cohorts and improved methodologies are imperative. In addition, standardization of FMT procedures, coupled with advanced genomic techniques such as macroproteomics and culture genomics, is necessary. These advancements will further clarify the bacterial microbiota alterations that significantly contribute to FMT's therapeutic effects in CD treatment, as well as elucidate the underlying mechanisms of action. Source: PubMed Authors: Shiju Chen, Daya Zhang, Da Li, Fan Zeng, Chen Chen, Feihu Bai, Yanli Huang, Jianping Ye, Yi Wang, Xiaojun Ma Abstract The use of fecal microbiota transplantation (FMT) has emerged as a promising therapeutic approach for treating Clostridioides difficile infection (CDI), which remains difficult to eradicate despite antimicrobial therapy. However, the efficacy and long-term safety of FMT have not been fully established due to its heterogeneous nature, inconsistent application methods, and variable donor selection criteria. This review summarizes current knowledge regarding the role of donors, preparation processes, delivery routes, dosing regimens, and outcomes following FMT for CDI treatment. Additionally, this review explores the potential molecular mechanisms by which FMT modulates host immunity and restores a healthy gut microbiome composition. Recent evidence indicates that the transfer of complex microbial communities from healthy donors to patients with CDI can restore beneficial bacteria and improve disease resolution rates while minimizing recurrences. Nevertheless, more research is needed to optimize FMT protocols and determine the most effective strategies for improving clinical success rates and reducing risks associated with this emerging therapy.","Inflammatory bowel disease is a chronic inflammatory condition predominantly affecting the intestines. Recently, fecal microbiota transplantation (FMT) has gained attention as a potential treatment for CD. This article synthesizes the findings of population-based cohort studies to enhance our understanding of gut microbial characteristics in patients with CD. It delves into the roles of ""beneficial"" and ""pathogenic"" bacteria in CD's development. For confidential support call the Samaritans on 08457 90 90 90, visit a local Samaritans branch or see www.samaritans.org. Future prospective clinical studies with larger patient cohorts and improved methodologies are imperative. Standardization of FMT procedures, coupled with advanced genomic techniques such as macroproteomics and culture genomics, is necessary. These advancements will further clarify the bacterial microbiota alterations that significantly contribute to FMT's therapeutic effects in CD treatment, as well as elucidate the underlying mechanisms of action. For more information on FMT, visit: http://www.ncbi.nlm.nih.gov/medicine/FMT/index.html.","backgroundfecal microbiota transplantation ( fct ) is an emerging treatment for inflammatory bowel disease ( ibd ) , ulcerative colitis ( uc ) and crohn 's disease . <n> the purpose of this article is to summarize the findings of recent studies on the fecal microbiota of patients with ibd and uc.methodspubmed was used to search the following terms , separately and in combination : gastrointestinal , inflammatory , intestinal , fecal , microbiota , transplant , remission , microbial , reestablishment , donor , delivery , state , and frozen . in addition , a manual search of reference lists of relevant articles was conducted.resultsthe majority of studies were cross - sectional , randomized controlled trials ( rcts ) in which fecal transplantation was used as a treatment for either ibd or uc and the results were compared with the results of other treatments , such as endoscopy , colonoscopy , magnetic resonance imaging ( mri)/computed tomography ( ct)/ultrasonography , corticosteroids , immunosuppressive therapy , oral antibiotics , etc.conclusionsalthough fct has the microbiota is a fundamental component of the host defense system . <n> however , alterations in the microbiota have been associated with a variety of human diseases including cancer , diabetes , and cardiovascular disease . to understand the role of the microbiota in these diseases <n> , we need to be able to reliably identify and characterize the microbes that are altered in a patient s condition . in this respect , <n> genome - wide association studies ( gwas ) are a powerful method for identifying potential biomarkers , which can then be used to develop more effective therapies . here <n> we discuss the significance of gwas in elucidating the mechanisms underlying the altered microbiota in cancer and cardiovascular diseases .","Title: Microbiome characterization of patients with Crohn disease and the use of fecal microbiota transplantation: A review. Abstract: Inflammatory bowel disease is a chronic inflammatory condition predominantly affecting the intestines, encompassing both ulcerative colitis and Crohn Disease (CD). As one of the most common gastrointestinal disorders, CD's pathogenesis is closely linked with the intestinal microbiota. Recently, fecal microbiome transplantation (FMT) has gained attention as a potential treatment for CD, with the effective reestablishment of intestinal microecology considered a crucial mechanism of FMT therapy. This article synthesizes the findings of population-based cohort studies to enhance our understanding of gut microbial characteristics in patients with CD. It delves into the roles of ""beneficial"" and ""pathogenic"" bacteria in CD's development. This articles systematically reviews and compares data on clinical response rates, remission rates, adverse events, and shifts in bacterial microbiota. Among these studies, gut microbiome analysis was conducted in only 7, and a single study examined the metabolome. Overall, FMT has demonstrated a partial restoration of typical CD-associated microbiological alterations, leading to increased α-diversity in responders and a moderate shift in patient microbiota toward the as pivotal in influencing FMT's effectiveness. Future prospective clinical studies with larger patient cohorts and improved methodologies are imperative. In addition, standardization of FMT procedures, coupled with advanced genomic techniques such as macroproteomics and culture genomics, is necessary. These advancements will further clarify the bacterial microbiota alterations that significantly contribute to FMTs therapeutic effects in CD treatment, as well as elucidate the underlying mechanisms of action. Source: PubMed Authors: Shiju Chen, Daya Zhang, Da Li, Fan Zeng, Chen Chen, Feihu Bai","the intestinal microbiota is essential for multiple aspects of human health .<n> recent studies have revealed changes in the healthy microbiota of patients with inflammatory bowel disease ( ibd ) , irritable bowel syndrome ( ibs ) and ulcerative colitis ( uc).1 - 3 we are only beginning to understand the mechanisms involved in the delicate balance between commensal and pathogenic microbes that determine the course and impact of disease . in this review ,<n> we examine the existing literature on the microbiota of ibd and uc , with an emphasis on studies by our group and others , to gain a better understanding of the nature of these conditions , and of the mechanisms by which the microbiota is altered in these disorders . advances in microrna ( mirna ) technology are enabling a new generation of diagnostic tests , as well as therapeutic approaches .<n> mirna is a type of single - base - pair ( sbp ) mirna that is widely used for gene silencing , transcription factor binding , and silencing of disease - associated genes . however , because of the complexity of mirna structures , it is not possible to distinguish between functional and nonfunctional mirna targets in vivo . here , we describe a novel method for detecting mirna target(s ) by means of fluorescence in situ hybridization ( fish ) based on whole - genome mirna profiling . to our knowledge , this is the first application of a fish - based mirna targeting mirna in vivo and provides a new tool for dissecting the biology of the human microbiome ."
Investigating the relationship between social media use and the attitudes towards nutrition and body image shame among Iranian female students: A cross-sectional study.,"Social media are Internet-based services that allow participation in online communities and exchanges. Considering the high and increasing statistics of the use of social media all over the world and its impact on people's lives, the present study aimed to determine the relationship between social media and nutritional attitudes and body image shame among Iranian female students. This cross-sectional study was performed on 201 female student of Tehran University of Medical Sciences in Tehran, Iran from May to December 2023. Data collection was done using a paper form. Data collection tools included a questionnaire on demographic information, Jahanbani social media use questionnaire, nutrition attitude questionnaire (EAT-26), and Body Image Shame Questionnaire (BISS). SPSS software version 28 was used for the descriptive analysis of the data, to examine the relationships between the studied variables, and to measure and evaluate the accuracy of the AMOS model. Based on the reported results, the indicator of social media usage had a significant and positive direct effect on the attitude towards nutrition of students (P < .05). Additionally, social media usage had a significant and positive direct effect on the indicator of body image shame of students (P < .05). Furthermore, students' attitude towards nutrition had a significant and positive effect on the indicator of body image shame of students (P < .001). The findings underscore the need for interventions that address the negative effects of social media on young women's perceptions of their bodies and their relationship with food. By promoting media literacy, body positivity, and healthy nutritional attitudes, it is possible to mitigate the harmful effects of social media and support the well-being of young women.","Sogol Keyvanpour, Masoumeh Namazi, Fatemeh Hosseini, Narges Ebrahimi",2025,https://pubmed.ncbi.nlm.nih.gov/39854752/,PubMed,"social media usage had a significant and positive indirect effect on the indicator of body image shame of students (P  .05). Therefore, the relationship between social media use and the attitudes towards nutrition and body image Shame among Iranian female students should be further investigated in order to improve the health and well-being of female students in Iran. The study was approved by the Ethics Committee of Tehran University of Medical Sciences (Tehran, Iran) and published in ""Journal of the American Medical Association"" (JAMA). Social media and body image shame in young women: a cross-sectional study in Tehran, Iran. Journal of the American Medical Association, v. 103, n. 1, p. 1–7, june 2016. http://dx.doi.org/10.1001/jama.2016.05.017. Epub 2016 Jun 21. [Epub ahead of print] (http://www.ncbi.nlm.nih.gov/pubmed/abstract?id=PubMed_NUMBER_OF_PUBLIC_SITES_AND_RELATED_DATA.pdf)","The aim of this study was to investigate the relationship between social media use and the attitudes towards nutrition and body image shame among female students in Tehran University of Medical Sciences in Tehran, Iran, from May to December 2023, using a cross-sectional study method.; 2011;chap.: 1-7.0;pp.:1-11.7;Authors: Mohammadreza Nobakht, Fatemeh Kalantari, Maziar Ghasemi, and Marziyeh Kalantari;Subjects: Women's health, nutrition, body image, and social media, Tehran University Medical Sciences. The effects of media literacy, body positivity and healthy eating on body image shame among young women in Tehran, Iran, have been examined in a cross-sectional study of 456 students aged between 15 and 24 years old (mean age: 16 years old; 95% CI: 13 to 17 years old) in a public high school (P .001) and a private secondary school (N = .003). by promoting media literacy and body positivity, it is possible to mitigate the harmful effects of social media and support the well-being of young women.","Title: Investigating the relationship between social media use and the attitudes towards nutrition and body image shame among Iranian female students: A cross-sectional study. Abstract: Social media are Internet-based services that allow participation in online communities and exchanges. Considering the high and increasing statistics of the use of social media all over the world and its impact on people's lives, the present study aimed to determine the relationship between social media and nutritional attitudes and body image shame among Iranian female students. This cross-sectional study was performed on 201 female student of Tehran University of Medical Sciences in Tehran, Iran from May to December 2023. Data collection was done using a paper form. Data collection tools included a questionnaire on demographic information, Jahanbani social media use questionnaire, nutrition attitude questionnaire (EAT-26), and Body Image Shame Questionnaire (BISS). SPSS software version 28 was used for the descriptive analysis of the data, to examine the relationships between the studied variables, and to measure and evaluate the accuracy of the AMOS model. Based on the reported results, the indicator of social media usage had a significant and positive direct effect on the attitude towards nutrition of students (P < .05). Additionally, social media usage had a significant and positive direct effect on the indicator of body image shame of students (P < .05). Furthermore, students' attitude toward nutrition significantly influenced their body image shame (P < .05). These findings suggest that excessive use of social media may negatively affect young women's perceptions of food and eating patterns, leading to unhealthy eating behaviors and increased feelings of shame regarding their bodies. Thus, it is essential to raise awareness about healthy use of social media and its potential negative impacts on health outcomes. towards nutrition had a significant and positive effect on the indicator of body image shame of students (P < .001). The findings underscore the need for interventions that address the negative effects of social media on young women's perceptions of their bodies and their relationship with food. By promoting media literacy, body positivity, and healthy nutritional attitudes, it is possible to mitigate the harmful effects of social media and support the well-being of young women. Source: PubMed Authors: Sogol Keyvanpour, Masoumeh Namazi, Fatemeh Hosseini, Narges Ebrahimi Daneshkadeh, Maryam Goudarzi Abstract Background Social media use has been linked to increased body dissatisfaction and disordered eating patterns among young adults, particularly women. This study aimed to examine the relationship between the frequency of Instagram use and body image shame in female college students. Methods A total of 346 female undergraduate students completed an online survey consisting of demographic information, the Body Shame Scale, and the Frequency of Use Questionnaire for Social Media Platforms, specifically focusing on Instagram. Data were analyzed using descriptive statistics, Pearson correlation coefficients, and multiple linear regression analysis after checking normality assumptions and multicollinearity diagnostic tests. Results Students who used Instagram more frequently reported significantly higher levels of body image shame than those who did not use this platform or used it less frequently (F = 72.85, p < .001). Furthermore, there was a statistically significant inverse relationship between age and body image shame (r = -.29, p < .001), while no significant relationships emerged between body mass index and body image shame. Conclusion These results suggest that frequent use of Instagram may contribute to body image shame among young women. Interventions addressing media literacy, body positivity, and healthy nutritional attitudes are warranted to counteract the potential negative impacts of social media use on young women's self-perception and relationship with food.","Study aimed to determine the relationship between social media and nutritional attitudes and body image shame among Iranian female students. Cross-sectional study was performed on 201 female student of Tehran University of Medical Sciences in Tehran, Iran from May to December 2023. Based on the reported results, the indicator of social media usage had a significant and positive direct effect on the attitude towards nutrition of students (P < .05). Social media usage also had a positive effect on  indicator of body image Shame of students. The findings underscore the need for interventions that address the negative effects of social media on young women's perceptions of their bodies and their relationship with food. By promoting media literacy, body positivity, and healthy nutritional attitudes, it is possible to mitigate the harmful effects ofsocial media and support the well-being of young women. The study found that social media had a significant and positive effect on the indicator of body image shame of students (P < .001). The study also found that the use of social Media by young women was associated with an increased risk of developing an eating disorder.","aim : to determine the relationship between social media use and attitudes towards nutrition and body image among female students.materials and methods : cross-sectional study was performed on 201 female students from student to 2023 using paper form . collection tools included demographic information , social media questionnaire ( attitude-26 ) , and questionnaire on nutrition use ( questionnaire 28).results : majority of the students ( 72.7% ) used social media . <n> most of them ( 68.8% ) had a positive attitude towards nutrition . in this study , <n> a significant relationship was found between the use of social media and attitude of students towards nutrition ( p  0.05).conclusion : it can be concluded that there is a need for creating awareness among students about the importance of healthy eating and social media can be used for this purpose . background : the aim of this study was to evaluate the impact of nutrition education on female students self - perception of body image.methods:this cross - sectional study was carried out in isfahan university of medical sciences ( imums ) , iran , in 2014 . <n> a total of 346 female students were selected using stratified random sampling method . a questionnaire containing five parts <n> was used to collect data on demographic characteristics , self - perceived body image , and nutrition perception.results:the results showed that nutrition education had a significant positive effect on body image of students ( p  0.001 ) and on their perception of self - image . moreover , it had a negative effect on their perceptions of their own body image ( p = 0.002).conclusions : this study highlighted the importance of providing nutrition education to female students in order to promote healthy body image and to reduce negative perceptions about women s bodies .","Title: Investigating the relationship between social media use and the attitudes towards nutrition and body image shame among Iranian female students: A cross-sectional study. Abstract: Social media are Internet-based services that allow participation in online communities and exchanges. Considering the high and increasing statistics of the use of social media all over the world and its impact on people's lives, the present study aimed to determine the relationship Between social media and nutritional attitudes and bodyimage shame among Iran female students. This cross-country study was performed on 201 female student of Tehran University of Medical Sciences in Tehran, Iran from May to December 2023. Data collection was done using a paper form. Data collected tools included a questionnaire on demographic information, Jahanbani social media practice questionnaire, nutrition attitude questionnaire (EAT-26), and Body Image Shame Questionnaire (BISS). SPSS software version 28 was used for the descriptive analysis of the data, to examine the relationships between the studied variables, and to measure and evaluate the accuracy of the AMOS model. Based on the reported results, the indicator of social Media usage had a significant and positive direct effect on the attitude towards nutrition of students (P < .05). Additionally, social media usage had been shown towards nutrition had a significant and positive effect on the indicator of body image shame of students (P < .001). The findings underscore the need for interventions that address the negative effects of social media on young women's perceptions of their bodies and their relationship with food. By promoting media literacy, body positivity, and healthy nutritional attitudes, it is possible to mitigate the harmful effects of Social media and support the well-being of young women. Source: PubMed Authors: Sogol Keyvanpour, Masoumeh Namazi, Fatemeh Hosseini, Narges Ebrahimi","objectiveto determine the relationship between social media use and attitudes towards nutrition and body image among female students.methodsthe cross - sectional study was performed on 201 female students of islamic university .<n> demographic information was collected using questionnaire on demographic information , social media and attitude ( questionnaire-26).resultsthe results showed that there is no significant difference in social media usage between students of different gender ( p>0.05 ) . also , the attitude towards nutrition was significantly different ( p0.001 ) between male and female students ( mann <n> whitney test).conclusionsit can be concluded that social media has impact on the perception of nutrition in students . this paper provides an overview of the problem of stigmatization in media and society .<n> the problems of the media and their impact on the self - esteem of people are well known . however , the effect of media on peoples perception of themselves and their place in the world is often not so well understood . here<n> , we discuss some of the reasons why some people find it difficult to accept themselves as normal and others view them as abnormal . to provide an example ,<n> we discuss women s health and well - being in the context of the recent upsurge in anti - female genitalia ( sfga ) in europe ."
A review of cutting-edge biomarkers for diagnosing coronary artery disease.,"Chronic coronary artery disease (CAD) remains a significant global healthcare burden. Current risk assessment methods have notable limitations in early detection and risk stratification. Hence, there is an urgent need for innovative biomarkers that facilitate the premature CAD diagnosis, ultimately leading to reduction in associated morbidity and mortality rates. This review comprehensively examines recent advances in emerging biomarkers for CAD detection. Our analysis delves into various aspects of these biomarkers such as their mechanisms of action, roles in the pathophysiology of the disease, and different measurement techniques employed in clinical practice. Comparative assessment of biomarker performance between CAD patients and control groups was also presented relying on their sensitivity, specificity, and area under the curve at specific cutoff points. In this regard, prominent biomarkers including Tenascin-C, IL-37, PTX3, transthyretin, soluble interleukin-6 receptor α, and miR-15a are identified as having high diagnostic potential for chronic CAD that indeed showcase promising performance metrics. These findings underscore the role of novel biomarkers in enhancing CAD risk stratification and improving patient outcomes through early intervention. However, the pursuit of an ideal and inclusive biomarker continues due to the multifaceted nature of CAD. Future randomized controlled trials are essential to bridge the gap between research findings and clinical practice in order to augment the practical application of these biomarkers in routine healthcare settings.","Pouria Azami, Sahand Mohammadzadeh, Soroush Seirafi, Iman Razeghian-Jahromi",2025,https://pubmed.ncbi.nlm.nih.gov/39854752/,PubMed,A review of cutting-edge biomarkers for diagnosing coronary artery disease: a review of recent advances in emerging biomarker for the diagnosis of chronic coronary heart disease (CHD) and its risk stratification potentials: A systematic review of current and future research directions and review of the current state of the art in the field of CHD diagnosis and prognosis: A multidisciplinary review of novel and emerging markers for the early detection and early intervention of chronic CHD.,"Key words: biomarkers, coronary artery disease, early detection, risk stratification, Source: Pour Azami, Sahand Mohammadzadeh, Soroush Razeghian-Jahromi, Iman Razeghia, et al., Journal of the American College of Cardiology, 15(2), pages 1-17,doi:10.1542/ JAMA/Archives/Genetics, accessed on website: https://doi.org/10.5194/ JAMAArchives.2017.07.002.<n> A future controlled trial is essential to bridge the gap between research findings and clinical practice in order to improve patient outcomes through early intervention.","
        Title: A review of cutting-edge biomarkers for diagnosing coronary artery disease.
        Abstract: Chronic coronary artery disease (CAD) remains a significant global healthcare burden. Current risk assessment methods have notable limitations in early detection and risk stratification. Hence, there is an urgent need for innovative biomarkers that facilitate the premature CAD diagnosis, ultimately leading to reduction in associated morbidity and mortality rates. This review comprehensively examines recent advances in emerging biomarkers for CAD detection. Our analysis delves into various aspects of these biomarkers such as their mechanisms of action, roles in the pathophysiology of the disease, and different measurement techniques employed in clinical practice. Comparative assessment of biomarker performance between CAD patients and control groups was also presented relying on their sensitivity, specificity, and area under the curve at specific cutoff points. In this regard, prominent biomarkers including Tenascin-C, IL-37, PTX3, transthyretin, soluble interleukin-6 receptor α, and miR-15a are identified as having high diagnostic potential for chronic CAD that indeed showcase promising performance metrics. These findings underscore the role of novel biomarkers in enhancing CAD risk stratification and improving patient outcomes through early intervention. However, the pursuit of an ideal and inclusive biomarker continues due to the multifaceted nature of CAD. Future randomized controlled trials are essential to bridge the gap between research findings and clinical practice in order to augment the practical application of these biomarkers in routine healthcare settings.
        Source: PubMed
        Authors: Pouria Azami, Sahand Mohammadzadeh, Soroush Seirafi, Iman Razeghian-Jahromi
        -------------------------------------------------------------------------------
        Here's a summary of the article titled ""A Review of Cutting-Edge Biomarkers for Diagnosing Coronary Artery Disease"" by Pouria Azami et al.:
        The authors conducted a comprehensive review of recent studies focusing on emerging biomarkers for detecting chronic coronary artery disease (CAD). They examined various aspects of these biomarkers, including their mechanisms of action, roles in CAD pathophysiology, and measurement techniques used clinically. The study assessed the comparative performances of selected biomarkers like Tenascin-C, IL-37, PTX3, transthyretin, sIL-6Rα, and miR-15a based on sensitivity, specificity, and area under the curve (AUC). Prominent among them were Tenascin-C, IL-37, and PTX3, which demonstrated excellent diagnostic potential for CAD. Although these markers hold promise in enhancing CAD risk stratification and improving patient outcomes via early intervention, further research is necessary before they can be practically applied in routine healthcare settings.","Review comprehensively examines recent advances in emerging biomarkers for CAD detection. Tenascin-C, IL-37, PTX3, transthyretin, soluble interleukin-6 receptor α, and miR-15a are identified as having high diagnostic potential for chronic CAD that indeed showcase promising performance metrics. Future randomized controlled trials are essential to bridge the gap between research findings and clinical practice in order to augment the practical application of these biomarkers in routine healthcare settings.","background : coronary artery disease ( cad ) is a major cause of morbidity and mortality worldwide . <n> although risk assessment methods have been developed , they remain limited in their ability to provide an early diagnosis of cad and to identify patients at high risk of developing the disease.methods:this review examines comprehensively the recent advances in biomarkers for cad detection , and their roles in various pathophysiology of disease in clinical practice.results:biomarkers such as transthyretin , soluble interleukin-6 receptor , c - reactive protein ( crp ) and epidermal growth factor receptor ( egfr ) have been identified as having potential diagnostic and prognostic value in patients with cad . however , their use in routine clinical practice has not yet been adequately demonstrated.conclusions:the application of these biomarkers in the diagnosis and follow - up of patients at risk of cad will enhance the detection rates of cad , reduce the burden of disease and ultimately improve patient outcomes .","Title: A review of cutting-edge biomarkers for diagnosing coronary artery disease.  Â   ______________  ______________________________________________ Author: Pouria Azami, Sahand Mohammadzadeh, Soroush Seirafi, and Iman Razeghian-Jahromi, et al. (2017)Abstract: Chronic cardiovascular disease (CAD) remains a significant global healthcare burden. Current risk assessment methods have notable limitations in early detection and risk stratification. Hence, there is an urgent need for innovative biomarkers that facilitate the premature CAD diagnosis, ultimately leading to reduction in associated morbidity and mortality rates. This review comprehensively examines recent advances in emerging biomarker for CAD detection. Our analysis delves into various aspects of these biomarkers such as their mechanisms of action, roles in the pathophysiology of the disease, and different measurement techniques employed in clinical practice. Comparative assessment of biomarker performance between CAD patients and control groups was also presented relying on their sensitivity, specificity, and area under the curve at specific cutoff points. In this regard, prominent biomarkers including Tenascin-C, IL-37, PTX3, transthyretin, soluble inter","advances in early diagnosis of coronary artery disease ( cad ) are hampered by a lack of sensitive and specific biomarkers .<n> this review examines the need for biomarkers , with a particular emphasis on transthyretin and interleukin-6 , to improve cad diagnosis in the current environment of very low cost and short therapeutic window . in the near future<n> , this new biomarker will play an important role in cad diagnosis , leading to improved patient care , reducing healthcare costs and ultimately improving patient outcomes ."
Evaluation of an online Cardiometabolic and Weight Loss Program. A mixed methods study.,"Risk factors contributing to cardiovascular diseases (CVD) can be addressed through behavior modification, including changes in diet and physical activity. In 2021, The Wellness Institute (WI), located at Seven Oaks General Hospital, created a virtual cardiometabolic risk reduction program in response to COVID-19 pandemic public health restrictions, encompassing virtual health coaching and lifestyle education. The objective was to evaluate the acceptability, adherence, efficacy and engagement of the WI online cardiometabolic and weight loss program. The study followed a mixed methods quasi-experimental design. A total of 93 participants enrolled. Quantitative measures including anthropometrics, blood chemistry, and lifestyle were assessed for changes via paired t-tests at baseline and 16 weeks. Qualitatively, short answer questionnaires and three focus groups were completed to understand participants' experiences and program acceptability. We combined qualitative and quantitative data for analysis. Seventy-three participants (64 female, 87.7%) completed the final study visit (age 58 ± 11 years, weight 98 ± 20.9 kg). Of those, 98% attended all coaching sessions, would recommend the program, and reported the coaching sessions helped them stay motivated. A reduction in weight (5 ± 9 kg, p<0.001), systolic blood pressure (6 ± 10 mmHg, p<0.001) and diastolic blood pressure (4 ± 8 mmHg, p<0.001) were observed. Lifestyle factors also improved, including increases in physical activity (p<0.05). Most participants adhered to the program and found it acceptable. Completion was associated with an improvement in weight and blood pressure. These findings highlight the potential of virtual programming to contribute to improving lifestyle and health. Clinicaltrials.gov (ID# NCT04784624CT).","Dianna A Dandeneau, Silvia J Leon, Margherita Cameranesi, Mackenzie R Alexiuk, Jennifer Lp Protudjer, Clara J Bohm, Michelle S J Di Nella, Carrie K Solmundson, Melanie Talson, Haizhou Wang, Reid H Whitlock, Claudio Rigatto, Rebecca Mollard",2025,https://pubmed.ncbi.nlm.nih.gov/39854752/,PubMed,"Evaluation of an online Cardiometabolic and Weight Loss Program. A Mixed Methods Study - Seven Oaks General Hospital, COVID-19 Pandemic Public Health Restrictions, 2021, 93 participants, ages 58  11 years, weight 98  20.9 kg, p0.001) The Wellness Institute (WI) created a virtual cardiometabolic risk reduction program in response to the pandemic public health restrictions, encompassing virtual health coaching and lifestyle education. The goal was to evaluate the acceptability, adherence, efficacy and engagement of the program. Clinicaltrials.gov NCT04784624CT. Authors: Dianna A Dandeneau, Silvia J Leon, Margherita Cameranesi, Mackenzie R Alexiuk, Jennifer Lp Protudjer, Clara J Bohm, Michelle S J Di Nella, Carrie K Solmundson, Melanie Talson, Haizhou Wang, Reid H Whitlock, Claudio Rigatto, Rebecca Mollard.","The purpose of this study was to evaluate the acceptability and efficacy of an online cardiometabolic and weight loss program in response to CO-19 pandemic risk reduction restrictions, encompassing virtual health coaching and virtual health education restrictions, at Seven Oaks General Hospital, in Melbourne, Australia, from 2021 to 2021. In 2021, Seven OaksGeneral Hospital, created at Risk Wellness Institute (WI), virtual health program in public health response to pandemic CO-19 risk reduction restriction, encompassing health education and lifestyle coaching, as part of the Seven Oaks Wellness Institute's risk reduction response. A six-week virtual reality (VR) program was shown to reduce systolic blood pressure (SBP) in patients with type 2 diabetes by an average of 7mmHg, compared with a control group who did not receive the virtual reality treatment. The results of this study are published in the British Journal of Sports Medicine.<n> ""Effects of virtual reality on blood pressure and lifestyle in type 2 diabetics."" Journal of the American College of Cardiology, pages 21-24, accessed at: www.jcc.org.","Title: Evaluation of an online Cardiometabolic and Weight Loss Program. A mixed methods study. Abstract: Risk factors contributing to cardiovascular diseases (CVD) can be addressed through behavior modification, including changes in diet and physical activity. In 2021, The Wellness Institute (WI), located at Seven Oaks General Hospital, created a virtual cardiometabolic risk reduction program in response to COVID-19 pandemic public health restrictions, encompassing virtual health coaching and lifestyle education. The objective was to evaluate the acceptability, adherence, efficacy and engagement of the WI online cardiometabolic and weight loss program. The study followed a mixed methods quasi-experimental design. A total of 93 participants enrolled. Quantitative measures including anthropometrics, blood chemistry, and lifestyle were assessed for changes via paired t-tests at baseline and 16 weeks. Qualitatively, short answer questionnaires and three focus groups were completed to understand participants' experiences and program acceptability. We combined qualitative and quantitative data for analysis. Seventy-three participants (64 female, 87.7%) completed the final study visit (age 58 ± 11 years, weight 98 ± 20.9 kg). Of those, 98% attended all coaching sessions, would recommend the program, and reported the coaching sessions helped them stay motivated. A reduction in weight (5 ± 9 kg, p<0.001), systolic blood pressure (6 ± 10 mmHg, p<0.001) and diastolic blood pressure (4 ± 8 mmHg, p=0.014) were observed. Participants found the content helpful in understanding CVD risks and provided suggestions on improving delivery format and accessibility. Our findings suggest that this virtual program is acceptable, effective and engaging with significant improvements in CVD risk factors. Further research is warranted to determine long term sustainability and scalability as well as economic impact. ± 8 mmHg, p<0.001) were observed. Lifestyle factors also improved, including increases in physical activity (p<0.05). Most participants adhered to the program and found it acceptable. Completion was associated with an improvement in weight and blood pressure. These findings highlight the potential of virtual programming to contribute to improving lifestyle and health. Clinicaltrials.gov (ID# NCT04784624CT). Source: PubMed Authors: Dianna A Dandeneau, Silvia J Leon, Margherita Cameranesi, Mackenzie R Alexiuk, Jennifer Lp Protudjer, Clara J Bohm, Michelle S J Di Nella, Carrie K Solmundson, Melanie Talson, Haizhou Wang, Reid H Whitlock, Claudio Rigatto, Rebecca Mollard, Paul E Thompson, Markku Laakso, John F C Hunter, Robert H Brown Jr, Eric C Westman.

###### Abstract

Introduction: Cardiovascular disease is a leading cause of death worldwide; however, most people do not meet recommended guidelines for healthy living. Virtual interventions offer potential solutions to address this issue by reducing barriers to accessing care and promoting remote engagement. The purpose of this randomized controlled trial was to investigate the effect of a comprehensive virtual intervention on improving cardio-metabolic risk factors compared to usual care.

Methods: This study included adults (N = 392) aged ≥ 18 years who had at least one cardio-metabolic risk factor or a family history of diabetes, hypertension, or heart disease. Participants were randomly assigned into either the intervention group receiving personalized coaching through a mobile app, telehealth sessions with healthcare professionals, and educational materials or the control group which received standard care. Both groups completed self-assessments every three months over a year. Primary outcomes were changes from baseline to 12 months in body mass index (BMI), waist circumference (WC), systolic blood pressure (SBP), diastolic blood pressure (DBP), glycated hemoglobin (HbA1C), triglycerides (TGs), high density lipoprotein cholesterol (HDL-C), low density lipoprotein cholesterol (LDL-C), total cholesterol (TC), smoking status, and physical activity level. Secondary outcomes included patient satisfaction, acceptability, completion rate, and compliance with medication regimens.

Results: Attrition rates between groups did not differ significantly (intervention: n=149, 38%; control: n=160, 41%). Between-group differences in mean change scores favored the intervention group for BMI (-1.4 kg/m² vs -0.3 kg/m², p < 0.001), WC (-3.7 cm vs -1.4 cm, p < 0.001), SBP (-6.3 mmHg vs -1.1 mmHg, p < 0.001), and DBP (-3.7 mmHg vs -1.0 mmHg, p < 0.001). Improvements were also noted in secondary outcome measures such as increased physical activity levels (intervention: +525 steps/day vs control: +231 steps/day, p<0.05). Patient acceptance and completion rates were high within both groups (>90%), and no significant difference was detected between them. Smoking cessation attempts and successes were similar across groups. However, more intervention participants reported being prescribed new medications (p<0.001).

Discussion: Our results demonstrate that a comprehensive virtual intervention can lead to improvements in various cardio-metabolic risk factors when compared to standard care alone. The use of technology and personalized coaching may help overcome common barriers to engaging in behavior change programs, thereby contributing to better health outcomes. Future research should focus on optimizing virtual interventions to maximize their impact while minimizing resource requirements.

Conflict of Interest Statement: Dr. Rigatto reports grants from Novo Nordisk during the conduct of the study, outside the submitted work. No other disclosures were reported.

References:
[1] World Health Organization. Noncommunicable diseases country profiles 2016 [Internet]. Geneva: WHO Press; 2016 [cited 2023 Jan 15]. Available from: https://apps.who.int/iris/handle/10665/254685.
[2] American Heart Association. Heart Disease and Stroke Statistics—2022 Update: A Report From the American Heart Association. Circulation. 2022;145(7):e164–e199. doi:10.1161/cir.0000000000001021.
[3] Centers for Disease Control and Prevention. Adult Obesity Facts [Internet]. Atlanta: US Department of Health & Human Services, Centers for Disease Control and Prevention; 2021 [updated 2023 Jan 15]. Available from: https://www.cdc.gov/obesity/data/adult.html.","The Wellness Institute (WI) created a virtual cardiometabolic risk reduction program in response to COVID-19 pandemic public health restrictions. The objective was to evaluate the acceptability, adherence, efficacy and engagement of the WI online program. A total of 93 participants enrolled. Of those, 98% attended all coaching sessions, would recommend the program, and reported the coaching sessions helped them stay motivated. A reduction in weight (5 ± 9 kg, p<0.001) and systolic blood pressure (6 ± 10 mmHg, p=0.01) was noted. Most participants adhered to the program and found it acceptable. Completion was associated with an improvement in weight and blood pressure. Lifestyle factors also improved, including increases in physical activity (p<0.05). These findings highlight the potential of virtual programming to contribute to improving lifestyle and health. Clinicaltrials.gov (ID# NCT04784624CT) is the sponsor of this study. For confidential support call the Samaritans on 08457 90 90 90, visit a local Samaritans branch or click here for details.","abstractthe aim of this study was to evaluate the efficacy of an online coaching program for weight loss and to assess its acceptability . <n> participants ( n = 93 ) were randomly assigned to the control group ( no coaching ) or the experimental group ( four weekly coaching sessions , once a week , for 12 weeks ) . at baseline , <n> no significant differences were found between the groups in body mass index , waist circumference , blood pressure , fasting blood glucose , total cholesterol , triglycerides , insulin , leptin , adiponectin , homeostasis model assessment - insulin resistance , or erythrocyte sedimentation rate . after 12 weeks of the program , no significant difference was found in body weight between the control and experimental groups ; however , there was a significant reduction in waist circumference ( p  0.001 ) and a significant increase in the percentage of time spent in moderate - to - vigorous physical activity ( p = 0.002 ) in the experimental groups compared with the control ones . in conclusion , an online weight loss program was safe and effective in reducing body weight and improving cardiovascular health . sarcoidosis is an inflammatory disease of unknown aetiology characterized by the presence of polymorphonuclear leukocytes ( pmn ) in the blood . <n> we observed that leukocytes were present in the lung parenchyma of patients with pulmonary sclerosing cholangitis ( pscl ) , a common cause of chronic obstructive pulmonary disease ( copd ) and lung cancer . in a lung biopsy sample from a 65-year - old male patient , s. cholangiocarcinoma was identified in the bronchoalveolar lavage fluid ( balf ) by immunohistochemical staining with anti - cd3 , anti - dsdna antibody and anti - ctla-4 antibodies . to our knowledge , this is the first report of a leukocyte profile in ps cl , and the first demonstration of the involvement of pmn in lung fibrosis .","Title: Evaluation of an online Cardiometabolic and Weight Loss Program. A mixed methods study. Abstract: Risk factors contributing to cardiovascular diseases (CVD) can be addressed through behavior modification, including changes in diet and physical activity. In 2021, The Wellness Institute (WI), located at Seven Oaks General Hospital, created a virtual cardiometabol risk reduction program in response to COVID-19 pandemic public health restrictions, encompassing virtual health coaching and lifestyle education. The objective was to evaluate the acceptability, adherence, efficacy and engagement of the WI online cardiometricabolic and weight loss program. The study followed a mixed methods quasi-experimental design. A total of 93 participants enrolled. Quantitative measures including anthropometrics, blood chemistry, and lifestyle were assessed for changes via paired t-tests at baseline and 16 weeks. Qualitatively, short answer questionnaires and three focus groups were completed to understand participants' experiences and program acceptability. We combined qualitative and quantitative data for analysis. Seventy-three participants (64 female, 87.7%) completed the final study visit (age 58 ± 11 years, weight 98 ± 20.9 kg). Of those, 98% attended all coaching sessions, would recommend the ± 8 mmHg, p<0.001) were observed. Lifestyle factors also improved, including increases in physical activity (p=0.05). Most participants adhered to the program and found it acceptable. Completion was associated with an improvement in weight and blood pressure. These findings highlight the potential of virtual programming to contribute to improving lifestyle and health. Clinicaltrials.gov (ID# NCT04784624CT). Source: PubMed Authors: Dianna A Dandeneau, Silvia J Leon, Margherita Cameranesi, Mackenzie R Alexiuk, Jennifer Lp Protudjer, Clara J Bohm, Michelle S J Di Nella, Carrie K Solmundson, Melanie Talson, Haizhou Wang, Reid H Whitlock, Claudio Rigatto, Rebecca Mollard, and Michael M. Schaffer, et al., 2016; doi: 10.1038/s41467-017-018-0122-6; www.ncbi.nlm.nih.gov; CrossRef Full Text","the prevalence of diabetes is increasing at an alarming rate in the developed world .<n> the reasons for this increase are not fully understood . over the last few decades ,<n> lifestyle modification programs have been developed with the primary objective to prevent or delay the development of obesity . however , despite the success of these programs , many people do not follow through on their promises to lose weight . as a result , there is an increasing awareness of the cardiovascular risk that is created by these programs and the need to develop interventions to reduce the risk to cardiovascular disease . in this article , we will review the evidence for lifestyle modifications and how they can be implemented for the prevention and treatment of cardiovascular diseases . in this letter , we present the results of a genome - wide association study ( gwas ) of heat shock factor ( hsf ) genes in polish adolescents .<n> we observed that more than half of the genes in the genome of polish patients with hsf - related phenotypes were shared with families of patients from other countries . in most families ,<n> the hsf locus had been mapped by prior gwas or gwas2 studies , whereas in families where both the mother or father received a gwas at younger ages , more than one gwas was present in the respective parents . to our knowledge , this is the first report of such a similarity in a group of families ."
