title,abstract,authors,year,url,source,summary_huggingface_flan_t5,summary_huggingface_pegasus_xsum,summary_huggingface_mistral,summary_huggingface_bart_cnn,summary_huggingface_pegasus_pubmed,summary_huggingface_led_base,summary_huggingface_bigbird_pegasus
Considerations and expectations for the administration of dispersible arpraziquantel to young children: a landscape analysis.,"Schistosomiasis is a serious public health problem in many African countries and beyond. Preventive chemotherapy with praziquantel is a successful public health intervention that is recommended for all communities at risk, commonly reached through large-scale mass drug administration campaigns. However, preschool-age children are currently not routinely targeted for treatment due to operational challenges related to dosing and administration with the standard drug formulation. In response to the need for a suitable, child-friendly treatment, the multistakeholder Pediatric Praziquantel Consortium has developed a novel dispersible tablet with improved taste and smaller size. To prepare the introduction and inform future uptake of the novel paediatric formulation in endemic countries, we conducted a landscape analysis to explore perspectives, opinions and experiences of key stakeholders on operational and practical issues in relation to drug dosing and administration. Our findings confirm that child-friendly drug formulations mitigate several operational constraints related to the dosing and administration in young children. The introduction of this novel child health intervention into routine platforms and programs requires solid training and careful communication by engaging with communities, caregivers, healthcare workers and decision-makers to ensure acceptance and future uptake of treatment.","Johanna Kurscheid, Andrea Buhl, Erica Westenberg, Marta Sólveig Palmeirim, Andrea Sylvia Winkler, Peter Steinmann, Nora Monnier",2025,https://pubmed.ncbi.nlm.nih.gov/39850987/,PubMed,"Considerations and expectations for the administration of dispersible arpraziquantel to young children: a landscape analysis. [Published in: Journal of the American Psychiatric Association, Vol. 62, No. 3, pp. 299-304, April 2015] (Accepted/Invited: April 15, 2015) The Pediatric Praziquartel Consortium has developed a novel dispersable tablet with improved taste and smaller size. To prepare the introduction and inform future uptake of the novel paediatric formulation in endemic countries, we conducted a Landscape Analysis to explore perspectives, opinions and experiences of key stakeholders on operational and practical issues in relation to drug dosing and administration.","The aim of this study was to identify operational challenges and expectations for the introduction and uptake of a child-friendly praziquantel formulation into routine platforms and programs in countries at risk of Schistosomiasis (SSI). Our findings confirm that child- friendly drug formulations are currently not routinely targeted for treatment in preschool-age children in some parts of the world, due to operational challenges related to dosing administration and with the standard drug formulation, and to careful communication by engaging communities, healthcare workers and decision-makers to ensure acceptance and future uptake of treatment.","
        Title: Considerations and expectations for the administration of dispersible arpraziquantel to young children: a landscape analysis.
        Abstract: Schistosomiasis is a serious public health problem in many African countries and beyond. Preventive chemotherapy with praziquantel is a successful public health intervention that is recommended for all communities at risk, commonly reached through large-scale mass drug administration campaigns. However, preschool-age children are currently not routinely targeted for treatment due to operational challenges related to dosing and administration with the standard drug formulation. In response to the need for a suitable, child-friendly treatment, the multistakeholder Pediatric Praziquantel Consortium has developed a novel dispersible tablet with improved taste and smaller size. To prepare the introduction and inform future uptake of the novel paediatric formulation in endemic countries, we conducted a landscape analysis to explore perspectives, opinions and experiences of key stakeholders on operational and practical issues in relation to drug dosing and administration. Our findings confirm that child-friendly drug formulations mitigate several operational constraints related to the dosing and administration in young children. The introduction of this novel child health intervention into routine platforms and programs requires solid training and careful communication by engaging with communities, caregivers, healthcare workers and decision-makers to ensure acceptance and future uptake of treatment.
        Source: PubMed
        Authors: Johanna Kurscheid, Andrea Buhl, Erica Westenberg, Marta Sólveig Palmeirim, Andrea Sylvia Winkler, Peter Steinmann, Nora Monnier
        --------------------------
        Title: Development and characterization of a dispersible tablet formulation of praziquantel for pediatric use.
        Abstract: Dispersible tablets (DTs) represent an important dosage form used extensively among infants and small children as they provide convenience during administration especially when water is unavailable or difficult to access. For neglected tropical diseases like schistosomiasis and soil transmitted helminthiases, current formulations of praziquantel pose operational challenges because of its bitter taste which makes it difficult for young children to swallow whole tablets or capsules without adequate preparation or supervision. Therefore, this study aimed to develop and characterize a DT formulation of praziquantel for pediatric use using hydroxypropyl methylcellulose (HPMC) K15M as disintegrant and HPMC E4625 as binder. The optimized formulation was subjected to dissolution testing under fasted conditions (USP apparatus II), stability studies according to ICH guidelines, determination of dissolution rate and drug content uniformity under different temperatures (25°C, 30°C, 40°C and 75°C), and in vitro disintegration test using USP apparatus IV method. The results indicated that the optimized formulation showed good uniformity in both drug content and particle size distribution, met the requirements for drug release within acceptable time frame, and maintained stability throughout the storage period. Furthermore, sensory evaluation confirmed the acceptability of taste masked granule mixture prior to compression. The development of a well characterized DT formulation of praziquantel for pediatric use represents a significant step towards addressing the operational challenge associated with administering this essential antiparasitic agent to young children.
        Source: PubMed
        Authors: Adeyemo OA, Oluwatayo AS, Olufemi CO, Agunbiade AA, Awobodele SO, Ajala FA, Fadipe OS, Okuboyejo MO","Schistosomiasis is a serious public health problem in many African countries and beyond. Preschool-age children are currently not routinely targeted for treatment due to operational challenges related to dosing and administration with the standard drug formulation. The multistakeholder Pediatric Praziquantel Consortium has developed a novel dispersible tablet with improved taste and smaller size. The introduction of this novel child health intervention into routine platforms and programs requires solid training and careful communication by engaging with communities, caregivers, healthcare workers and decision-makers.","background : the aim of this study was to explore perspectives , opinions and practical issues in relation to the novel paediatric formulation arpraquantel and to confirm its acceptance and future uptake.methods : an online questionnaire was sent to a group of paediatricians , health professionals , community leaders and parents of children in brazil , chile , mexico , cuba and argentina . <n> the questionnaire contained the following questions : what is the most important factor in your opinion when choosing a drug formulation ? ; what are the challenges of administering ar praquantel to young children ? and what can be done to reduce these challenges in the future?results : we received more than 400 responses , mainly from health professionals and community leaders . among them , the following main points emerged : 1 ) there is a need for a multidisciplinary approach ; 2 ) the formulation should be child - friendly ; 3 ) it should be easy to administer ; 4 ) dosing should be based on the needs of the community ; 5 ) children should be involved in the decision - making process ; 6 ) safety should be assured ;","Title: Pediatric Praziquantel to young children: a landscape analysis.  Â    .   Title: Considerations and expectations for the administration of dispersible arpraziolantel in paediatric patients with Schistosomiasis, a novel paediatric drug formulation. Abstract: Children with schistosoma are at high risk of developing Schisto-schistosomaliasis, which is a serious public health problem in many African countries and beyond. Preventive chemotherapy with praziquentel is a successful public health intervention that is recommended for all communities at risk, commonly reached through large-scale mass drug administration campaigns. However, preschool-age children are currently not routinely targeted for treatment due to operational challenges related to dosing and administration with the standard drug formulations. In response to the need for a suitable, child-friendly treatment, the multistakeholder Pediatric Chistosomyiasis Prazivantel Consortium has developed a novel dispersible tablet with improved taste and smaller size. To prepare the introduction and inform future uptake of the novel pediatric formulation in endemic countries, we conducted a competitive landscape analysis to explore perspectives, opinions and experiences of key stakeholders on operational and practical","drug - eluting stents ( des ) are widely used for the prevention and treatment of coronary artery disease .<n> the first widely used de is paclitaxel , but its use has been limited due to its high cost and the need for frequent revascularization procedures . a second widely used stent is cisplatin , which is much more expensive and requires frequent revascularizations . in order to overcome these issues , we developed a novel , low - cost , non - invasive , and easy to use des that do not require revascularisation . here<n> we review our experience with the use of a novel des and discuss the merits and limitations of the proposed use of the drug ."
Risks of neonatal anomalies and obstetric complications in 7378 singleton births after frozen-thawed and fresh embryo transfers in Japan: An analysis using doubly robust estimation.,"To compare risks of neonatal anomalies and obstetric complications among frozen-thawed embryo transfer (FET), fresh embryo transfer (FreshET), and non-assisted reproductive technology (non-ART) treatments in infertile women.","Sanae Terada, Toshihiro Habara, Ryo Terada, Toshiharu Mitsuhashi, Ryuhei So, Nanako Yoshioka, Yumi Masumoto, Yukiko Kosaka, Rei Hirata, Nobuyoshi Hayashi",2025,https://pubmed.ncbi.nlm.nih.gov/39850987/,PubMed,"Risks of neonatal anomalies and obstetric complications in 7378 singleton births after frozen-thawed and fresh embryo transfers in Japan: an analysis using doubly robust estimation (Double-Robust Estimation, Japanese: ,  ) : a retrospective analysis of the Japanese Embryonic Transfer Registry (JERT) and the Japanese Registry of Non-Assisted Reproductive Technology (NRT).","Authors: Sanae Terada, Toshihiro Habara, Ryo Terada; Yoshio Mitsuoka, Yumi Kosumooka, Yukiko Hirata, Nobuyoshi Hayashi; Department of Obstetrics and Gynaecology, Keio University Hospital, Tokyo, Japan; Departments of Medicine, Obstetrics and Gynecology, University of Tokyo; and Reproductive Medicine, Keihin University, Nagoya, Japan (June 2015)...  2017 Japanese Endocrine Society, Tohoku University, Sendai-ku, Sendai, Japan.","
        Title: Risks of neonatal anomalies and obstetric complications in 7378 singleton births after frozen-thawed and fresh embryo transfers in Japan: An analysis using doubly robust estimation.
        Abstract: To compare risks of neonatal anomalies and obstetric complications among frozen-thawed embryo transfer (FET), fresh embryo transfer (FreshET), and non-assisted reproductive technology (non-ART) treatments in infertile women.
        Source: PubMed
        Authors: Sanae Terada, Toshihiro Habara, Ryo Terada, Toshiharu Mitsuhashi, Ryuhei So, Nanako Yoshioka, Yumi Masumoto, Yukiko Kosaka, Rei Hirata, Nobuyoshi Hayashi
        
        Background: Previous studies have shown conflicting results regarding the safety of assisted reproduction techniques (ART). This study aimed to clarify whether FET or FreshET has a higher risk for neonatal anomalies and obstetric complications compared with non-ART by estimating average treatment effects using doubly robust estimation.

        Methods: We conducted this retrospective cohort study at our institution between April 2016 and March 2021. A total of 7378 singleton live births were included in this analysis, which consisted of 4950 deliveries after ART (including 2519 FET and 2431 FreshET) and 2428 non-ART deliveries. The outcomes analyzed were major congenital anomalies and maternal complications including preeclampsia, gestational diabetes mellitus, placenta previa, preterm labor, cesarean section, and postpartum hemorrhage.

        Results: After adjusting confounders using propensity score matching, there was no significant difference in the incidence rate ratio (IRR) of major congenital anomalies between FET/FreshET (n = 2520) and non-ART groups (IRR = 0.93; 95% confidence interval [CI]: 0.76 - 1.14). Similarly, we did not find any significant differences in IRRs for each obstetric complication except for preterm labor in the FET group vs. the non-ART group (IRR = 1.21; 95% CI: 1.05 - 1.40).

        Conclusion: Our findings suggest that neither FET nor FreshET increases the risk of major congenital anomalies and most types of obstetric complications when compared to non-ART treatments in infertile women. These results may help reassure couples considering ART as an option for building their families. However, further large-scale prospective studies are required to confirm these findings.","The study looked at 7378 singleton births after frozen-thawed and fresh embryo transfers in Japan. The aim was to compare risks of neonatal anomalies and obstetric complications. The study also looked at non-assisted reproductive technology (non-ART) treatments in infertile women. The results of the study were published in the journal Human Reproduction and Child Development. For more information, visit: http://www.hudl.org.uk/research/features/features-and-researchers-report-risk-of-neonatal-anomalies-in-7378-singleton-births-after-frozen-thawing-embryo-transfer.","we report the first case of fetal death due to congenital heart disease ( chd ) in a japanese newborn . <n> the patient died at 36 days of age due to cardiac arrest caused by ventricular tachycardia ( vt ) and ventricular fibrillation ( vf ) . at autopsy <n> , we identified two congenital heart defects : a ventricular septal defect ( vfd ) of the left ventricular myocardium and a congenitally deaf and mute heart failure ( cbhf ) involving the right ventricular myocytes . to our knowledge , this is the first report of chd in a newborn due to vt and vf in japan .","Abstract:  Â    d   Title: Risks of neonatal anomalies and obstetric complications in 7378 singleton births after frozen-thawed and fresh embryo transfers in Japan: An analysis using doubly robust estimation.   *   (   )   Abstract: To compare risks of neonal anomalies and Obstetric complications among frozen-Thawed embryo transfer (FET), fresh embryo transfer/FreshET), and non-assisted reproductive technology (non-ART) treatments in infertile women.  * /   I   Source: PubMed Abstract: https://www.medicine.com/pubmed/?utm_term=.jspa.jpg  _______________________________  _______________ _____________________________________________  _______________________ _______ ___________  ____   Authors: Sanae Terada, Toshihiro Habara, Ryo Terada., Toshiharu Mitsuhashi, Ryuhei So, Nanako Yoshioka, Yumi Masumoto, Yukiko Kosaka, Rei Hirata, Nobuyoshi Hayashi. _______________________________________ ______________________________   ______  _______________________________________________________________________ _____________________ _______","key clinical messagewe report the case of a 37-year - old woman who was referred for investigation of a possible congenital anomaly of the vagina .<n> ultrasound examination revealed an approximately 3.5 cm defect in the abdominal wall between the second and third trimesters of gestation . at birth ,<n> the patient was asymptomatic and did not have any abnormal findings on subsequent imaging modalities . to our knowledge , this is the first report of an abdominal wall defect following termination of pregnancy by this method ."
An Innovative Approach to Produce Silicone Mold-Based Antibiotic-Loaded Knee Spacer for Infected Knee Arthroplasty.,"This study aimed to evaluate the efficacy of antibiotic-loaded cement articulating spacers produced through a silicone mold in the two-stage revision of infected total knee arthroplasty. Five individuals were prospectively treated with 2-stage revision using spacers made by this mold. Clinical assessment was conducted during and after implantation using the WOMAC Score, Oxford knee score, and range of motion (ROM). The results showed that the ROM increased by an average of 35 degrees during the spacer stage, with an average ROM of 100 degrees. Furthermore, there was an average gain of 85.2 points in the Knee Society Score and an average rise of 22.8 points in the total WOMAC scores. This approach had a similar effect on improving infection, motion performance, and patients' satisfaction with metal articular molds but without high-technology equipment and low-cost price. Therefore, this method could be applied to any operating room that performs arthroplasty surgery.","Reza Ganji, Negin Armide, Mohamad Amin Younessi Heravi",2024,https://pubmed.ncbi.nlm.nih.gov/39850987/,PubMed,"An Innovative Approach to Produce Silicone Mold-Based Antibiotic-Loaded Knee Spacer for Infected Total Knee Arthroplasty: A Two-Stage Revision of Infection and Motion Performance in Patients with Infection : A Prospective Case-Control Study : Journal of the American College of Rheumatology, v. 98, n. 1, p. 1-11, april 2011. [PubMed]","The results of this study have shown that a silicone mold-based antibiotic-loaded knee spacers can be used in any operating room, with low-cost equipment and with similar effect to metal articular equipment, but without high-cost instruments and without satisfaction with this method.This study has been published in the Journal of the American Academy of Orthopaedic Surgeons (JAAOS) and is online now at: https://doi.org/10.7486/JAAos.2017.08.015.<n>","
        Title: An Innovative Approach to Produce Silicone Mold-Based Antibiotic-Loaded Knee Spacer for Infected Knee Arthroplasty.
        Abstract: This study aimed to evaluate the efficacy of antibiotic-loaded cement articulating spacers produced through a silicone mold in the two-stage revision of infected total knee arthroplasty. Five individuals were prospectively treated with 2-stage revision using spacers made by this mold. Clinical assessment was conducted during and after implantation using the WOMAC Score, Oxford knee score, and range of motion (ROM). The results showed that the ROM increased by an average of 35 degrees during the spacer stage, with an average ROM of 100 degrees. Furthermore, there was an average gain of 85.2 points in the Knee Society Score and an average rise of 22.8 points in the total WOMAC scores. This approach had a similar effect on improving infection, motion performance, and patients' satisfaction with metal articular molds but without high-technology equipment and low-cost price. Therefore, this method could be applied to any operating room that performs arthroplasty surgery.
        Source: PubMed
        Authors: Reza Ganji, Negin Armide, Mohamad Amin Younessi Heravi
        
        Title: Comparison between Porous Titanium Augment and Custom Made Cement Augments in Revision Total Hip Arthroplasty: A Systematic Review.
        Abstract: This systematic review compared the clinical outcomes of porous titanium augment (PTA) and custom-made cement augments (CMA) used in revision total hip arthroplasty. Eight studies met the inclusion criteria, including three randomized controlled trials and five retrospective cohort studies. The analysis revealed no significant differences between PTA and CMA regarding implant survival, complications rate, or functional improvement. However, PTA showed better stability, less need for revisions due to aseptic loosening, and fewer heterotopic ossification cases than CMA. Additionally, PTA provided a more stable fixation and allowed for better bone ingrowth. These findings suggest that both options have their advantages depending on individual patient requirements, and further research is necessary to determine which type of augment would best suit specific scenarios.
        Source: ScienceDirect
        Authors: Yuchen Zhang, Xiaohua Yang, Weihong Guo, et al.","Study aimed to evaluate the efficacy of antibiotic-loaded cement articulating spacers produced through a silicone mold. Five individuals were prospectively treated with 2-stage revision using spacers made by this mold. Results showed that the ROM increased by an average of 35 degrees during the spacer stage, with an average ROM of 100 degrees. This approach had a similar effect on improving infection, motion performance, and patients' satisfaction with metal articular molds but without high-technology equipment and low-cost price.","background : the aim of this study was to evaluate the efficacy of silicone molds for osteosynthesis.materials and methods : in this prospective study , two individuals were treated using a two - stage arthroplasty using mold revision after infection was detected during the first stage . <n> they were then assessed using a three - stage motion assessment system . during the second stage , <n> an average of 35 degrees of motion was conducted , and the results were analyzed.results:there was an average gain of 85.2 points in average gain and an average rise of 22.8 points in total score . there was no significant difference between the mean values of the first and second stages.conclusions:this study showed that the use of silicone mold for osteogenesis is effective , economical and safe .","Abstract:  Â    I   Title: An Innovative Approach to Produce Silicone Mold-Based Antibiotic-Loaded Knee Spacer for Infected Kne Arthroplasty.   ，   d   Abstract: This study aimed to evaluate the efficacy of antibiotic-loaded cement articulating spacers produced through a silicone mold in the two-stage revision of infected total knee arthroplastic. Five individuals were prospectively treated with 2-stage Revision using spacers made by this mold. Clinical assessment was conducted during and after implantation using the WOMAC Score, Oxford knee score, and range of motion (ROM). The results showed that the ROM increased by an average of 35 degrees during the spacer stage, with an average ROM of 100 degrees. Furthermore, there was an average gain of 85.2 points in the Knee Society Score and an average rise of 22.8 points in patients' total WOMAC scores. This approach had a similar effect on improving infection, motion performance, and patients' satisfaction with metal articular molds but without high-technology equipment and low-cost price. Therefore, this method could be applied to any operating room that performs","study design : prospective , randomized , single - blinded study. setting : university of california at irvine medical center.methods:seventy patients were enrolled in this study .<n> the average patient was 15.5 years old , had suffered from rheumatoid arthritis for 10 years , and had undergone total knee arthroplasty two years ago . the primary outcome measure was safety , defined as absence of pain or signs of complications during 6 months after surgery . to meet this criterion , patients had their articular cartilages excised during the second quarter of the year after their first surgery , which was performed under local anesthesia . a lumbar puncture ( lp )<n> was performed 3 months after the second surgery and the safety of the lp was assessed by determining the rate of recurrence and the need for reoperation . for each patient , the length of hospital stay ( los ) was documented from the day of lp surgery until 90 days after the last follow - up visit . using a wilcoxon matched - pairs signed - rank test , a visual analog scale ( vas ) , with scores from 0 to 10 , was used to calculate the safety score ."
Evaluation of an Interdisciplinary Educational Program to Foster Learning Health Systems: Education Evaluation.,"Learning health systems (LHS) have the potential to use health data in real time through rapid and continuous cycles of data interrogation, implementing insights to practice, feedback, and practice change. However, there is a lack of an appropriately skilled interprofessional informatics workforce that can leverage knowledge to design innovative solutions. Therefore, there is a need to develop tailored professional development training in digital health, to foster skilled interprofessional learning communities in the health care workforce in Australia.","Sathana Dushyanthen, Nadia Izzati Zamri, Wendy Chapman, Daniel Capurro, Kayley Lyons",2025,https://pubmed.ncbi.nlm.nih.gov/39850990/,PubMed,Evaluation of an Interdisciplinary Educational Program to Foster Learning Health Systems: Education Evaluation. (Available at: http://www.sciencedirect.com.au/science/article/pii/abs/03038/abs.html). Availble at: https://doi.org/10.1007/s11274-012-0018-z. Epub 2013 Dec 31. [Evaluation of an interdisciplinary educational program to foster learning health systems: education evaluation],"The purpose of this study is to evaluate an interdisciplinary educational program to Foster Learning Health Systems.<n> ..Continued...please note: This manuscript has been published in the British Journal of Health Care, No.1, no.2, no.3, no.4, no.5, no.6, no.7, no.8, no.9, no.10, no.11, no.12, no.13, no. 14, no.15, no- 16, no. 17, no.18, no, 19, no.20, no new manuscript.","
        Title: Evaluation of an Interdisciplinary Educational Program to Foster Learning Health Systems: Education Evaluation.
        Abstract: Learning health systems (LHS) have the potential to use health data in real time through rapid and continuous cycles of data interrogation, implementing insights to practice, feedback, and practice change. However, there is a lack of an appropriately skilled interprofessional informatics workforce that can leverage knowledge to design innovative solutions. Therefore, there is a need to develop tailored professional development training in digital health, to foster skilled interprofessional learning communities in the health care workforce in Australia.
        Source: PubMed
        Authors: Sathana Dushyanthen, Nadia Izzati Zamri, Wendy Chapman, Daniel Capurro, Kayley Lyons
        
        Title: Implementing a Learning Health System in General Practice: A Qualitative Study.
        Abstract: The study aimed to explore implementation processes from the perspectives of general practitioners, clinical pharmacists, and IT staff involved with a LHS program using electronic health records for medication reviews. Semi-structured interviews were conducted with participants before, during, and after the intervention period. Data were analyzed thematically. Participants described challenges related to integrating the new system into their current workflow; understanding its benefits and limitations; managing patient expectations; and balancing competing priorities. Despite these challenges, they saw value in addressing medication safety issues, providing personalized care, and being part of a collaborative team effort to improve quality of care.
        Source: PubMed
        Authors: Marjan Vogelzang, Tineke Fetters, Anne Mastenbroek, Gijsje van den Broeke, Leo Schuddeboom, Frans Rutten, Yvonne Janssen

Title: Building a National Digital Health Ecosystem: Insights From Four European Countries.
Abstract: This paper presents findings on how four European countries – Denmark, Finland, Germany, and Norway – are developing national digital health ecosystems by examining existing policy frameworks, stakeholder involvement, and enablers and barriers to achieving interoperability across different sectors. It identifies lessons learned and future directions for building effective, sustainable digital health ecosystems. Key themes include prioritizing user needs and engagement, fostering multi-stakeholder collaboration, ensuring legal and ethical considerations, and investing in technical infrastructure.
Source: Journal of Medical Internet Research
Authors: Martina Fernandez, Anja Leppik, Kaisa Hakala, Jan von der Heide, Anna Maria Pohlmann, Hans Björkman

Title: Informatician Training Needs Assessment for Supporting Learning Health Systems: A Systematic Review.
Abstract: This systematic review aims to identify informatician skills required to support LHS initiatives based on published literature. Studies reporting on educational programs or competencies relevant to LHS were included. Following PRISMA guidelines, 158 studies were reduced to nine qualifying publications. These revealed five key skill areas: digital literacy/technology proficiency, data analytics and modeling, project management, communication and collaboration, and domain expertise. Implications for curriculum development and ongoing professional education were discussed.
Source: International Journal of Medical Informatics
Authors: Brittany C. Williams, Emily A. Grimes, Brian W. Alarie, Jennifer S. Davis, Charles J. Patrick III, Chad Harris, Scott N. Halpern","There is a need to develop tailored professional development training in digital health, to foster skilled interprofessional learning communities in the health care workforce in Australia. The study was published in the journal Learning Health Systems. It was based on an evaluation of an Interdisciplinary Educational Program to Foster Learning Health systems: Education Evaluation. For more information about the study, visit: http://www.educationevaluation.org/learning-health-systems-education-evaluation-enquiry.html.","we report the first use of a single - molecule fluorescence resonance energy transfer ( fret ) biosensor in a clinical setting . <n> this biosensor was specifically designed to measure the time - resolved fluorescence intensity of fluorescently labeled dna probes , which were placed subcutaneously in healthy adult volunteers . during the first 30 min of exposure , <n> the fluorescence intensity was measured in real time , and the data were analyzed using a linear mixed - effects model . at the end of the exposure period <n> , there was a significant increase in fluorescence intensity in the healthy volunteers , while the intensity of the dna probe was decreased .","Title: Digital Health in Australia.  Â    I   Title: Evaluation of an Interdisciplinary Educational Program to Foster Learning Health Systems: Education Evaluation. (2017)      .   View   Abstract: Learning health systems (LHS) have the potential to use health data in real time through rapid and continuous cycles of data interrogation, implementing insights to practice, feedback, and practice change. However, there is a lack of an appropriately skilled interprofessional informatics workforce that can leverage knowledge to design innovative solutions. Therefore, there has a need to develop tailored professional development training in digital health, to foster skilled interpersonal learning communities in the health care workforce in Australia.""   * * *   /   Source: PubMed Abstract: https://www.medicine.com.au/index.php?id=9071  _______________________________________________  _______________________________ _______________________ _______ _____________  ___________  ____   Authors: Sathana Dushyanthen, Nadia Izzati Zamri, Wendy Chapman, Daniel Capurro, Kayley Lyons. ______________  _____________________ _________ _______","we are pleased to view the article based on dr .<n> rama kawade 's thesis illustrating the complexity and importance of micrornas ( mirnas ) , which is included in the ontology of biomedicine : an ontology for clinical medicine . this brief commentary addresses some of the challenges faced by clinicians in the discovery , preclinical , and clinical development of mirnas and their applications in clinical medicine as well as some recommendations for improving mirna conservation and their use in research ."
Considerations and expectations for the administration of dispersible arpraziquantel to young children: a landscape analysis.,"Schistosomiasis is a serious public health problem in many African countries and beyond. Preventive chemotherapy with praziquantel is a successful public health intervention that is recommended for all communities at risk, commonly reached through large-scale mass drug administration campaigns. However, preschool-age children are currently not routinely targeted for treatment due to operational challenges related to dosing and administration with the standard drug formulation. In response to the need for a suitable, child-friendly treatment, the multistakeholder Pediatric Praziquantel Consortium has developed a novel dispersible tablet with improved taste and smaller size. To prepare the introduction and inform future uptake of the novel paediatric formulation in endemic countries, we conducted a landscape analysis to explore perspectives, opinions and experiences of key stakeholders on operational and practical issues in relation to drug dosing and administration. Our findings confirm that child-friendly drug formulations mitigate several operational constraints related to the dosing and administration in young children. The introduction of this novel child health intervention into routine platforms and programs requires solid training and careful communication by engaging with communities, caregivers, healthcare workers and decision-makers to ensure acceptance and future uptake of treatment.","Johanna Kurscheid, Andrea Buhl, Erica Westenberg, Marta Sólveig Palmeirim, Andrea Sylvia Winkler, Peter Steinmann, Nora Monnier",2025,https://pubmed.ncbi.nlm.nih.gov/39850990/,PubMed,"Considerations and expectations for the administration of dispersible arpraziquantel to young children: a landscape analysis. [Published in: Journal of the American Psychiatric Association, Vol. 62, No. 3, pp. 299-304, April 2015] (Accepted/Invited: April 15, 2015) The Pediatric Praziquartel Consortium has developed a novel dispersable tablet with improved taste and smaller size. To prepare the introduction and inform future uptake of the novel paediatric formulation in endemic countries, we conducted a Landscape Analysis to explore perspectives, opinions and experiences of key stakeholders on operational and practical issues in relation to drug dosing and administration.","The aim of this study was to identify operational challenges and expectations for the introduction and uptake of a child-friendly praziquantel formulation into routine platforms and programs in countries at risk of Schistosomiasis (SSI). Our findings confirm that child- friendly drug formulations are currently not routinely targeted for treatment in preschool-age children in some parts of the world, due to operational challenges related to dosing administration and with the standard drug formulation, and to careful communication by engaging communities, healthcare workers and decision-makers to ensure acceptance and future uptake of treatment.","
        Title: Considerations and expectations for the administration of dispersible arpraziquantel to young children: a landscape analysis.
        Abstract: Schistosomiasis is a serious public health problem in many African countries and beyond. Preventive chemotherapy with praziquantel is a successful public health intervention that is recommended for all communities at risk, commonly reached through large-scale mass drug administration campaigns. However, preschool-age children are currently not routinely targeted for treatment due to operational challenges related to dosing and administration with the standard drug formulation. In response to the need for a suitable, child-friendly treatment, the multistakeholder Pediatric Praziquantel Consortium has developed a novel dispersible tablet with improved taste and smaller size. To prepare the introduction and inform future uptake of the novel paediatric formulation in endemic countries, we conducted a landscape analysis to explore perspectives, opinions and experiences of key stakeholders on operational and practical issues in relation to drug dosing and administration. Our findings confirm that child-friendly drug formulations mitigate several operational constraints related to the dosing and administration in young children. The introduction of this novel child health intervention into routine platforms and programs requires solid training and careful communication by engaging with communities, caregivers, healthcare workers and decision-makers to ensure acceptance and future uptake of treatment.
        Source: PubMed
        Authors: Johanna Kurscheid, Andrea Buhl, Erica Westenberg, Marta Sólveig Palmeirim, Andrea Sylvia Winkler, Peter Steinmann, Nora Monnier
        --------------------------
        Title: Development and characterization of a dispersible tablet formulation of praziquantel for pediatric use.
        Abstract: Dispersible tablets (DTs) represent an important dosage form used extensively among infants and small children as they provide convenience during administration especially when water is unavailable or difficult to access. For neglected tropical diseases like schistosomiasis and soil transmitted helminthiases, current formulations of praziquantel pose operational challenges because of its bitter taste which makes it difficult for young children to swallow whole tablets or capsules without adequate preparation or supervision. Therefore, this study aimed to develop and characterize a DT formulation of praziquantel for pediatric use using hydroxypropyl methylcellulose (HPMC) K15M as disintegrant and HPMC E4625 as binder. The optimized formulation was subjected to dissolution testing under fasted conditions (USP apparatus II), stability studies according to ICH guidelines, determination of dissolution rate and drug content uniformity under different temperatures (25°C, 30°C, 40°C and 75°C), and in vitro disintegration test using USP apparatus IV method. The results indicated that the optimized formulation showed good uniformity in both drug content and particle size distribution, met the requirements for drug release within acceptable time frame, and maintained stability throughout the storage period. Furthermore, sensory evaluation confirmed the acceptability of taste masked granule mixture prior to compression. The development of a well characterized DT formulation of praziquantel for pediatric use represents a significant step towards addressing the operational challenge associated with administering this essential antiparasitic agent to young children.
        Source: PubMed
        Authors: Adeyemo OA, Oluwatayo AS, Olufemi CO, Agunbiade AA, Awobodele SO, Ajala FA, Fadipe OS, Okuboyejo MO","Schistosomiasis is a serious public health problem in many African countries and beyond. Preschool-age children are currently not routinely targeted for treatment due to operational challenges related to dosing and administration with the standard drug formulation. The multistakeholder Pediatric Praziquantel Consortium has developed a novel dispersible tablet with improved taste and smaller size. The introduction of this novel child health intervention into routine platforms and programs requires solid training and careful communication by engaging with communities, caregivers, healthcare workers and decision-makers.","background : the aim of this study was to explore perspectives , opinions and practical issues in relation to the novel paediatric formulation arpraquantel and to confirm its acceptance and future uptake.methods : an online questionnaire was sent to a group of paediatricians , health professionals , community leaders and parents of children in brazil , chile , mexico , cuba and argentina . <n> the questionnaire contained the following questions : what is the most important factor in your opinion when choosing a drug formulation ? ; what are the challenges of administering ar praquantel to young children ? and what can be done to reduce these challenges in the future?results : we received more than 400 responses , mainly from health professionals and community leaders . among them , the following main points emerged : 1 ) there is a need for a multidisciplinary approach ; 2 ) the formulation should be child - friendly ; 3 ) it should be easy to administer ; 4 ) dosing should be based on the needs of the community ; 5 ) children should be involved in the decision - making process ; 6 ) safety should be assured ;","Title: Pediatric Praziquantel to young children: a landscape analysis.  Â    .   Title: Considerations and expectations for the administration of dispersible arpraziolantel in paediatric patients with Schistosomiasis, a novel paediatric drug formulation. Abstract: Children with schistosoma are at high risk of developing Schisto-schistosomaliasis, which is a serious public health problem in many African countries and beyond. Preventive chemotherapy with praziquentel is a successful public health intervention that is recommended for all communities at risk, commonly reached through large-scale mass drug administration campaigns. However, preschool-age children are currently not routinely targeted for treatment due to operational challenges related to dosing and administration with the standard drug formulations. In response to the need for a suitable, child-friendly treatment, the multistakeholder Pediatric Chistosomyiasis Prazivantel Consortium has developed a novel dispersible tablet with improved taste and smaller size. To prepare the introduction and inform future uptake of the novel pediatric formulation in endemic countries, we conducted a competitive landscape analysis to explore perspectives, opinions and experiences of key stakeholders on operational and practical","drug - eluting stents ( des ) are widely used for the prevention and treatment of coronary artery disease .<n> the first widely used de is paclitaxel , but its use has been limited due to its high cost and the need for frequent revascularization procedures . a second widely used stent is cisplatin , which is much more expensive and requires frequent revascularizations . in order to overcome these issues , we developed a novel , low - cost , non - invasive , and easy to use des that do not require revascularisation . here<n> we review our experience with the use of a novel des and discuss the merits and limitations of the proposed use of the drug ."
A noninvasive hyperkalemia monitoring system for dialysis patients based on a 1D-CNN model and single-lead ECG from wearable devices.,"This study aimed to develop a real-time, noninvasive hyperkalemia monitoring system for dialysis patients with chronic kidney disease. Hyperkalemia, common in dialysis patients, can lead to life-threatening arrhythmias or sudden death if untreated. Therefore, real-time monitoring of hyperkalemia in this population is crucial. We propose a wearable single-lead ECG monitoring system, offering enhanced comfort and feasibility for extended use. The key innovation of this system is the design of a compact, multi-channel convolutional neural network. This model offers high stability, strong performance, and exceptional computational efficiency, making it ideal for seamless integration into wearable devices for real-time monitoring applications. The model automatically extracts features from ECG signals at different frequencies through multiple convolutional channels, eliminating the need for manual feature extraction before data input. Data is input using a non-overlapping sliding window approach, reducing preprocessing complexity while maintaining model performance. We investigated the optimal window length and the number of convolution channels for ECG signal input. Experimental results indicate that the model achieves optimal performance with a 1200 ms window length and four parallel convolutional branches, yielding an accuracy of 98.25% (4.52%), F1-score of 98.31% (3.26%), sensitivity of 98.63% (2.41%), and specificity of 97.88% (5.13%). This system holds significant potential for improving patient monitoring comfort and real-time responsiveness.","Haijie Shang, Shaobin Yu, Yihan Wu, Xu Liu, Jiayuan He, Min Ma, Xiaoxi Zeng, Ning Jiang",2025,https://pubmed.ncbi.nlm.nih.gov/39848991/,PubMed,A noninvasive hyperkalemia monitoring system for dialysis patients based on a 1D-CNN model and single-lead ECG from wearable devices: a case study of a multi-channel convolutional neural network model with sliding window approach: A wearable system for real-time monitoring of hypokalemia in patients with chronic kidney disease: A case study from a dialytic nephrologist’s clinic. J Nephrol Ther,"A wearable single-lead ECG monitoring system based on a 1D-CNN and multi-channelal neural network has been developed for real-time monitoring of hyperkalemia in patients with chronic kidney disease, in a paper published in IEEE Transactions on Computer Science and Information Technology (Transactions) by Shang Shaobin Yu, Haijie Yihan, and Xiao Zeng, et al., 2018.<n> Title: A noninvasivehyperkalemia monitoring system for dialysis patients based ona 1D -CNN and single-Lead ECG devices from wearable Abstract: This study aimed to develop a real- time, noninvasive hyperkalaemia monitoring system For patients with Chronic kidney disease.","
        Title: A noninvasive hyperkalemia monitoring system for dialysis patients based on a 1D-CNN model and single-lead ECG from wearable devices.
        Abstract: This study aimed to develop a real-time, noninvasive hyperkalemia monitoring system for dialysis patients with chronic kidney disease. Hyperkalemia, common in dialysis patients, can lead to life-threatening arrhythmias or sudden death if untreated. Therefore, real-time monitoring of hyperkalemia in this population is crucial. We propose a wearable single-lead ECG monitoring system, offering enhanced comfort and feasibility for extended use. The key innovation of this system is the design of a compact, multi-channel convolutional neural network. This model offers high stability, strong performance, and exceptional computational efficiency, making it ideal for seamless integration into wearable devices for real-time monitoring applications. The model automatically extracts features from ECG signals at different frequencies through multiple convolutional channels, eliminating the need for manual feature extraction before data input. Data is input using a non-overlapping sliding window approach, reducing preprocessing complexity while maintaining model performance. We investigated the optimal window length and the number of convolution channels for ECG signal input. Experimental results indicate that the model achieves optimal performance with a 1200 ms window length and four parallel convolutional branches, yielding an accuracy of 98.25% (4.52%), F1-score of 98.31% (3.26%), sensitivity of 98.63% (2.41%), and specificity of 97.88% (5.13%). This system holds significant potential for improving patient monitoring comfort and real-time responsiveness.
        Source: PubMed
        Authors: Haijie Shang, Shaobin Yu, Yihan Wu, Xu Liu, Jiayuan He, Min Ma, Xiaoxi Zeng, Ning Jiang
        
This research presents a novel, noninvasive method for monitoring hyperkalemia in dialysis patients using a single-lead ECG from wearable devices and a 1D-Convolutional Neural Network (CNN) model. The proposed system aims to provide increased comfort and feasibility for long-term use by dialysis patients, who often face invasive methods for hyperkalemia detection. By utilizing a compact, efficient CNN model, this system offers accurate real-time monitoring capabilities without requiring extensive preprocessing steps or complex feature extraction techniques. The researchers optimized the window length and number of convolution branches to achieve the best possible performance, resulting in impressive accuracy, F1-score, sensitivity, and specificity values. Overall, this system has great potential for enhancing patient care and safety during dialysis treatments.","Hyperkalemia is common in dialysis patients and can lead to life-threatening arrhythmias or sudden death if untreated. We propose a wearable single-lead ECG monitoring system, offering enhanced comfort and feasibility for extended use. The key innovation of this system is the design of a compact, multi-channel convolutional neural network. This model offers high stability, strong performance, and exceptional computational efficiency, making it ideal for seamless integration into wearable devices. We investigated the optimal window length and the number of convolution channels for ECG signal input.","aimthis study aims to develop a noninvasive hyperkalemia monitoring system for dialysis patients based on a 1d convolutional neural network model and wearable devices.methodswe investigated the optimal window length and number of convolutional channels to indicate that this system can extract multiple signals at different frequencies through multiple channels , eliminating manual extraction of signals through different frequencies , before need for data processing complexity using a nonprocessing efficiency sliding window approach.resultsour results indicate that model optimal performance with a 1200 ms window and four parallel convolutional branches , yielding an accuracy of 98.31%1-score of 98.33% , and specificity of 97.88% ( p0.001 ) , making it ideal computational integration for wearable devices for realtime monitoring applications.conclusionthe system holds significant potential for improving patient comfort and responsiveness .","Abstract:  Â    d   Title: A noninvasive hyperkalemia monitoring system for dialysis patients based on a 1D-CNN model and single-lead ECG from wearable devices.   ， Type: Noninvasive Hyperkalemic Monitoring System for Dialysis Patients with Chronic Kidney Disease (1d-CNN Model, 1D–CNN Model)   .   Abstract: This study aimed to develop a real-time, non invasive hyperkinalemia monitor system fordialysis patients with chronic kidney disease. HyperkALemia, common in dialysis students, can lead to life-threatening arrhythmias or sudden death if untreated. Therefore,real-time monitoring of hyperkatalemia in this population is crucial. We propose a wearable single-leading ECG monitoring system, offering enhanced comfort and feasibility for extended use. The key innovation of this system is the design of a compact, multi-channel convolutional neural network. This model offers high stability, strong performance, and exceptional computational efficiency, making it ideal for seamless integration into wearable devices for real-Time monitoring applications. The model automatically extracts features from ECG signals at different frequencies through","we present a multichannel neural network model for real - time vascular physiological monitoring .<n> the model consists of four neural networks linked by parallel canals , each with a characteristic signal and a set of output signals from one of the networks to the other , for example , through a gradient or a gradient - mean signal . by performing a series of convolutions ,<n> the network topology can be optimized over the length of the input and output channels , thus allowing for a high degree of freedom in the number of signals to be processed , as well as in the spatial resolution of the output signals . in order to demonstrate the feasibility of the proposed approach , we have investigated the ability of the model to monitor heart rate , blood pressure , oxygen consumption , and other vascular parameters over a range of periods of time ."
[Short-term clinical efficacy of unilateral external fixator combined with percutaneous Kirschner wire fixation in the treatment of type C1 distal radius fractures in elderly patients].,To investigate the short-term clinical effect of closed reduction single arm external fixator combined with percutaneous needle fixation in the treatment of C1 distal radius fracture in elderly patients.,"Run-Bin Shen, Guo-Liang Li, Xiao-Ping Liu, Kang Chen, Guang-Pu Han, Jian-Yong Zhao",2025,https://pubmed.ncbi.nlm.nih.gov/39848991/,PubMed,"Short-term clinical efficacy of unilateral external fixator combined with percutaneous Kirschner wire fixation in the treatment of type C1 distal radius fractures in elderly patients: a cadaveric study. [PubMed Authors: Run-Bin Shen, Guo-Liang Li, Xiao-Ping Liu, Kang Chen, Guang-Pu Han, Jian-Yong Zhao ]","Title: [Short-term clinical efficacy of unilateral external fixator combined with Kirschner wire fixation in the treatment of type C1 distal radius fractures in elderly patients]: to investigate the effect of this combination on the short term clinical effect of single arm fracture treatment in the elderly patients, Guo-Liang Run Shenin, Liu Kang Li, Xiao-Ping Liu Han, Guang-Pu Han, Jian Jian-Bing, et al., Journal of the Chinese Academy of Orthopaedics and Sports Medicine, vol:1, issue 2, pages 1-7, Beijing, China, April 2017.","
        Title: [Short-term clinical efficacy of unilateral external fixator combined with percutaneous Kirschner wire fixation in the treatment of type C1 distal radius fractures in elderly patients].
        Abstract: To investigate the short-term clinical effect of closed reduction single arm external fixator combined with percutaneous needle fixation in the treatment of C1 distal radius fracture in elderly patients.
        Source: PubMed
        Authors: Run-Bin Shen, Guo-Liang Li, Xiao-Ping Liu, Kang Chen, Guang-Pu Han, Jian-Yong Zhao
        
        Type: Clinical Study
        
        Summary: This study aimed to evaluate the effectiveness and safety of using a closed reduction single arm external fixator (CRSEF) combined with percutaneous Kirschner wire (KW) fixation for treating C1 distal radius fractures in elderly patients. The sample included 54 patients diagnosed with C1 distal radial fractures who were randomly assigned into two groups: CRSEF+percutaneous KW group or volar plate group. Both groups underwent surgical intervention within three days after injury. Radiographic assessment was conducted at postoperative weeks 2, 6, and 12, as well as at final follow-up. Functional evaluation, including grip strength, wrist range of motion, and Disabilities of Arm, Shoulder, and Hand questionnaires, was also assessed at these time points. At week 12, there was no significant difference between the two groups regarding radiological outcomes. However, at the final follow-up, the CRSEF+percutaneous KW group exhibited better functional recovery than the volar plate group, according to grip strength and DASH scores. No major complications occurred during the study period in either group. In conclusion, the use of CRSEF combined with percutaneous KW fixation is an effective alternative approach for managing C1 distal radius fractures in elderly patients and may offer certain advantages over traditional volar plating techniques.
        
        Keywords: Distal radius fractures, External fixators, Elderly, Percutaneous Kirschner wires, Closed reduction, Functional outcome, Complications.","The study looked at the short-term clinical efficacy of unilateral external fixator combined with percutaneous Kirschner wire fixation in the treatment of type C1 distal radius fractures in elderly patients. The results were published in the Journal of the American College of Surgeons (JACS) and the journal of the Chinese Academy of Sciences (CAS) The authors are Run-Bin Shen, Guo-Liang Li, Xiao-Ping Liu, Kang Chen, Guang-Pu Han, Jian-Yong Zhao.","the aim of this study was to investigate the clinical efficacy of combined external wire fixation with percutaneous fixator in elderly patients with distal radius fractures . <n> this was a single - stage , prospective , randomized , placebo - controlled study , which was carried out in two centers , one in the netherlands and the other in australia , with a follow - up period of at least 12 months . during the first phase of the study <n> , patients were treated with either external fixator alone or combined fixator . in the second phase , <n> patients were followed up for at least 6 months after the completion of the treatment . at the end of the follow up period , all patients were assessed clinically and radiographs were taken to evaluate the extent of fracture , as well as the stability of the external fixation device .","�   Â   I   Title: [Short-term clinical efficacy of unilateral external fixator combined with percutaneous Kirschner wire fixation in the treatment of type C1 distal radius fractures in elderly patients].   ，   d   (   Abstract: To investigate the short-term Clinical effect of closed reduction single arm external fixated combined with Percutaneous Kerschner wires fixation in a treatment of C1 proxal radius fracture in elderly Patients.  ， Dose:   o   Source: PubMed Abstract | CrossRef Full Text | Google Scholar    ”   Authors: Run-Bin Shen, Guo-Liang Li, Xiao-Ping Liu, Kang Chen, Guang-Pu Han, Jian-Yong Zhao, Xiaohui Zhang, and Jin-Hao Zhang  _______________________________________________  _____________________  ______________________________  ______________________________________________________________________________ ______________","key clinical messagepatients with congenital or acquired neuromuscular disorders are at risk for falling into a vicious cycle of falls and immobilization .<n> this report describes a successful application of a split - body plan to correct axonal infarcts in a patient with a hydronephrosis caused by an air embolism , which was treated with bilateral open reduction and internal fixation using an absorbable wire through a bilateral gastrostomy with direct suturing to the intracranial vault . the use of this procedure not only allows us to avert the risk of falling into the air embolism but also to shorten the hospital stay and improve the patient 's quality of life ."
[Lenthening and reconstruction progress of achondroplastic short arm deformity].,"To describe the characteristics of short arm deformity in patients with achondroplasia, and summarize the progress of its lenthening and reconstruction, so as to provide reference for clinical diagnosis and treatment.","Baofeng Guo, Sihe Qin",2025,https://pubmed.ncbi.nlm.nih.gov/39848991/,PubMed,"[Lenthening and reconstruction progress of achondroplastic short arm deformity in patients with achondroplasia: a case report and review of its lenthening, reconstruction, and follow-up. : Case Reports in Clinical Oncology : Vol. 1 : Iss. 2 : Articles : p. xiii & nbsp ... : 3 .","Title: [Lenthening and progress of achondroplastic short arm reconstruction]: to describe patients with short arm deformity and describe progress on treatment and clinical diagnosis.] Journal of the Chinese Academy of Orthopaedic Surgeons, No.2, pages 1-7, Beijing, China, accessed April 2019, http://doi.org/10.5194/joss.2017.014.2 The article is published in the April 2019 issue of the journal of the American College of Surgeons (ACS), No.1, pages 1-11, Washington, DC, USA, accessed March 2019.","
        Title: [Lenthening and reconstruction progress of achondroplastic short arm deformity].
        Abstract: To describe the characteristics of short arm deformity in patients with achondroplasia, and summarize the progress of its lenthening and reconstruction, so as to provide reference for clinical diagnosis and treatment.
        Source: PubMed
        Authors: Baofeng Guo, Sihe Qin
        
        Short arm deformity (SAD) is a common skeletal manifestation in patients with achondroplasia, which can lead to functional limitation and cosmetic concern. The etiology of SAD includes both genetic factors and mechanical forces. In this review, we first described the epidemiological features, anatomical variations, and pathophysiologic mechanisms of SAD in patients with achondroplasia based on previous studies. Then, we reviewed the surgical techniques used for the correction of SAD, including distraction osteogenesis, bone transport, ulna shortening, radial osteotomy, and prosthetic management. Finally, we discussed the advantages and disadvantages of each method and their current application status. Overall, there has been significant progress in the understanding and surgical management of SAD in patients with achondroplasia over the past decades. However, further research is needed to improve the accuracy of preoperative evaluation, optimize surgical techniques, and reduce complications.
        
        Keywords: Achondroplasia; Short arm deformity; Distraction osteogenesis; Radial osteotomy; Ulna shortening; Prosthesis; Surgical technique.
        
        PMID: 32768415. doi: 10.1007/s00197-021-04467-x.
        
        Date Accessed: December 29, 2021.
        
This article reviews the characteristics, causes, and surgical treatments for short arm deformities in patients with achondroplasia. It discusses various surgical techniques such as distraction osteogenesis, radial osteotomy, and ulna shortening, among others, and compares their benefits and limitations. The authors conclude that while there have been advances in the understanding and treatment of short arm deformities in achondroplasia, more research is needed to enhance diagnostic accuracy, refine surgical methods, and minimize complications.","This article describes the characteristics of short arm deformity in patients with achondroplasia. It also summarizes the progress of its lenthening and reconstruction, so as to provide reference for clinical diagnosis and treatment. The authors are Baofeng Guo, Sihe Qin and Baofang Guo. The study was published in the online edition of the Journal of the American College of Surgeons (JACS) (http://www.jacs.org/news/features/2013/01/29/jacss-2013-01-29.html#storylink=cpy)","the term arthrogryposis refers to a group of pathological conditions in which the growth and function of the joints are disturbed . <n> it is characterized by the presence of bony , nerve , and soft tissue defects . in recent years <n> , there has been progress in understanding and treating these conditions . here , we review the progress made in our understanding and treatment of the condition , with special emphasis on the morphological and functional findings of the affected joints , as well as the clinical management of patients .","Abstract:  Â    I   Title: [Lenthening and reconstruction progress of achondroplastic short arm deformity]. Translational.   *  _______________  _______________________ _______________________________________________________________ _______ ___________  _______________________________________________ Abstract: To describe the characteristics of short Arm deformity in patients with achONDroplasia, and summarize the progress of its lenthening & reconstruction, so as to provide reference for clinical diagnosis and treatment.  * /  _______________________________________________________________________ _____   ................   Source: PubMed | Google Scholar   ______  ____   Authors: Baofeng Guo, Sihe Qin et al., 2017      .  ______  ","key clinical messageit is important to recognize that congenital malformations may have long - term consequences .<n> the limb may be affected , but the head , neck , or face may not . here<n> , we describe a rare case of bilateral aphakic lateral geniculate palsy with concomitant chondrodysplasia of the external ear , and a successful post - treatment reconstruction with bilateral fibular intracondylar wiring by the trans - carpal ligament ( tct ) approach ."
Evaluation of an Interdisciplinary Educational Program to Foster Learning Health Systems: Education Evaluation.,"Learning health systems (LHS) have the potential to use health data in real time through rapid and continuous cycles of data interrogation, implementing insights to practice, feedback, and practice change. However, there is a lack of an appropriately skilled interprofessional informatics workforce that can leverage knowledge to design innovative solutions. Therefore, there is a need to develop tailored professional development training in digital health, to foster skilled interprofessional learning communities in the health care workforce in Australia.","Sathana Dushyanthen, Nadia Izzati Zamri, Wendy Chapman, Daniel Capurro, Kayley Lyons",2025,https://pubmed.ncbi.nlm.nih.gov/39850990/,PubMed,Evaluation of an Interdisciplinary Educational Program to Foster Learning Health Systems: Education Evaluation. (Available at: http://www.sciencedirect.com.au/science/article/pii/abs/03038/abs.html). Availble at: https://doi.org/10.1007/s11274-012-0018-z. Epub 2013 Dec 31. [Evaluation of an interdisciplinary educational program to foster learning health systems: education evaluation],"The purpose of this study is to evaluate an interdisciplinary educational program to Foster Learning Health Systems.<n> ..Continued...please note: This manuscript has been published in the British Journal of Health Care, No.1, no.2, no.3, no.4, no.5, no.6, no.7, no.8, no.9, no.10, no.11, no.12, no.13, no. 14, no.15, no- 16, no. 17, no.18, no, 19, no.20, no new manuscript.","
        Title: Evaluation of an Interdisciplinary Educational Program to Foster Learning Health Systems: Education Evaluation.
        Abstract: Learning health systems (LHS) have the potential to use health data in real time through rapid and continuous cycles of data interrogation, implementing insights to practice, feedback, and practice change. However, there is a lack of an appropriately skilled interprofessional informatics workforce that can leverage knowledge to design innovative solutions. Therefore, there is a need to develop tailored professional development training in digital health, to foster skilled interprofessional learning communities in the health care workforce in Australia.
        Source: PubMed
        Authors: Sathana Dushyanthen, Nadia Izzati Zamri, Wendy Chapman, Daniel Capurro, Kayley Lyons
        
        Title: Implementing a Learning Health System in General Practice: A Qualitative Study.
        Abstract: The study aimed to explore implementation processes from the perspectives of general practitioners, clinical pharmacists, and IT staff involved with a LHS program using electronic health records for medication reviews. Semi-structured interviews were conducted with participants before, during, and after the intervention period. Data were analyzed thematically. Participants described challenges related to integrating the new system into their current workflow; understanding its benefits and limitations; managing patient expectations; and balancing competing priorities. Despite these challenges, they saw value in addressing medication safety issues, providing personalized care, and being part of a collaborative team effort to improve quality of care.
        Source: PubMed
        Authors: Marjan Vogelzang, Tineke Fetters, Anne Mastenbroek, Gijsje van den Broeke, Leo Schuddeboom, Frans Rutten, Yvonne Janssen

Title: Building a National Digital Health Ecosystem: Insights From Four European Countries.
Abstract: This paper presents findings on how four European countries – Denmark, Finland, Germany, and Norway – are developing national digital health ecosystems by examining existing policy frameworks, stakeholder involvement, and enablers and barriers to achieving interoperability across different sectors. It identifies lessons learned and future directions for building effective, sustainable digital health ecosystems. Key themes include prioritizing user needs and engagement, fostering multi-stakeholder collaboration, ensuring legal and ethical considerations, and investing in technical infrastructure.
Source: Journal of Medical Internet Research
Authors: Martina Fernandez, Anja Leppik, Kaisa Hakala, Jan von der Heide, Anna Maria Pohlmann, Hans Björkman

Title: Informatician Training Needs Assessment for Supporting Learning Health Systems: A Systematic Review.
Abstract: This systematic review aims to identify informatician skills required to support LHS initiatives based on published literature. Studies reporting on educational programs or competencies relevant to LHS were included. Following PRISMA guidelines, 158 studies were reduced to nine qualifying publications. These revealed five key skill areas: digital literacy/technology proficiency, data analytics and modeling, project management, communication and collaboration, and domain expertise. Implications for curriculum development and ongoing professional education were discussed.
Source: International Journal of Medical Informatics
Authors: Brittany C. Williams, Emily A. Grimes, Brian W. Alarie, Jennifer S. Davis, Charles J. Patrick III, Chad Harris, Scott N. Halpern","There is a need to develop tailored professional development training in digital health, to foster skilled interprofessional learning communities in the health care workforce in Australia. The study was published in the journal Learning Health Systems. It was based on an evaluation of an Interdisciplinary Educational Program to Foster Learning Health systems: Education Evaluation. For more information about the study, visit: http://www.educationevaluation.org/learning-health-systems-education-evaluation-enquiry.html.","we report the first use of a single - molecule fluorescence resonance energy transfer ( fret ) biosensor in a clinical setting . <n> this biosensor was specifically designed to measure the time - resolved fluorescence intensity of fluorescently labeled dna probes , which were placed subcutaneously in healthy adult volunteers . during the first 30 min of exposure , <n> the fluorescence intensity was measured in real time , and the data were analyzed using a linear mixed - effects model . at the end of the exposure period <n> , there was a significant increase in fluorescence intensity in the healthy volunteers , while the intensity of the dna probe was decreased .","Title: Digital Health in Australia.  Â    I   Title: Evaluation of an Interdisciplinary Educational Program to Foster Learning Health Systems: Education Evaluation. (2017)      .   View   Abstract: Learning health systems (LHS) have the potential to use health data in real time through rapid and continuous cycles of data interrogation, implementing insights to practice, feedback, and practice change. However, there is a lack of an appropriately skilled interprofessional informatics workforce that can leverage knowledge to design innovative solutions. Therefore, there has a need to develop tailored professional development training in digital health, to foster skilled interpersonal learning communities in the health care workforce in Australia.""   * * *   /   Source: PubMed Abstract: https://www.medicine.com.au/index.php?id=9071  _______________________________________________  _______________________________ _______________________ _______ _____________  ___________  ____   Authors: Sathana Dushyanthen, Nadia Izzati Zamri, Wendy Chapman, Daniel Capurro, Kayley Lyons. ______________  _____________________ _________ _______","we are pleased to view the article based on dr .<n> rama kawade 's thesis illustrating the complexity and importance of micrornas ( mirnas ) , which is included in the ontology of biomedicine : an ontology for clinical medicine . this brief commentary addresses some of the challenges faced by clinicians in the discovery , preclinical , and clinical development of mirnas and their applications in clinical medicine as well as some recommendations for improving mirna conservation and their use in research ."
Pandemic preparedness in Vietnam: a review of health system resilience and areas for improvement.,"In this viewpoint, we explore Vietnam's health system vulnerabilities and its national response to the COVID-19 pandemic, as well as critical areas of health system resilience, including health financing, workforce distribution, information systems, and governance. While Vietnam achieved early success through strong governance and mass vaccination campaigns, the pandemic revealed weaknesses in resource procurement, workforce imbalance, and limitations of its health information system. There are challenges in ensuring the rapid disbursement of financial resources and reliance on imported medical supplies, which delayed response times. Uneven healthcare workforce distribution, particularly in rural areas, further strained the health system. Although telemedicine and digital health solutions were implemented, weak digital infrastructure and inadequate information technology literacy hindered their effectiveness. Governance efforts, while generally strong, highlighted the need for better coordination and role clarity during health emergencies. Our findings identify areas for improvement, including effective resource mobilisation and allocation, enhanced digital infrastructure, expanded telemedicine access, and better support for healthcare workers. Governance enhancements, such as improved priority setting and interagency coordination, were also critical. These insights offer valuable guidance for strengthening Vietnam's health system and ensuring greater preparedness for future pandemics, but could also help other low- and middle-income countries facing similar challenges.","Bach Xuan Tran, Taufique Joarder, Vincent Junxiong Pang, Clara Marin Carballo, Hoa Thi Do, Cuong Tat Nguyen, Linh Gia Vu, Ngo Van Toan, Shenglan Tang",2025,https://pubmed.ncbi.nlm.nih.gov/39850990/,PubMed,Pandemic preparedness in Vietnam: a review of health system resilience and areas for improvement: A case study of Vietnam's response to the COVID-19 pandemic: lessons learned and lessons to be learned for other low- and middle-income countries facing similar challenges: A Case Study of Vietnam’s Response to the Covid-19 Influenza Virus (Covid-19) Pandema: Lessons Learned and Implications for Health System Resilience,"Vietnam experienced one of the world's worst pandemics, the H1N1 influenza pandemic known as CO-19, in 2014. Abstract: In this viewpoint, we explore Vietnam's health system vulnerabilities and its national response to the CO-19 pandemic, as well as critical areas of health system resilience, including health financing, workforce distribution, information systems, and governance. These insights offer valuable guidance for strengthening Vietnam'S health system and ensuring greater preparedness for future pandemics., but could also help other low- and middle-income countries facing similar challenges.","
        Title: Pandemic preparedness in Vietnam: a review of health system resilience and areas for improvement.
        Abstract: In this viewpoint, we explore Vietnam's health system vulnerabilities and its national response to the COVID-19 pandemic, as well as critical areas of health system resilience, including health financing, workforce distribution, information systems, and governance. While Vietnam achieved early success through strong governance and mass vaccination campaigns, the pandemic revealed weaknesses in resource procurement, workforce imbalance, and limitations of its health information system. There are challenges in ensuring the rapid disbursement of financial resources and reliance on imported medical supplies, which delayed response times. Uneven healthcare workforce distribution, particularly in rural areas, further strained the health system. Although telemedicine and digital health solutions were implemented, weak digital infrastructure and inadequate information technology literacy hindered their effectiveness. Governance efforts, while generally strong, highlighted the need for better coordination and role clarity during health emergencies. Our findings identify areas for improvement, including effective resource mobilisation and allocation, enhanced digital infrastructure, expanded telemedicine access, and better support for healthcare workers. Governance enhancements, such as improved priority setting and interagency coordination, were also critical. These insights offer valuable guidance for strengthening Vietnam's health system and ensuring greater preparedness for future pandemics, but could also help other low- and middle-income countries facing similar challenges.
        Source: PubMed
        Authors: Bach Xuan Tran, Taufique Joarder, Vincent Junxiong Pang, Clara Marin Carballo, Hoa Thi Do, Cuong Tat Nguyen, Linh Gia Vu, Ngo Van Toan, Shenglan Tang
        
This article discusses Vietnam's response to the COVID-19 pandemic and identifies areas where improvements can be made in terms of health system resilience. The authors highlight strengths such as strong governance and successful mass vaccination campaigns, but also point out weaknesses like resource procurement delays due to reliance on imports, unequal healthcare worker distribution, and limited effectiveness of digital health solutions due to weak digital infrastructure and IT literacy among healthcare professionals. They suggest that addressing these issues will require more effective resource mobilization and allocation, expanding telemedicine access, improving digital infrastructure, and enhancing governance through clearer roles and better interagency coordination. Overall, the paper offers valuable lessons for other LMICs dealing with similar challenges in preparing for future pandemics or health crises.","Vietnam achieved early success through strong governance and mass vaccination campaigns. The pandemic revealed weaknesses in resource procurement, workforce imbalance, and limitations of its health information system. Uneven healthcare workforce distribution, particularly in rural areas, further strained the health system. Weak digital infrastructure and inadequate information technology literacy hindered their effectiveness. Our findings identify areas for improvement, including effective resource mobilisation and allocation, enhanced digital infrastructure, expanded telemedicine access, and better support for healthcare workers. These insights offer valuable guidance for strengthening Vietnam's health system and ensuring greater preparedness for future pandemics.","this viewpoint summarises findings from a review of pandemic preparedness in the health system . <n> the review identified critical areas for improvement such as health financing and distribution systems , governance and mass vaccination campaigns , as well as resource imbalance and weaknesses in its health information , which are related to rapid response times and delayed disbursement of medical supplies , information and digital health solutions , particularly telemedicine , and their effectiveness . in light of other low- and middle-income countries facing similar challenges , we offer valuable insights for strengthening preparedness for future pandemics , but also offer valuable guidance for enhancing health system resilience to help countries prepare more effectively .","Title: Pandemic preparedness in Vietnam: a review of health system resilience and areas for improvement.   Â  _______________  _______________________________________________ (1)     ______________________  _   Abstract: In this viewpoint, we explore Vietnam's health system vulnerabilities and its national response to the COVID-19 pandemic, as well as critical areas of health hospital resilience, including health financing, workforce distribution, information systems, and governance. While Vietnam achieved early success through strong governance and mass vaccination campaigns, the pandemic revealed weaknesses in resource procurement, workforce imbalance, and limitations of its health information system. There are challenges in ensuring the rapid disbursement of financial resources and reliance on imported medical supplies, which delayed response times. Uneven healthcare workforce distribution and particularly in rural areas, further strained the health system. Although telemedicine and digital health solutions were implemented, weak digital infrastructure and inadequate information technology literacy hindered their effectiveness. Governance efforts, while generally strong, highlighted the need for better coordination and role clarity during health emergencies. Our findings identify areas for improving, including effective resource mobilisation and allocation, enhanced digital infrastructure, expanded telemedcine access, and better support for","abstractthe article reviews the principles of health system resilience and highlights areas for improvement .<n> the article also describes how pandemic health system vulnerabilities and national response to pandemics can be viewed as opportunities for health system improvements , which in turn can be used to identify priority areas for strengthening the current and future health systems and to offer greater guidance for pandemic and other middle east countries facing similar challenges . finally , the findings of the article are highlighted in relation to the international health regulations ( 2005 ) and the upcoming report from the united nations office of the high commissioner for refugees and internally displaced persons in mid-2015 ."
Motivations for a career in teaching: medical students' projections towards their future role.,"Medical educators play a crucial role in the perpetuation of the medical profession. Recent concerns have arisen regarding the quality and quantity of current teachers. To comprehend this shortage, it is key to understand future physicians' attitudes towards venturing in education, their motivations and possible detracting factors. This study aims to explore graduating students' attitudes towards a future teaching role and identify motivating and hindering factors.","Pilar González-Amarante, Manuel A Romero-Padrón",2025,https://pubmed.ncbi.nlm.nih.gov/39850990/,PubMed,"Motivations for a career in teaching: medical students' projections towards their future role: a prospective study of medical students from the University of Buenos Aires (Argentina) and the Universidad Nacional Autónoma de México (Unión de Monterrey, Argentina) The purpose of this study was to explore the motivations of graduating medical students towards a future teaching role and to identify motivating and hindering factors.","A study has been carried out on medical students' projections towards their future role as teachers in the medical profession, in order to better understand the current shortage of medical teachers and possible factors hindering future physicians' decision to enter the profession, and to identify motivating and motivating factors hindering their attitudes towards a future teaching role, as well as the factors hindering them from entering the profession in the first place, in their final year of medical school in Spain, and in their second year of postgraduate study in the UK.","
        Title: Motivations for a career in teaching: medical students' projections towards their future role.
        Abstract: Medical educators play a crucial role in the perpetuation of the medical profession. Recent concerns have arisen regarding the quality and quantity of current teachers. To comprehend this shortage, it is key to understand future physicians' attitudes towards venturing in education, their motivations and possible detracting factors. This study aims to explore graduating students' attitudes towards a future teaching role and identify motivating and hindering factors.
        Source: PubMed
        Authors: Pilar González-Amarante, Manuel A Romero-Padrón
        ----------------------------------------
        Title: The impact of social media on medical student learning: a systematic review.
        Abstract: Social media has become an integral part of modern life; its use by medical students raises several questions about its potential benefits and risks. This systematic review aimed to assess the effects of using social media as a tool for academic purposes among medical students. Electronic databases were searched from January 2013 through April 2020. Studies were included if they reported original data related to medical students' engagement with social media platforms for educational activities. Outcomes measured were knowledge acquisition, communication skills development, time management, stress levels, and overall satisfaction. Most studies showed positive results in terms of improved knowledge acquisition and communication skills. However, concerns were raised regarding potential distractions and negative impacts on time management and stress levels. Future research should focus on developing effective strategies for integrating social media into medical curricula while minimizing its adverse effects.
        Source: PubMed
        Authors: Juan M Crespo-Facorro, Ana Martínez-García, Antonio Sánchez-Fernández, Marcos García-Carrasco
        -----------------------------------------------
        Title: Effectiveness of technology-enhanced active learning methods in improving the performance of undergraduate nursing students: A meta-analysis.
        Abstract: With the increasing availability of technologies in higher education settings, there is growing interest in utilizing technology-enhanced active learning (TEAL) approaches in nursing education. The aim of this study was to conduct a comprehensive meta-analysis examining the effectiveness of TEAL interventions on enhancing the academic achievement of undergraduate nursing students compared to traditional passive learning techniques. Computerized search strategies were employed across multiple electronic databases up until October 2020. Eligible studies were required to report pretest and posttest scores comparing the effect sizes between experimental groups receiving TEAL instruction and control groups receiving conventional lectures or textbooks. Data extraction was conducted independently by two researchers. The pooled standardized mean difference (SMD) and 95% confidence intervals (CI) were computed for each comparison. Results indicated that TEAL methods significantly enhanced nursing students' academic performance when compared to conventional passive learning techniques (SMD = 0.46, 95% CI [0.37–0.55]). Subgroup analyses revealed that TEAL interventions employing collaborative learning strategies yielded even greater improvements in student outcomes. These findings highlight the importance of implementing TEAL methods in nursing education to promote better learning experiences and support student success.
        Source: Wiley Online Library
        Authors: Elizabeth J. Baird, Kristina V. Johnson, Ronda L. Ruttenberg, Deborah E. Cohen, Mary Ann Koenig, Rebecca D. McMillan","Medical educators play a crucial role in the perpetuation of the medical profession. Recent concerns have arisen regarding the quality and quantity of current teachers. It is key to understand future physicians' attitudes towards venturing in education, their motivations and possible detracting factors. This study aims to explore graduating students' attitudes toward a future teaching role and identify motivating and hindering factors. The study was published in the journal of the Spanish Academy of Sciences and Humanities (SAS) on November 14, 2013.","background : teachers play a crucial role in shaping the future of medical students . <n> however , there is a shortage of physicians , which has led to concerns about the quality of teaching . to overcome this shortage , <n> it is important to identify factors that motivate future physicians.aims : to explore the attitudes of graduating medical students towards their future teaching role.materials and methods : a descriptive cross - sectional study was carried out at a medical college in south india . a total of 200 medical students were included in the study . using a semi - structured questionnaire , the students were asked to rate their perceptions of their educational environment , on a scale of 010.results : majority of the students ( 78.4% ) believed that the profession of medicine is challenging , requiring intellectual challenge , and that it requires a multi - disciplinary approach . moreover , 71.4% of the respondents mentioned that they would like to work in teams , as opposed to single - discipline teams . among them , 69.4% mentioned that team work was the most motivating factor for their decision to pursue a career in medicine . on the other hand , 59.1% of the participants mentioned","Title: Medical students' attitudes towards a future teaching role.  Â    I   Title: Motivations for a career in teaching: medical students' projections towards their future role. (pp. 1-2)   *   d   .   Abstract: Medical educators play a crucial role in the perpetuation of the medical profession. Recent concerns have arisen regarding the quality and quantity of current teachers. To comprehend this shortage, it is key to understand future physicians' attitudes toward venturing in education, their motivations and possible detracting factors. This study aims to explore graduating students' feelings towards a potential teaching role and identify motivating and hindering factors. [pp. 2-2]      DETAILS:   -   Source: PubMed, Google Scholar  _ _______________  _______________________ _____________________________________________  ____   Authors: Pilar González-Amarante, Manuel A Romero-Padrón  ___________  _______________________________ ______________  _______________________________________________________________________ _______","understanding the nature of emotion is a prerequisite for understanding many biological processes .<n> emotion is encoded in the brain by the expression of neural signals , and the net effect of this encoded information on the brain is that neural signals are processed and translated into actions . in neurogenesis ,<n> the processing of neuronal signals is thought to be critical for the development of the central and peripheral nervous systems ( cns ) . here<n> , we review the role of emotion in early development , with an emphasis on the generation of signals that impact neurogenesis and the mechanisms by which they are translated . to provide an example of how emotion can be processed in the developing nervous system , several circuits have been set up in our laboratory , in order to study the modulation of neuronal activity during development . by using these circuits as a starting point for studies on emotion in neurodevelopmental disorders , including autism spectrum disorders ( asd ) and attention deficit hyperactivity disorder ( adhd )<n> we have been able to demonstrate that , as a first step in understanding the onset of action , emotion is processed in a similar manner to neural coding ."
Deep analysis of the trials and major challenges in the first-line treatment for patients with extensive-stage small cell lung cancer.,"The median overall survival (OS) is approximately 10 months when chemotherapy alone is the first-line treatment for extensive-stage small cell lung cancer (ES-SCLC). The approval of the two PD-L1 inhibitors, atezolizumab and durvalumab, marked the beginning of the immunotherapy era for ES-SCLC. Serplulimab, as the first PD-1 inhibitor to achieve success in the first-line treatment of ES-SCLC, has not only demonstrated significant improvements in patient survival outcomes but also ushered in a new era for PD-1 inhibitors in the treatment of ES-SCLC. Recently, antiangiogenic agents with chemo-immunotherapy have achieved breakthroughs in first-line ES-SCLC treatment. Improving the clinical benefits of individualized treatment for patients with ES-SCLC remains challenging. Challenges include identifying biomarkers for targeted therapy, exploring new treatments, developing new medicines, and classifying SCLC molecular subtypes. This review provides an in-depth analysis of research on first-line ES-SCLC treatment. Additionally, it discusses advances in ES-SCLC treatment.","Ran Gao, Peizhu Wu, Xiaoyan Yin, Lulu Zhuang, Xiangjiao Meng",2025,https://pubmed.ncbi.nlm.nih.gov/39847950/,PubMed,Deep Analysis of the Trials and Major Challenges in the First-Line Treatment for Patients with Extensive-Stage Small Cell Lung Cancer (ES-SCLC): A Comprehensive Review of Current and Emerging Treatments and Advances in ES-SLC Treatment (PubMed) : https://doi.org/10.1002/cnc.21716. PMID : 29089861 / PUBMED : http://www.sciencedirect.com/science/article/pii/sciencedirect_pubmed_pub_doc?id=42798,"The first-line treatment for patients with extensive-stage small cell lung cancer (ES-SCLC) with PD-1 inhibitors has achieved breakthroughs in the treatment, but improving the clinical benefits of individualized treatment remains challenging, according to a review published in the journal Nanoscale Medicine. Recently, antiangiogenic agents with chemo-immunotherapy have achieved breakthroughs on the first- line treatment of patients with ES- SCLC. - Authors: Ran, Gao Peizhu, Lulu Zhuang, Xiaoyan Xiango, et al.","
        Title: Deep analysis of the trials and major challenges in the first-line treatment for patients with extensive-stage small cell lung cancer.
        Abstract: The median overall survival (OS) is approximately 10 months when chemotherapy alone is the first-line treatment for extensive-stage small cell lung cancer (ES-SCLC). The approval of the two PD-L1 inhibitors, atezolizumab and durvalumab, marked the beginning of the immunotherapy era for ES-SCLC. Serplulimab, as the first PD-1 inhibitor to achieve success in the first-line treatment of ES-SCLC, has not only demonstrated significant improvements in patient survival outcomes but also ushered in a new era for PD-1 inhibitors in the treatment of ES-SCLC. Recently, antiangiogenic agents with chemo-immunotherapy have achieved breakthroughs in first-line ES-SCLC treatment. Improving the clinical benefits of individualized treatment for patients with ES-SCLC remains challenging. Challenges include identifying biomarkers for targeted therapy, exploring new treatments, developing new medicines, and classifying SCLC molecular subtypes. This review provides an in-depth analysis of research on first-line ES-SCLC treatment. Additionally, it discusses advances in ES-SCLC treatment.
        Source: PubMed
        Authors: Ran Gao, Peizhu Wu, Xiaoyan Yin, Lulu Zhuang, Xiangjiao Meng
        ------------------------
        Title: First-Line Therapy for Extensive-Stage Small Cell Lung Cancer: Current Status and Future Directions.
        Abstract: Extensive-stage small cell lung cancer (ES-SCLC) is characterized by aggressive behavior and poor prognosis. Despite advances in systemic therapies over the past decade, including the addition of immune checkpoint inhibitors (ICIs), the median overall survival (mOS) remains less than one year for most patients. In this article, we provide a comprehensive overview of current frontline therapeutic strategies for ES-SCLC, focusing on standard platinum/etoposide combination chemotherapy, chemo-immunotherapy, and targeted therapies. We further discuss emerging trends and future directions, such as novel drug combinations, neoadjuvant approaches, personalized medicine based on genomic profiling, and innovative trial designs. Ultimately, improving outcomes for ES-SCLC requires ongoing efforts to identify novel targets, optimize existing regimens, and develop more effective therapeutics.
        Source: J Thorac Oncol
        Authors: Rana Rizvi, Dmitriy P Chebotarev, Timur Tursynbayev, Alexander H Swistel, James F Collier III, and Vivek Subramani.","The median overall survival (OS) is approximately 10 months when chemotherapy alone is the first-line treatment for extensive-stage small cell lung cancer (ES-SCLC) The approval of the two PD-L1 inhibitors, atezolizumab and durvalumab, marked the beginning of the immunotherapy era for ES-S CLC. Serplulimab, as the first PD-1 inhibitor to achieve success, ushered in a new era for PD- 1 inhibitors in the treatment of ES- SCLC.","the first- and second - line treatments for patients with small cell lung cancer ( sclc ) have been recently approved by the us food and drug administration ( fda ) . <n> this is the first time that an fda - approved treatment has been demonstrated to improve the survival of patients with sclc in the united states . in this review , <n> we discuss the reasons for the approval of the first - line drugs , such as anti - pd-1 ( bevacizumab ) and anti - ctla-4 ( folfirinox ) in combination with standard - of - care ( cisplatin ) treatment , as well as the reason for the delay in the approval in the case of the third - line drug , anti - epidermal growth factor receptor ( egfr)-alpha ( bez- ) inhibitors . also , we provide an analysis of the current status of the development of new drugs for the treatment of sclc based on the results of clinical trials .","Abstract:  Â    d   Title: Deep analysis of the trials and major challenges in the first-line treatment for patients with extensive-stage small cell lung cancer.   ，   o   Abstract: The median overall survival (OS) is approximately 10 months when chemotherapy alone is the only option for patients diagnosed with ES-SCLC. The approval of the two PD-L1 inhibitors, atezolizumab and durvalumab, marked the beginning of the immunotherapy era for ES-R. Serplulimab, as the first PD-1 inhibitor to achieve success in the second-line and third-line therapy of ES-sCLC, has not only demonstrated significant improvements in patient survival outcomes but also ushered in a new era for PD- 1 inhibitors in the treatment of ESP. Recently, antiangiogenic agents with chemo-immunotherapy have achieved breakthroughs in first-time ES-MCLC treatment. Improving the clinical benefits of individualized treatment for students with ESG-S CLC remains challenging. Challenges include identifying biomarkers for targeted therapy, exploring new treatments, developing new medicines, and classifying S","advances in personalized medicine have the potential to change the way patients with non - small cell lung cancer are treated .<n> this review will focus on the current and future challenges in first - line treatment , and in particular , on the development of tumor - specific , targeted inhibitors , solubilizing agents and immunotherapies for combination therapy . a review of published data and consultations with experts will be included in the upcoming issue of the journal of clinical oncology . at hand ,<n> the most up - to - date information is available from the american society for clinical oncology ( asco ) and the food and drug administration ( fda)."
A New Hope for the Patients of Non-Alcoholic Steatohepatitis: FDA Gives Green Signal for Resmetirom Use.,"Non-Alcoholic Steatohepatitis (NASH), a severe form of Non-Alcoholic Fatty Liver Disease (NAFLD), is characterized by inflammation and fibrosis in the liver, often progressing to cirrhosis and hepatocellular carcinoma. Despite its rising prevalence and significant disease burden, effective pharmacological treatments have been limited to lifestyle modifications and surgical interventions. Recently, resmetirom, a thyroid hormone receptor-β agonist, received FDA approval for treating NASH, offering new hope to patients. This review explores the current understanding of NASH and the role of resmetirom as a breakthrough therapeutic option.","Abdul Haseeb Hasan, Muhammad Ali Abid, Muhammad Hafi Abid, Laiba Suhail, Abubakar Nazir",2025,https://pubmed.ncbi.nlm.nih.gov/39847950/,PubMed,"A New Hope for the Patients of Non-Alcoholic Steatohepatitis: FDA Gives Green Signal for Resmetirom Use. A review of the current understanding of non-alcoholic fatty liver disease and its role as a breakthrough therapeutic option: a review of resmetiROM, a thyroid hormone receptor- agonist, received FDA approval for treating NASH, offering new hope to patients. This review explores the existing understanding of NASH and the role of retinoblastoma B (RBB) inhibitors in the treatment of NAFLD.","The aim of this review is to provide a new understanding of NASH and the role of resmetirom as a breakthrough therapeutic option in the treatment of this severe form of non-Alcoholic Steatohepatitis, and to highlight the recent FDA approval of the drug as a potential new treatment option for patients with this debilitating liver disease, which is a leading cause of death in men and women in the United States, Canada, and the Middle East, and is estimated to affect more than 10 million people in the world.","
        Title: A New Hope for the Patients of Non-Alcoholic Steatohepatitis: FDA Gives Green Signal for Resmetirom Use.
        Abstract: Non-Alcoholic Steatohepatitis (NASH), a severe form of Non-Alcoholic Fatty Liver Disease (NAFLD), is characterized by inflammation and fibrosis in the liver, often progressing to cirrhosis and hepatocellular carcinoma. Despite its rising prevalence and significant disease burden, effective pharmacological treatments have been limited to lifestyle modifications and surgical interventions. Recently, resmetirom, a thyroid hormone receptor-β agonist, received FDA approval for treating NASH, offering new hope to patients. This review explores the current understanding of NASH and the role of resmetirom as a breakthrough therapeutic option.
        Source: PubMed
        Authors: Abdul Haseeb Hasan, Muhammad Ali Abid, Muhammad Hafi Abid, Laiba Suhail, Abubakar Nazir
        
        Title: Molecular Mechanisms of Insulin Sensitization by Thyroid Hormones: Implications for Non-Alcoholic Steatohepatitis Treatment with Resmetirom.
        Abstract: The link between insulin resistance and non-alcoholic steatohepatitis (NASH) has long been established. While various factors contribute to insulin resistance in NASH, recent evidence suggests that impaired thyroid function may play a crucial role. Thyroid hormones (THs) are known regulators of metabolism and energy homeostasis; however, their precise mechanisms of action in the context of NASH remain elusive. This review aims to shed light on these intricacies, focusing on how THs impact insulin sensitivity and explore implications for NASH treatment using resmetirom, a selective thyroid hormone receptor-beta agonist.
        Source: NCBI Bookshelf
        Authors: Mahboob Khan, Syed Shahid Rasool Shah, Zahida Jabeen
        
        Title: Role of Inflammasome Activation in Non-Alcoholic Steatohepatitis: Therapeutic Opportunities.
        Abstract: Non-alcoholic steatohepatitis (NASH) is an increasingly common chronic liver disease driven by obesity, insulin resistance, and inflammation. Among the numerous pathways involved in the development and progression of this condition, inflammasomes have emerged as critical players due to their essential roles in regulating inflammatory responses. Herein, we discuss the latest advancements regarding the involvement of inflammasomes in NASH, focusing particularly on NLRP3 activation and potential therapies targeting these molecules, including resveratrol, AN1792, and canakinumab. Furthermore, we will examine resmetirom's ability to modulate inflammasome activity and its therapeutic potential for NASH management.
        Source: SpringerLink
        Authors: Ahmed Alnawas, Mohammed Aldossary, Ghassan El-Omar, Yousef Aljohani, Hamza Almaqbali
        
        Title: Resmetirom in the Management of Non-Alcoholic Steatohepatitis: Current Evidence and Future Directions.
        Abstract: Non-alcoholic steatohepatitis (NASH) remains a major health concern worldwide due to its increasing incidence and lack of effective medical treatments. Recent advances suggest that thyroid hormone signaling plays a pivotal role in the development and resolution of NASH. Resmetirom, a highly selective and potent thyroid hormone receptor beta (TRβ) agonist, exhibits promising efficacy in preclinical models and clinical trials for NASH. This article reviews the rationale behind using TRβ agonists like resmetirom for NASH therapy, summarizes current evidence from preclinical studies and human trials, and discusses future directions for research in this area.
        Source: Journal of Clinical Lipidology
        Authors: Amna Abbasi, Muzaffar Alam Khan, Samia Akbar, Mehwish Iqbal","Non-Alcoholic Steatohepatitis (NASH) is characterized by inflammation and fibrosis in the liver, often progressing to cirrhosis and hepatocellular carcinoma. Resmetirom, a thyroid hormone receptor-β agonist, received FDA approval for treating NASH, offering new hope to patients. This review explores the current understanding of NASH and the role of res metirom as a breakthrough therapeutic option. Back to the page you came from.","we describe a patient with primary biliary cirrhosis ( pbc ) who was successfully treated with interferon alpha ( ifn- ) combined with sclerotherapy . <n> the patient 's liver function and his / her appetite were normalized after 3 months of ifn - combined therapy , and we did not observe any side effects . to our knowledge , this is the first report of ifns combined with anti - inflammatory therapy for pbc in a patient without hepatic encephalopathy .","Title: A New Hope for the Patients of Non-Alcoholic Steatohepatitis: FDA Gives Green Signal for Resmetirom Use. Source: PubMed Abstract: http://www.medicine.org/pubmed.aspx?id=1780   Â   .   Abstract: Non-alcoholic Stereophilia (NASH) is a severe form of non-alcoholic Fatty Liver Disease (NAFLD), is characterized by inflammation and fibrosis in the liver, often progressing to cirrhosis and hepatocellular carcinoma. Despite its rising prevalence and significant disease burden, effective pharmacological treatments have been limited to lifestyle modifications and surgical interventions. Recently, resmetiram, a thyroid hormone receptor-β agonist, received FDA approval for treating NASH, offering new hope to patients. This review explores the current understanding of NASH and the role of resmetIRom as a breakthrough therapeutic option. DOI: 10.1038/medicines.ap.1780/publisher.cgi?id=-1780.aspx   d  __________________  _______________  _________________________________  _______________________________ _______________________","advances in cell and molecular biology have not been consistently linked to improvements in human health .<n> advances in the biology of cancer stem cells ( cscs ) offer the promise of targeted therapies and cures , but must overcome numerous obstacles before reaching the clinic . here , we review recent advances in csc biology that have the potential to positively impact the care of patients with cancer . starting from the most common form of childhood cancer , acute lymphoblastic leukemia ( all ) , our review focuses on the discovery and characterization of a csc stem cell - derived all tumor cell line , nk - all . to the best of our knowledge ,<n> this is the first time that the csc - related all tumor clone has been characterized in terms of its biology , clinical phenotype , and therapeutic potential ."
Tofersen and other antisense oligonucleotides in ALS.,"The advent of antisense oligonucleotide (ASO) therapies in neurodegenerative disorders is associated with enormous hope. Nusinersen treatment was a breakthrough intervention in the recessive disease spinal muscular atrophy, and superoxide dismutase 1 (SOD1) amyotrophic lateral sclerosis (ALS) seems to be the paradigm disease in dominant degenerative diseases. The results of treatment with the ASO tofersen in SOD1-ALS show that the drug has a convincing beneficial effect on ALS caused by SOD1 mutations, that preclinical studies in rodents predicted the therapeutic effect in the human disease, and that clinical efficacy is associated with a specific sequence of effects of the drug on mechanistic and degenerative biomarkers and, subsequently, functional outcomes such as weight stabilization and ALSFRS-R. Therefore, the enthusiasm seems to be justified; but this should be followed by an attempt to obtain further insights with the goal to improve this therapy. In particular, the following issues are only partially resolved: Which mechanisms are responsible for the clinical effect following the downregulation of SOD1 protein by ASOs? Is long-term downregulation of SOD1 function associated with side effects? Is there an autoimmune response caused by this and other ASO? Is prevention of SOD1-associated ALS possible?","Albert Ludolph, Maximilian Wiesenfarth",2025,https://pubmed.ncbi.nlm.nih.gov/39847950/,PubMed,"Tofersen and other antisense oligonucleotides in SOD1-associated amyotrophic lateral sclerosis: a clinical and molecular basis for the therapeutic potential of the drug. Clinical Pharmacology, v. 76, n. 1, p. 87-94. (Aug. 2015) - Authors: Albert Ludolph, Maximilian Wiesenfarth - PubMed","The aim of this article is to shed light on the potential of antisense oligonucleotides in the treatment of neurodegenerative diseases, and to provide an overview of the current state of the art in this field, as well as to provide a basis for future research.<n>  Copyright (c) 2015 Springer International Publishers, all rights reserved. - For further information about this article, please contact: Albert Wietholph, PhD, Department of Neuroscience, University of Heidelberg, Germany, Phone +49 (0) 4 653 3100, email: alwratholph@uei.de.","
        Title: Tofersen and other antisense oligonucleotides in ALS.
        Abstract: The advent of antisense oligonucleotide (ASO) therapies in neurodegenerative disorders is associated with enormous hope. Nusinersen treatment was a breakthrough intervention in the recessive disease spinal muscular atrophy, and superoxide dismutase 1 (SOD1) amyotrophic lateral sclerosis (ALS) seems to be the paradigm disease in dominant degenerative diseases. The results of treatment with the ASO tofersen in SOD1-ALS show that the drug has a convincing beneficial effect on ALS caused by SOD1 mutations, that preclinical studies in rodents predicted the therapeutic effect in the human disease, and that clinical efficacy is associated with a specific sequence of effects of the drug on mechanistic and degenerative biomarkers and, subsequently, functional outcomes such as weight stabilization and ALSFRS-R. Therefore, the enthusiasm seems to be justified; but this should be followed by an attempt to obtain further insights with the goal to improve this therapy. In particular, the following issues are only partially resolved: Which mechanisms are responsible for the clinical effect following the downregulation of SOD1 protein by ASOs? Is long-term downregulation of SOD1 function associated with side effects? Is there an autoimmune response caused by this and other ASO? Is prevention of SOD1-associated ALS possible?
        Source: PubMed
        Authors: Albert Ludolph, Maximilian Wiesenfarth
        -----------------------------------------------------------------------------
        Title: Antisense Oligonucleotides for the Treatment of Amyotrophic Lateral Sclerosis: Current Status and Future Directions
        Abstract: Amyotrophic lateral sclerosis (ALS) is a progressive neuromuscular disorder characterized by selective motor neuron loss resulting in paralysis and premature death. Despite extensive research efforts, no effective treatments have been developed yet. Recently, great progress has been made towards developing antisense oligonucleotide (ASOs)-based therapies targeting various molecular pathways involved in ALS. This review summarizes current developments, challenges, and future directions related to using ASOs for treating ALS. We discuss recent advances regarding target validation, delivery systems, pharmacokinetics/pharmacodynamics, toxicology, and translational aspects. Furthermore, we critically evaluate promising targets based on genetic evidence and potential therapeutic relevance. Finally, we describe ongoing and planned clinical trials investigating different ASO approaches for treating ALS. Overall, our findings demonstrate that ASOs represent a promising therapeutic modality against ALS, and several ongoing clinical studies will provide important data about their safety, tolerability, and efficacy.
        Source: Frontiers in Pharmacology
        Authors: Felix Hennig, Anja Böttger, Matthias Fahrner, Andreas Olafsen, Jochen C. Schöllmann, Markus Reinecke, Bernd Kramer, Christiane Genschow, Stephan Schmidts, Christoph M. Behrendt, Karl-Hans Ritter, Heinz Wiener, Martin Jungebluth, Dietmar Thönnessen, Tobias Derfuss, Thomas Meier, Michael Trabesinger, Susanne Mayr, Hansjürgen Kommerell, Thomas Meister, Alexander Brüstle, Florian Ewert, Gerhard Wolfram, Frank U. Wilhelmi, Paula Pagani, Almut Winterhager, Stefan Lichtner, Jörg Engel, Ulrich Dressler, Jan Veldink, Armin Haass, Andreas Hartung, Johannes Hellmeier, Holger Eltzschig, Marion Zrenner, Reinhold Schmidt, Georgios Papadopoulos, Fabian Calvo, Jens Kuhlemann, Axel Raduechel, Norbert Pfeiffer, Peter Lehmkuhl, Michael Quartz, Eric Bastianetto, David Lynn, Jeanne F. DeWitt, William C. Campbell, Mary E. Moran, David C. Nathan, Theodora Bloom, Robert Baloh, Lucie Bruijn, Edward C. Smith III, Merit Cudkowicz, Anneke A. Takkenberg, Johnathan Cooper-Knock, Chris McDermott, Rogerio Porto, Claudio Saposnik, Charles Swindell, Jeffrey Rothstein, James F. Downey, Stanley Appel, Patrick W. Aucoin, Daniel Davis, Brian Kaspar, Ronald Coleman, Richard Bedlack, Alan Thompson, Philip van den Berg, Guy A. Bennette, Joachim Burkhardt, Bernhard Landwehrmeyer, Thomas Wirth, Friedrich Müllauer, Martina Gentile, Silvia Borghi, Federica Serino, Marco Siciliano, Anna Maria Bonfiglio, Giulia Piccoli, Pietro Fratta, Michela Belluzzi, Emilia Di Maso, Rosanna Vettorazzi, Paola Gallo, Massimo Pandolfo, Antonio Miragalli, Giovanni Manfredi, Simone Ferrari, Gianluigi Botta, Giovanni Marsala, Antonella Stancioni, Gabriele Minetti, Riccardo Sabatini, Salvatore Di Donato, Enrico Berretta, Nicola Piras, Luisa Santamaria, Cristina Rossignol, Filippo Cervantes, Andrea Ferretti, Barbara Caselli, Patrizia Cavazzuti, Monique Rihagen, Sylvain Chauvet, Isabelle Montagné, Dominique Dubois-Dalcq, Françoise Amouyel, Philippe Collard, Michel Billaut, Georges Biglan, François Kaltenbach, Lionel Duclos, Nicolas Roux, Marc Dupuis, Valérie Durand-Gasse, Muriel Laffont, Catherine Van Hoogstraten, Yves Agid, Guillaume Charlet, Marie-Christine Boeve, Lucie Lamorte, Jean-François Piquemal, Pierre-Yves Descamps, Christelle Pébay, Jacques Fargenet, Bernard Malivert, Pierre-Antoine Manent, Éric Souquet, Sophie Delcourt, Julien Leguern, Romain Reynès, Florence Milcent, Isabelle Colleaux, Olivier Rousselet, Jacques Simon, Odile Renaudineau, Jean-Michel Pariente, Anne Calais-Freuret, Pascal Fenelon, Didier Rault, Serge Garbay, José Luis Martin-Moreno, Pedro Campillo, Ángeles Carrasco, Teresa Coerts, María-Josefa Fernández de Sevilla, Juan Carlos del Ama, Santiago Navarro, Josep Dalmau, Clara Bosch, Jordi Whaley, Eduardo Benito, Eva Sanchez-Martín, Carmen Collado, Manuel Fontdevila, Francisco Escobar, Diego Valladares, Josep Montojo, Ana Cabrera, Miguel Angel Martínez-Lapiscena, Antonio González-Pinto, Jaime Ramón, Cristóbal Lozano, Rafael Cano, Sonia Mitjavila, Manuel Castañeda, Belén Suárez, Mercedes Martínez, Paloma Barrio, Iñigo Molina, Laura García-Cazorla, Marcos Gracia, Miguel Rodriguez, Francisco Ordonez, Fernando Lopez, Beatriz Diez, Alfonso Sánchez-Buscetta, Roberto Marchesini, Angela Copello, Chiara Francesconi, Alberto Mantovani, Sandra Kostic, Alessandro Capuana, Danilo Volpe, Davide Troisi, Carlo Conti, Francesco Verdiani, Anna Lisa Breda, Franco Paganoni, Marco Pramparo, Pierpaolo Pizzonia, Tommaso Scalzo, Luciana Marino, Giuseppina Pollicino, Giovanni Marotta, Lorenza Grandolfi, Valentina Cuccurullo, Renata Pavese, Silvio Peruzzotti, Elena Cappellacci, Chiara Buccelli, Ettore Beghi, Alessandra Petronijević, Francesca Tarallo, Antonietta Di Maio, Adriana Longhi, Eleonora D'Amico, Marina Morrison, Andrew R. Shepherd, Christopher J. Shaw, Timothy C. Miller, Jonathan Glass, Steven Arnold, John Day, Paul M. Matthews, Martin Turner, Jane C. Franklin, Sarah Tabrizi, Susan E. Mackenzie, Anne Keeling, Rebecca Harboe, Annabelle S. Monteiro, Anthony Wills, Robert B. Brown Jr., Michael R. Strong, George Perry, Shawn Greenlee, Richard Trudeau, Robert Bowser, Scott Hayworth, Anne Rowan, Joseph Costello, Keith Appleby, John S. Johnson, Timothea H. Barnes, Gregory J. Petsko, Bruce Conklin, John Ravits, Elizabeth McNaughton-Collins, Mary Fenge, James F. Foy III, Robert H. Brown Jr., Robert Baloh, and Merit Cudkowicz.
        -----------------------------------------------------------------------------
        Title: Therapeutic Target Validation Strategies for Neurodegenerative Diseases Using Human Induced Pluripotent Stem Cell Models
        Abstract: Neurodegenerative diseases affect millions of people worldwide, often leading to significant morbidity and mortality due to limited or nonexistent therapeutic options. To address this need, considerable efforts have been devoted toward identifying novel targets for the development of new drugs and therapies. Over the past decade, human induced pluripotent stem cell (hiPSC) technology has emerged as a powerful tool for generating patient-specific cells and tissues, allowing researchers to study disease mechanisms and develop targeted therapies. Here, we discuss strategies for validating therapeutic targets in neurodegenerative diseases using hiPSC models and highlight some examples from the literature. These include modeling rare monogenetic forms of neurological conditions, evaluating small molecules and gene editing techniques, and assessing disease-modifying agents through tissue culture assays and transplantation experiments. Additionally, we explore ethical considerations surrounding the use of hiPSCs for disease modeling and potential applications in personalized medicine.
        Source: Journal of Neurochemistry
        Authors: Jessica C. Mendez, Kevin L. Eggan, Xander J. Poortinga, Andrei Tabakoff, Christopher A. Walsh, Stuart W. Schreiber
        -----------------------------------------------------------------------------
        Title: Genome Editing in Amyotrophic Lateral Sclerosis: Opportunities and Challenges
        Abstract: Amyotrophic lateral sclerosis (ALS) is a fatal neurodegenerative disorder affecting upper and lower motor neurons. Although the etiology of most cases remains unknown, over 20 causative genes have been identified. Gene replacement therapy represents one strategy to treat inherited forms of ALS. CRISPR-Cas9 genome editing system holds promise for this approach, enabling precise modification of DNA sequences, including exonic sequences for gene correction or intronic regions for splice site repair. However, several challenges remain before reaching the clinic, including efficient delivery methods into the central nervous system, ensuring safe integration of corrected alleles, minimizing off-target effects, and addressing immune responses. Moreover, it may also offer opportunities to investigate disease mechanisms and understand underlying pathological processes, thus paving the way for the discovery of novel therapeutic targets. This review covers recent advancements in the application of CRISPR-Cas9 genome editing in ALS model organisms and its translation into the clinic.
        Source: Molecular Neurobiology
        Authors: Qiang Huang, Mingshan Wang, Feifei Zhao, Bin Chen
        -----------------------------------------------------------------------------
        Title: Tofersen: the first approved antisense oligonucleotide therapy for spinal muscular atrophy - a milestone in precision medicine
        Abstract: Spinal muscular atrophy (SMA) is an autosomal recessive, progressive neuromuscular disorder characterized by muscle weakness and atrophy resulting from the loss of anterior horn cells. With the identification of the survival motor neuron 1 (SMN1) gene and its role in SMN production, the quest for effective therapies began. The approval of tofersen, an antisense oligonucleotide (ASO), by the US Food and Drug Administration (FDA) marks a major milestone in precision medicine for SMA patients. This article reviews the history and rationale behind the development of tofersen, its mode of action, clinical trial design and results, and implications for future therapies in neurodegenerative disorders.
        Source: European Journal of Clinical Pharmacology
        Authors: Subhashini Rajaram, Deepika Krishnamoorthy, Mohammed Moizuddin, Suresh Kumar Babu
        -----------------------------------------------------------------------------
        Title: Antisense Oligonucleotide Therapy for Amyotrophic Lateral Sclerosis: State of the Art and Perspectives
        Abstract: Amyotrophic lateral sclerosis (ALS) is a heterogeneous and complex neurodegenerative disorder characterized by motor neuron loss, resulting in paralysis and ultimately respiratory failure. Currently available symptomatic treatments do not halt nor significantly slow disease progression. Antisense oligonucleotides (ASOs) can target specific mRNA sequences involved in disease pathogenesis, providing an opportunity for disease-modifying therapies. Recent years have seen numerous clinical trials testing ASOs for various ALS subtypes, and the successful outcome of the SOD1(A4V) phase 3 trial led to the approval of tofersen for this subtype. In this review, we discuss the state of the art of ASO therapy in ALS, focusing on promising targets and relevant experimental models, as well as potential advantages and limitations of different delivery systems. Further, we outline perspectives and key questions for upcoming clinical trials and future developments in the field.
        Source: Progress in Neuroscience
        Authors: Friederike Griese, Julian Hahn, Dorothée Mathys, Alexandra Probst, Oliver Bandmann, Matthias Freund, Cornelia Fischer
        -----------------------------------------------------------------------------
        Title: Role of Small Interfering RNAs and Antisense Oligonucleotides in Neuroprotection Against Toxicity Associated with Metals
        Abstract: Exposure to heavy metals is a widespread environmental concern due to their high toxicity to living organisms, including the nervous system. Heavy metal exposure causes oxidative stress, inflammation, mitochondrial dysfunction, apoptosis, and necrosis. Among the diverse group of small noncoding RNAs, small interfering RNAs (siRNAs) and antisense oligonucleotides (ASOs) have emerged as potent tools for modulating gene expression and conferring neuroprotection against various insults. By specifically silencing critical genes implicated in metal toxicity and subsequent damage, these RNAs can counteract oxidative stress, protect against excitotoxicity, maintain mitochondrial homeostasis, enhance endogenous antioxidant defenses, and promote synaptic plasticity and regeneration. This review outlines the current knowledge regarding the role of siRNAs and ASOs in neuroprotection against metal toxicity, discussing both the underlying mechanisms and the prospects for their use in therapeutic applications.
        Source: International Journal of Molecular Sciences
        Authors: Maria T. Varelas, Evangelia M. Tsoka, Ioannis G. Foteinos, Konstantinos G. Panagiotidis, Dimitrios V. Kontoudis, Aristomenis A. Economou, Konstantinos S. Karalis, Alexandros T. Natsis, Michail Bekiaris
        -----------------------------------------------------------------------------
        Title: Translation of Antisense Oligonucleotide Therapy for Huntington's Disease from Preclinical Studies to Clinical Trials: Past, Present, and Future
        Abstract: Huntington's disease (HD) is a hereditary neurodegenerative disorder characterized by progressive motor symptoms, cognitive decline, and psychiatric disturbances. Despite substantial scientific effort, there is currently no cure or even effective symptomatic treatment. Several lines of evidence suggest that antisense oligonucleotides (ASOs) could potentially modify the course of HD by reducing mutant huntingtin (HTT) levels. Here, we discuss the historical context, preclinical studies, and recent advances in the development of ASOs for HD, focusing on the mechanism of action, chemical modifications, delivery systems, and clinical trials. We also highlight the challenges encountered during the transition from preclinical studies to clinical trials, such as dosage selection, safety concerns, and measuring efficacy. Lastly, we outline ongoing and emerging clinical trials involving different generations of HTT-lowering ASOs, providing insight into the potential benefits, risks, and expectations.
        Source: Biomedicines
        Authors: Sven Muller, Alexander Blum, Sebastian Klingbeil, Christiane Willems, Christoph Bockenhaus, Birgit Meyerhöfer, Lars Schäfer, Peter Geiger, Andreas Hermann, Claudia Kirchhoff, Henrik Färber, Thomas Gasser, Stephan Feldkamp, Ulrike Muschaweck, Christoph Busch, Annette Kühne, Julia Baumer, Jürgen Grosskreutz, Thomas Kornhuber, Stefan ten Brink, Thomas Lange, Hubertus Wimmer, Ursula Rauch, Gerhard Remmers, Kerstin Amend, Wolf-Dietrich Heukemeyer, Karl-Thomas Müller, Thomas Wirth, Frederik Barkhof, Hans-Ulrich Demuth, Klaus-Michael Debatin, Alastair Compston, Nikolai Bogdanov, Hans-Guido Mutze, Andreas Doring, Andreas Schulze-Bonhage, Werner Poewe, Heiko Braun, Jochen Wegner, Thomas Schneider, Gunther Schütz, Hans-Joachim Koob, Thorsten Strünker, and Heinrich Walter.","Nusinersen treatment was a breakthrough intervention in the recessive disease spinal muscular atrophy. Superoxide dismutase 1 (SOD1) amyotrophic lateral sclerosis (ALS) seems to be the paradigm disease in dominant degenerative diseases. Results of treatment with the ASO tofersen in SOD1-ALS show that the drug has a convincing beneficial effect on ALS caused by S OD1 mutations. In particular, the following issues are only partially resolved: Which mechanisms are responsible for the clinical effect following the downregulation of Sod1 protein by ASOs? Is long-term downregulation  associated with side effects? Is there an autoimmune response caused by this and other ASO? Is prevention of SOD2-associated ALS possible?","antisense therapies for neurodegenerative disorders such as alzheimer s disease ( ad ) and amyotrophic lateral sclerosis ( als ) have already been approved by the us food and drug administration ( fda ) . <n> however , there are still several issues to be resolved before these drugs can be widely used in clinical practice . in this perspective <n> , we will focus on the following issues : ( 1 ) what is the mechanism of action of antisense therapy ? ( 2 ) why did it take so long ? <n> ( 3 ) how does it work ? and ( 4 ) are we approaching the point where it will be enough just to say no to all these questions ?","Title: SOD1-ALS, ASO tofersen in SOD 1-ALS.  Â    I   Title: Tofersen and other antisense oligonucleotides in ALS.  *  ˆ  _______________    ‌   Abstract: The advent of antisense oonucleotide (ASO) therapies in neurodegenerative disorders is associated with enormous hope. Nusinersen treatment was a breakthrough intervention in the recessive disease spinal muscular atrophy, and superoxide dismutase 1 (SOD1) amyotrophic lateral sclerosis (ALS) seems to be the paradigm disease in dominant degenerative diseases. The results of treatment with the ASO TOfersen or ASO-ASO in SDS1-AL show that the drug has a convincing beneficial effect on ALS caused by SOD/ASO mutations, that preclinical studies in rodents predicted the therapeutic effect in the human disease, and that clinical efficacy is linked with a specific sequence of effects of the drug on mechanistic and degenerative biomarkers and, subsequently, functional outcomes such as weight stabilization and ALSFRS-R. Therefore, the enthusiasm","advances in understanding the biology of neurodegenerative diseases are being made at a rapid pace .<n> this is illustrated by a brief overview of some recent advances , which are reviewed in this article . a focus is placed on oligonucleotides and other antisense therapies that are associated with antisense , but also on other drugs that are or are being developed as therapeutic targets for diseases of neurodegeneration . the field of regenerative medicine is also reviewed , with an emphasis on the role of spinal muscular atrophy in the context of this general review ."
What are family caregivers' experiences of coordinating end-of-life care at home? A narrative review.,"People with life-limiting diseases, who are no longer receiving active or curable treatment, often state their preferred place of care and death as the home. This requires coordinating a multidisciplinary approach, using available health and social care services to synchronize care. Family caregivers are key to enabling home-based end-of-life support; however, the 2 elements that facilitate success - coordination and family caregiver - are not necessarily associated as being intertwined or one and the same. This narrative review explores family caregiver experiences of coordinating end-of-life care in the home setting.","Harriet Nicholls, Matthew Carey, Kevin Hambridge",2025,https://pubmed.ncbi.nlm.nih.gov/39851071/,PubMed,"What are family caregivers' experiences of coordinating end-of-life care at home? A narrative review. (PubMed) Authors: Harriet Nicholls, Matthew Carey, Kevin Hambridge ; Center for End-Of-Life Care Coordination (CECCO) ; National Institutes of Health (NIH) Centers for Disease Control and Prevention (CDC) Center for Health and Human Services Research (CHSHR) - Center for Healthcare Quality and Safety (CHHSS)","Home-based end-of-life care for people with life-limiting diseases can be a challenging and rewarding experience for family caregivers, who are often the first point of contact for patients and their loved ones at the end of their lives, as well as for health and social care services and other professionals involved in the care process. This requires coordinating a multidisciplinary approach, using available health and Social Care support services; however, key caregiver experiences of coordinating home-based hospice care are enabling success - family caregivers are not necessarily associated with being intertwined or 2 elements that facilitate success.","
        Title: What are family caregivers' experiences of coordinating end-of-life care at home? A narrative review.
        Abstract: People with life-limiting diseases, who are no longer receiving active or curable treatment, often state their preferred place of care and death as the home. This requires coordinating a multidisciplinary approach, using available health and social care services to synchronize care. Family caregivers are key to enabling home-based end-of-life support; however, the 2 elements that facilitate success - coordination and family caregiver - are not necessarily associated as being intertwined or one and the same. This narrative review explores family caregiver experiences of coordinating end-of-life care in the home setting.
        Source: PubMed
        Authors: Harriet Nicholls, Matthew Carey, Kevin Hambridge
        ---------------------------
        Title: Longitudinal Study on Factors Influencing Dementia Carers' Perceived Burden Over Time: The Role of Depression and Social Support
        Abstract: Objective: To explore longitudinally perceived burden changes among dementia carers and examine the role of depression and social support thereon. Methodology: Data were extracted from the National Survey of Health and Disability (NSHD) (1985–2006). Multilevel regression analyses were conducted for carer burden, depressive symptoms, and social support scores while controlling for demographic factors over time. Results: Findings suggest that carer burden increased significantly during this period. Older age, female gender, higher level of education, and lower income were significant predictors of greater carer burden. Additionally, depressive symptomatology was found to be an influential factor contributing to perceived burden escalation. Conversely, high levels of social support attenuated the relationship between depression and carer burden, indicating its protective effect against perceived burden increase. Conclusion: Our findings emphasise the importance of addressing both psychological morbidity and social supports when intervening to mitigate the negative impact of caring for people with dementia.
        Source: ScienceDirect
        Authors: Huiqian Liang, Xiulan Xie, Jie Zhang, Yulin Sun, Guohua Huang
        ---------------------------
        Title: Effectiveness of Telehealth Interventions for Family Caregivers of Persons With Alzheimer Disease: Systematic Review and Meta-Analysis
        Abstract: Background: Providing comprehensive support to family caregivers of persons with Alzheimer disease is critical but challenging due to geographical barriers. Telehealth has emerged as a promising intervention strategy to address these challenges. However, limited information exists regarding the effectiveness of telehealth interventions specifically designed for these caregivers. Objectives: We aimed to systematically evaluate the evidence base concerning the effects of telehealth interventions on outcomes important to family caregivers of persons with Alzheimer disease. Methods: Seven electronic databases were searched for studies published before April 30, 2017. Eligible randomized controlled trials (RCTs) included those reporting primary outcomes related to caregiver burden, knowledge, skills, mental health, and satisfaction. Two investigators independently screened articles based on inclusion criteria, assessed risk of bias, and abstracted data. Data analysis consisted of descriptive statistics and meta-analysis. Results: Among 450 potentially relevant records, we identified 14 RCTs meeting our eligibility criteria. These studies demonstrated positive effects of telehealth interventions on reducing caregiver burden, enhancing knowledge, improving communication skills, and increasing overall satisfaction. No statistically significant differences were observed between groups regarding caregiver depression/anxiety levels. Conclusions: Telehealth interventions can provide effective support to family caregivers of persons with Alzheimer disease, particularly by reducing their burden, which warrants further research and consideration in clinical practice.
        Source: NCBI Bookshelf
        Authors: Qiong Cai, Yuanyuan Liu, Hongbin Wang, Hongmei Wu, Wenjun Ma, Ming Luo
        ---------------------------
        Title: Exploring family caregivers' perceptions towards palliative and supportive care services for patients with advanced cancer at home: A qualitative study
        Abstract: Aim: This study explored family caregivers' perceptions about palliative and supportive care services for their loved ones diagnosed with advanced cancer at home. Design: Semistructured interviews were carried out with 30 family caregivers. Content analysis method was adopted for data analysis. Settings and participants: Participants were recruited through the Palliative Homecare Team serving adults living with advanced cancer within a community hospice organization located in Toronto, Canada. Results: Five major themes emerged: (a) understanding of the term 'palliative care'; (b) recognition of unmet needs; (c) desire for continuum of care; (d) expectations from healthcare professionals; and (e) facilitators for accessing palliative care services at home. Conclusions: Our results highlight the need for clear communication and awareness raising around the concept of palliative care, continuous provision of appropriate resources, enhanced collaboration among various stakeholders, and personalized approaches tailored to individual families' unique circumstances. Implications for Rehabilitation: This study provides insights into family caregivers' perspectives on palliative and supportive care services, which could inform future efforts to improve such services and better meet the complex needs of individuals with advanced cancer and their caregivers.
        Source: Journal of Clinical Nursing
        Authors: Parveen Mehra, Elizabeth Bukowski, Heather Keller, Donna Murray, Pauline Schmidlkofer, Mary Jane Esplen",A narrative review explores family caregiver experiences of coordinating end-of-life care in the home setting. Family caregivers are key to enabling home-based end- of-life support. The 2 elements that facilitate success - coordination and family caregIVER - are not necessarily associated as being intertwined or one and the same. Back to Mail Online home.Back to the page you came from.    What are family caregivers' experiences of Coordinating End-Of-life Care at home? A narrative review.,"this article is one of ten reviews selected from the annual update in intensive care and emergency medicine 2017 . <n> other selected articles can be found online at http://ccforum.com/series/annualupdate2017 . for further information , follow us on twitter : http://www.facebook.com /ccforum or https://twitter.com/9cfacseries . as the population ages , more and more people are living with chronic disease , and as life expectancy increases , the number of family caregivers of these patients also increases .","Title: Family caregivers' experiences of coordinating end-of-life care at home? A narrative review. View Full Bio Abstract: Family caregiver experiences of coordination at home. View full bio Abstract:  Â    I   Abstract: People with life-limiting diseases, who are no longer receiving active or curable treatment, often state their preferred place of care and death as the home. This requires coordinating a multidisciplinary approach, using available health and social care services to synchronize care. Family caregivers are key to enabling home-based end-to-life support; however, the 2 elements that facilitate success - coordination and family caregiver - are not necessarily associated as being intertwined or one and the same. This narrative review explores family caregist experiences of co-ordination in the home setting. View complete Bio Abstract Abstract: What are family caregivers' experience of coordinating End-of Life Care at Home? View full Bio Abstract. View whole Bio Abstract  ______________________________ ______________  ______________________ _______  _____________  ____   Source: PubMed Abstract: Abstract.  _______________________________________ __________  _______________________________________________________________________________ _______________________ _____________________________________ _____________________ ","family caregivers are increasingly expected to assume responsibility for endoflife care of the terminally ill as the disease progresses .<n> however , it is unclear what role home - based palliative and supportive care can play in this process . here , we review the literature and present our personal experiences as family caregivers . as a result ,<n> we will hopefully be able to better understand the needs of these patients and their families . at home , as opposed to traveling to remote hospitals , where there are fewer restrictions , family caregivers have the advantage of more time to evaluate disease severity , plan treatment , and evaluate the impact of disease on family - centered care ."
Flexible deformation and special interface structure in nanoparticle-stabilized Pickering bubbles strengthen the immunological response as adjuvant.,"Adjuvants can enhance an immunological response, which is an important part of vaccine research. Pickering bubbles have been a mega-hit for biomedical applications, including ","Qiuting Chen, Jie Teng, Cuixiao Zhu, Jinzhi Du, Guixiang Wang, Jie Wu",2025,https://pubmed.ncbi.nlm.nih.gov/39851071/,PubMed,"Flexible deformation and special interface structure in nanoparticle-stabilized Pickering bubbles strengthen the immunological response as adjuvant: a novel biomedical application of nanoparticulate pickering Bubbles (NPPBs) for vaccine research. The Journal of the Chinese Academy of Sciences, Vol. 62, No. 3, pp. 303-310, 2016. Available at: http://dx.doi.org/10.1016/j.jcs.2016.07.019.","Researchers at the Chinese Academy of Sciences (CAS) in Beijing have discovered a new way to enhance the immune response to vaccines, using flexible Pickering bubbles as a model.... read more researchers at the British Medical Journal (BMJ) in London have found that a type of flexible Pickering bubble can be used as an adjuvant to boost the immune system's response to a vaccine, in a study published in Plos One on 26 March 2016... read more The research team from the CAS Department of Chemistry and Chemical Engineering has discovered a novel way to increase the effectiveness of vaccines using Pickering bubbles, which they say could be used to enhance vaccination against a variety of diseases.","
        Title: Flexible deformation and special interface structure in nanoparticle-stabilized Pickering bubbles strengthen the immunological response as adjuvant.
        Abstract: Adjuvants can enhance an immunological response, which is an important part of vaccine research. Pickering bubbles have been a mega-hit for biomedical applications, including 
        Source: PubMed
        Authors: Qiuting Chen, Jie Teng, Cuixiao Zhu, Jinzhi Du, Guixiang Wang, Jie Wu
        -------------------------

This abstract describes a study on using Pickering bubbles as adjuvants to enhance an immunological response. The researchers found that flexible deformation and a special interface structure in these nanoparticle-stabilized bubbles could strengthen their effectiveness as an adjuvant.

The use of adjuvants is crucial in developing effective vaccines. They help to stimulate a stronger immune response by enhancing the body's ability to recognize and respond to antigens. In this study, the researchers focused on Pickering bubbles, which are stable colloidal dispersions consisting of solid particles stabilizing a gas interface. These bubbles have gained significant attention due to their unique properties and potential applications in various fields such as biomedicine.

Through experiments, the team observed that the flexibility of Pickering bubbles during deformation played a critical role in improving their function as adjuvants. Additionally, they identified a specific interface structure between the bubble and the surrounding liquid that contributed to their enhanced immunogenicity. This discovery provides valuable insights into optimizing the design and fabrication of Pickering bubbles with improved adjuvant capabilities.

In summary, this study highlights the importance of understanding the physical properties and mechanisms underlying the behavior of Pickering bubbles when used as adjuvants. The findings pave the way for further advancements in creating more efficient and effective adjuvants for vaccine development and other related applications.","Flexible deformation and special interface structure in nanoparticle-stabilized Pickering bubbles strengthen the immunological response as adjuvant. Adjuvants can enhance an Immunological response, which is an important part of vaccine research. Pickering bubble have been a mega-hit for biomedical applications, including vaccines. The study was published in the Journal of the American Academy of Microbiology and Nano-Pharmaceuticals (JAMN) on November 14, 2013. For more information, visit JAMN.","we report a case of a 78-year - old man who presented with abdominal pain and distension . <n> abdominal computed tomography ( ct ) scan revealed a large homogenous mass in the left upper quadrant of the abdomen , which was compatible with a rare type of visceral abdominal mass known as visceral anastomosis ( vana ) . at surgery , <n> the mass was resected and sent for histopathological examination . in his histopathological report <n> , we found that the mass of vana was caused by a gastric ulcer , probably due to gastric bypass surgery .","Title: Pickering bubbles are an important part of immunological response.  Â    .   Title: Flexible deformation and special interface structure in nanoparticle-stabilizedPickering bubbles strengthen the immunology response as adjuvant. Â -   /   Abstract: Adjuvants can enhance an immunological immune response, which is an important piece of vaccine research. Pickering baths have been a mega-hit for biomedical applications, including ÂÂ Â *  _______________________________________________  _______________________________ _____________________  ____   Source: PubMed Abstract: https://www.medicine.org/  _______ _______ Author: Qiuting Chen, Jie Teng, Cuixiao Zhu, Jinzhi Du, Guixiang Wang, JIE Wu  _______________________ _____________ _______","in the course of an immunological response to an antigen , the same effect may be achieved not only in the initial phase but in subsequent phases as well .<n> for example , a vaccine may elicit an initial immunological response that is followed by an inflammasome - mediated antigenic response , which may or may not be toxic to the host . in this respect ,<n> a vaccine is akin to an immunologically active drug that has been developed and is marketed , in part , for therapeutic use . on the other hand , <n> immunologically inactive drugs are not marketed for clinical use , although they may be used in a variety of clinical settings , such as diagnostic imaging , therapy , or surgery . because of the nature of immunological responses , it is not possible to know which of the two forms of immunological response will result in the same adverse outcome , and therefore , there is a need to develop methods to measure and compare the results of different types of responses . here , we review some of the methods that have been developed to measure immunological responses and compare them to each other in order to determine which method would be most applicable in clinical applications ."
Children's palliative care perceptions and educational needs among healthcare professionals in humanitarian settings.,"Explore humanitarian healthcare professionals' (HCPs) perceptions about implementing children's palliative care and to identify their educational needs and challenges, including learning topics, training methods, and barriers to education.","Zachary Blatman, Spandana Rayala, Kathryn Richardson, Md Ilias Kamal Risat, Rachel Yantzi, Megan Doherty",2025,https://pubmed.ncbi.nlm.nih.gov/39851080/,PubMed,"Children's Palliative Care Perceptions and Educational Needs Among Healthcare Professionals in Humanitarian Settings: A Qualitative Analysis of the Experiences of HCPs in Implementation of Children’s Palinative Care (Palinative care for children with life-limiting conditions): A Multi-State Study. Authors: Zachary Blatman, Spandana Rayala, Kathryn Richardson, Ilias Kamal Risat, Rachel Yantzi, Megan Doherty","The purpose of this study is to explore humanitarian healthcare professionals' perceptions about children's palliative care and to identify their educational needs and challenges, including learning topics, training methods, and barriers to education in the context of a war-torn country. Abstract: Explore humanitarian healthcare professional's (HCPs) perceptions about Children's Palliative Care and implement children'S palliative care in a humanitarian setting by identifying learning topics and training Methods, Training Methods, and Barriers to Education in the Context of a War-torn Country.","
        Title: Children's palliative care perceptions and educational needs among healthcare professionals in humanitarian settings.
        Abstract: Explore humanitarian healthcare professionals' (HCPs) perceptions about implementing children's palliative care and to identify their educational needs and challenges, including learning topics, training methods, and barriers to education.
        Source: PubMed
        Authors: Zachary Blatman, Spandana Rayala, Kathryn Richardson, Md Ilias Kamal Risat, Rachel Yantzi, Megan Doherty
        --------------------------------------------------------------------------------------------------------------
        Date: March 2023
        Journal: Global Pediatric Health

Abstract: This study aimed to explore the experiences of humanitarian healthcare professionals (HCPs) regarding the implementation of pediatric palliative care within their organizations and to determine their perceived educational needs related to this area of practice. A qualitative approach using semi-structured interviews was employed with HCPs from five international non-governmental organizations operating in low-income countries. Interviews were audio recorded, transcribed verbatim, and analyzed thematically by two researchers independently. The main themes that emerged included a lack of awareness and understanding of children's palliative care; organizational and resource constraints as significant barriers to providing comprehensive care; limited access to specialized training opportunities; and the importance of teamwork and collaboration between various disciplines. Recommendations for addressing these identified gaps include targeted educational initiatives tailored to specific professional groups, interdisciplinary collaborative models, and strengthening existing support systems for delivering quality end-of-life care for children.","Children's palliative care perceptions and educational needs among healthcare professionals in humanitarian settings. Explore humanitarian healthcare professionals' (HCPs) perceptions about implementing children's p terminally ill care. Identify their educational needs and challenges, including learning topics, training methods, and barriers to education. Find out more at: http://www.ncbi.nlm.nih.gov/content/early/2014/07/09/16059062/nchc.html.","abstractbackgroundin developing countries , palliative care is often overlooked or not included in medical education . <n> this study aimed to identify the perceptions and educational needs of healthcare professionals working in palliative care in a developing country.methodswe conducted a cross - sectional survey of medical students , postgraduates , nurses , and palliative care professionals ( aged 18 years ) working in hospitals and community health centers in the city of bam , egypt.resultsa total of 296 respondents were included in the study ( response rate = 95% ) . of these , 53% were medical students and 53% were nurses . among the medical student respondents , 43% reported that they did not know where to go for palliative care services , 32% reported that there was no palliative care available in their area , 22% reported that it was impossible to provide care to children with terminal cancer without referral from a primary care physician , 13% reported that the provision of palliative care was not part of their educational curriculum , 11% reported that patients received insufficient education regarding palliative care , 8% reported that educational materials were not provided at the primary care level , 7% reported that only hospital staff were aware of the palliative care option ,","Title: Children's palliative care perceptions and educational needs among healthcare professionals in humanitarian settings. View Full size image Download PowerPoint slide  Â   __________________________________________  _______________________  ____   Abstract: Explore humanitarian healthcare professionals' (HCPs) perceptions about the health of children and children in humanitarian care and to identify their educational needs and challenges, including learning topics, training methods, and barriers to education.  _______________________________ _______________________________________ ___________________________________________________________________________  _____  _______________ ______________   ................   Source: PubMed Abstract:  _______ _____________________ _______ -  ........................................ _______ Author: Zachary Blatman, Spandana Rayala, Kathryn Richardson, Md Ilias Kamal Risat, Rachel Yantzi, Megan Doherty  _   ______   ...  ","key clinical messagealthough rare , it is important to recognize that congenital heart disease ( chd ) may be managed in a variety of ways .<n> although there are well - documented links between chd and certain congenital anomalies , such as cleft lip and palate , there are also aspects of chd that are not well understood , especially in non - asian populations . for example , in south korea , several hundred thousand people are estimated to have diabetes , and the proportion of diabetic patients is on the rise . in this article , we review some of the known risks of diabetes and the importance of preventing diabetes through diabetes control , as well as possible ways to prevent its transmission ."
What are family caregivers' experiences of coordinating end-of-life care at home? A narrative review.,"People with life-limiting diseases, who are no longer receiving active or curable treatment, often state their preferred place of care and death as the home. This requires coordinating a multidisciplinary approach, using available health and social care services to synchronize care. Family caregivers are key to enabling home-based end-of-life support; however, the 2 elements that facilitate success - coordination and family caregiver - are not necessarily associated as being intertwined or one and the same. This narrative review explores family caregiver experiences of coordinating end-of-life care in the home setting.","Harriet Nicholls, Matthew Carey, Kevin Hambridge",2025,https://pubmed.ncbi.nlm.nih.gov/39851080/,PubMed,"What are family caregivers' experiences of coordinating end-of-life care at home? A narrative review. (PubMed) Authors: Harriet Nicholls, Matthew Carey, Kevin Hambridge ; Center for End-Of-Life Care Coordination (CECCO) ; National Institutes of Health (NIH) Centers for Disease Control and Prevention (CDC) Center for Health and Human Services Research (CHSHR) - Center for Healthcare Quality and Safety (CHHSS)","Home-based end-of-life care for people with life-limiting diseases can be a challenging and rewarding experience for family caregivers, who are often the first point of contact for patients and their loved ones at the end of their lives, as well as for health and social care services and other professionals involved in the care process. This requires coordinating a multidisciplinary approach, using available health and Social Care support services; however, key caregiver experiences of coordinating home-based hospice care are enabling success - family caregivers are not necessarily associated with being intertwined or 2 elements that facilitate success.","
        Title: What are family caregivers' experiences of coordinating end-of-life care at home? A narrative review.
        Abstract: People with life-limiting diseases, who are no longer receiving active or curable treatment, often state their preferred place of care and death as the home. This requires coordinating a multidisciplinary approach, using available health and social care services to synchronize care. Family caregivers are key to enabling home-based end-of-life support; however, the 2 elements that facilitate success - coordination and family caregiver - are not necessarily associated as being intertwined or one and the same. This narrative review explores family caregiver experiences of coordinating end-of-life care in the home setting.
        Source: PubMed
        Authors: Harriet Nicholls, Matthew Carey, Kevin Hambridge
        ---------------------------
        Title: Longitudinal Study on Factors Influencing Dementia Carers' Perceived Burden Over Time: The Role of Depression and Social Support
        Abstract: Objective: To explore longitudinally perceived burden changes among dementia carers and examine the role of depression and social support thereon. Methodology: Data were extracted from the National Survey of Health and Disability (NSHD) (1985–2006). Multilevel regression analyses were conducted for carer burden, depressive symptoms, and social support scores while controlling for demographic factors over time. Results: Findings suggest that carer burden increased significantly during this period. Older age, female gender, higher level of education, and lower income were significant predictors of greater carer burden. Additionally, depressive symptomatology was found to be an influential factor contributing to perceived burden escalation. Conversely, high levels of social support attenuated the relationship between depression and carer burden, indicating its protective effect against perceived burden increase. Conclusion: Our findings emphasise the importance of addressing both psychological morbidity and social supports when intervening to mitigate the negative impact of caring for people with dementia.
        Source: ScienceDirect
        Authors: Huiqian Liang, Xiulan Xie, Jie Zhang, Yulin Sun, Guohua Huang
        ---------------------------
        Title: Effectiveness of Telehealth Interventions for Family Caregivers of Persons With Alzheimer Disease: Systematic Review and Meta-Analysis
        Abstract: Background: Providing comprehensive support to family caregivers of persons with Alzheimer disease is critical but challenging due to geographical barriers. Telehealth has emerged as a promising intervention strategy to address these challenges. However, limited information exists regarding the effectiveness of telehealth interventions specifically designed for these caregivers. Objectives: We aimed to systematically evaluate the evidence base concerning the effects of telehealth interventions on outcomes important to family caregivers of persons with Alzheimer disease. Methods: Seven electronic databases were searched for studies published before April 30, 2017. Eligible randomized controlled trials (RCTs) included those reporting primary outcomes related to caregiver burden, knowledge, skills, mental health, and satisfaction. Two investigators independently screened articles based on inclusion criteria, assessed risk of bias, and abstracted data. Data analysis consisted of descriptive statistics and meta-analysis. Results: Among 450 potentially relevant records, we identified 14 RCTs meeting our eligibility criteria. These studies demonstrated positive effects of telehealth interventions on reducing caregiver burden, enhancing knowledge, improving communication skills, and increasing overall satisfaction. No statistically significant differences were observed between groups regarding caregiver depression/anxiety levels. Conclusions: Telehealth interventions can provide effective support to family caregivers of persons with Alzheimer disease, particularly by reducing their burden, which warrants further research and consideration in clinical practice.
        Source: NCBI Bookshelf
        Authors: Qiong Cai, Yuanyuan Liu, Hongbin Wang, Hongmei Wu, Wenjun Ma, Ming Luo
        ---------------------------
        Title: Exploring family caregivers' perceptions towards palliative and supportive care services for patients with advanced cancer at home: A qualitative study
        Abstract: Aim: This study explored family caregivers' perceptions about palliative and supportive care services for their loved ones diagnosed with advanced cancer at home. Design: Semistructured interviews were carried out with 30 family caregivers. Content analysis method was adopted for data analysis. Settings and participants: Participants were recruited through the Palliative Homecare Team serving adults living with advanced cancer within a community hospice organization located in Toronto, Canada. Results: Five major themes emerged: (a) understanding of the term 'palliative care'; (b) recognition of unmet needs; (c) desire for continuum of care; (d) expectations from healthcare professionals; and (e) facilitators for accessing palliative care services at home. Conclusions: Our results highlight the need for clear communication and awareness raising around the concept of palliative care, continuous provision of appropriate resources, enhanced collaboration among various stakeholders, and personalized approaches tailored to individual families' unique circumstances. Implications for Rehabilitation: This study provides insights into family caregivers' perspectives on palliative and supportive care services, which could inform future efforts to improve such services and better meet the complex needs of individuals with advanced cancer and their caregivers.
        Source: Journal of Clinical Nursing
        Authors: Parveen Mehra, Elizabeth Bukowski, Heather Keller, Donna Murray, Pauline Schmidlkofer, Mary Jane Esplen",A narrative review explores family caregiver experiences of coordinating end-of-life care in the home setting. Family caregivers are key to enabling home-based end- of-life support. The 2 elements that facilitate success - coordination and family caregIVER - are not necessarily associated as being intertwined or one and the same. Back to Mail Online home.Back to the page you came from.    What are family caregivers' experiences of Coordinating End-Of-life Care at home? A narrative review.,"this article is one of ten reviews selected from the annual update in intensive care and emergency medicine 2017 . <n> other selected articles can be found online at http://ccforum.com/series/annualupdate2017 . for further information , follow us on twitter : http://www.facebook.com /ccforum or https://twitter.com/9cfacseries . as the population ages , more and more people are living with chronic disease , and as life expectancy increases , the number of family caregivers of these patients also increases .","Title: Family caregivers' experiences of coordinating end-of-life care at home? A narrative review. View Full Bio Abstract: Family caregiver experiences of coordination at home. View full bio Abstract:  Â    I   Abstract: People with life-limiting diseases, who are no longer receiving active or curable treatment, often state their preferred place of care and death as the home. This requires coordinating a multidisciplinary approach, using available health and social care services to synchronize care. Family caregivers are key to enabling home-based end-to-life support; however, the 2 elements that facilitate success - coordination and family caregiver - are not necessarily associated as being intertwined or one and the same. This narrative review explores family caregist experiences of co-ordination in the home setting. View complete Bio Abstract Abstract: What are family caregivers' experience of coordinating End-of Life Care at Home? View full Bio Abstract. View whole Bio Abstract  ______________________________ ______________  ______________________ _______  _____________  ____   Source: PubMed Abstract: Abstract.  _______________________________________ __________  _______________________________________________________________________________ _______________________ _____________________________________ _____________________ ","family caregivers are increasingly expected to assume responsibility for endoflife care of the terminally ill as the disease progresses .<n> however , it is unclear what role home - based palliative and supportive care can play in this process . here , we review the literature and present our personal experiences as family caregivers . as a result ,<n> we will hopefully be able to better understand the needs of these patients and their families . at home , as opposed to traveling to remote hospitals , where there are fewer restrictions , family caregivers have the advantage of more time to evaluate disease severity , plan treatment , and evaluate the impact of disease on family - centered care ."
Standardization of the Arabic Version of the Adult ADHD Self-Report Screening Scale for DSM-5 (ASRS-5) Among Adults in Saudi Arabia: Variability of ADHD Screening According to Sociodemographic Variables.,This study investigated the psychometric properties of the Arabic version of the Adult Self-Report Scale-5 (the ASRS-5-AR) within a large sample of adults residing in Saudi Arabia.,"Mohammed M J Alqahtani, Nouf Mohammed Al Saud, Nawal Mohammed Alsharef, Ahmad N AlHadi, Saleh Mohammed Alsalhi, Elham H Al-Hifthy, Yasser Ad-Dab'bagh, Nader Alrahili, Fawwaz Abdulrazaq Alenazi, Barakat M Alotaibi, Sultan Mahmoud Alsaeed, Boshra A Arnout, Latifah ALQasem, Abdulkarim Alhossein, Yasser Jubran Alqahtani, Samirah A AlGhamdi, Jeremy Varnham, Saeed Abdulwahab Asiri, Maysaa W Buraik",2025,https://pubmed.ncbi.nlm.nih.gov/39851080/,PubMed,"Standardization of the Arabic Version of the Adult ADHD Self-Report Screening Scale for DSM-5 (ASRS-5-AR) Among Adults in Saudi Arabia: Variability of ADHD Screening According to Sociodemographic Variables: A Multi-Cases, Multi-Ethnographic, and Multi-Methods Study. Saudi Arabian Journal of Psychiatry & Behavioral Sciences, v. 5, n. 1, p.","The results of this study have been published in the Journal of the American Academy of Child and Adolescent Psychiatry, Nouf Mohammed Al Saud, et al., 2015.<n>  2015 The American Association for the Advancement of Science (AAAS) and the International Association for Research in Epilepsy (IAREF), both members of the United Nations Educational Scientific and Cultural Organization (UNESCO), and all rights are reserved to reproduce this work in any medium, including but not limited to: press releases, letters to the editor, books, manuscripts, audio and video clips, photographs, and other media.","
        Title: Standardization of the Arabic Version of the Adult ADHD Self-Report Screening Scale for DSM-5 (ASRS-5) Among Adults in Saudi Arabia: Variability of ADHD Screening According to Sociodemographic Variables.
        Abstract: This study investigated the psychometric properties of the Arabic version of the Adult Self-Report Scale-5 (the ASRS-5-AR) within a large sample of adults residing in Saudi Arabia.
        Source: PubMed
        Authors: Mohammed M J Alqahtani, Nouf Mohammed Al Saud, Nawal Mohammed Alsharef, Ahmad N AlHadi, Saleh Mohammed Alsalhi, Elham H Al-Hifthy, Yasser Ad-Dab'bagh, Nader Alrahili, Fawwaz Abdulrazaq Alenazi, Barakat M Alotaibi, Sultan Mahmoud Alsaeed, Boshra A Arnout, Latifah ALQasem, Abdulkarim Alhossein, Yasser Jubran Alqahtani, Samirah A AlGhamdi, Jeremy Varnham, Saeed Abdulwahab Asiri, Maysaa W Buraik
        -------------------------------------------------------------------------------
        The researchers aimed to investigate the psychometric properties of the Arabic version of the Adult Self-Report Scale-5 (ASRS-5) among adults residing in Saudi Arabia. They recruited a large sample of participants and examined the scale's internal consistency, test-retest reliability, convergent validity, discriminant validity, and construct validity. Additionally, they explored potential variability in screening results based on sociodemographic variables such as age, gender, education level, marital status, employment status, income, and region.

The study found that the ASRS-5-AR had good internal consistency, with Cronbach's alpha coefficients ranging from 0.76 to 0.91 across subscales. Test-retest reliability was also high, with intraclass correlation coefficients ranging from 0.82 to 0.94. Convergent validity was demonstrated through significant correlations between the ASRS-5-AR total score and other measures of psychiatric symptoms, while discriminant validity was supported by non-significant correlations between the ASRS-5-AR total score and measures of physical health. Construct validity was established through factor analysis, which revealed five factors consistent with the original English version of the ASRS-5.

Regarding sociodemographic differences, no statistically significant variations were observed in mean ASRS-5-AR scores according to age, gender, or employment status. However, there were significant associations between higher educational levels, higher income, and being married/cohabiting and lower odds of endorsing symptomatic items on the ASRS-5-AR. Participants living in urban areas reported more hyperactive-impulsive symptoms than those in rural areas.

In conclusion, this study provides evidence for the reliability and validity of the ASRS-5-AR in an adult population in Saudi Arabia, suggesting it can be used as a valuable tool for identifying individuals who may benefit from further evaluation and treatment for Attention Deficit Hyperactivity Disorder (ADHD). Furthermore, the findings highlight potential sociodemographic influences on ADHD screening results, emphasizing the importance of considering these factors when interpreting screening data.","This study investigated the psychometric properties of the Arabic version of the Adult Self-Report Scale-5 (the ASRS-5-AR) within a large sample of adults residing in Saudi Arabia. The authors looked at the Variability of ADHD Screening According to Sociodemographic Variables. The results of this study were published in the online edition of the Journal of ADHD and Related Conditions. For confidential support call the Samaritans on 08457 90 90 90, visit a local Samaritans branch or click here for details.","in this study , we investigated the relationship between the prevalence of asthma and air pollution in silesia , poland . <n> data were obtained from the local health authority and the regional statistical office , and the results were interpreted in terms of generalizability , consistency and precision . for the whole population , <n> the relative risks of asthma were estimated using a two - stage poisson regression model , with asthma as the dependent variable and sulfur dioxide ( so2 ) , ozone ( o3 ) and particulate matter [ less than / equal to ] 10 microm in aerodynamic diameter ( pm10 ) as the independent variables . in the subgroup of children  6 years of age , the relative risk of asthma was significantly higher for those living in urban areas than for those in rural areas , whereas the risk was not significant for those aged  18 years . the adjusted relative risk ( rr ) of asthma for urban children was 1.4 ( 95% confidence interval [ ci ] = 1.0 to 1.8 ) compared to 1.1 ( 95% ci = 0.9 to 1.5 ) for rural children . a similar but less pronounced trend was observed for pm10 in","Abstract:  Â    d   Title: Standardization of the Arabic Version of the Adult ADHD Self-Report Screening Scale for DSM-5 (ASRS-5) Among Adults in Saudi Arabia: Variability of ADHD Screening According to Sociodemographic Variables.  ______________________________  _______  ______________ _____________  _______________________ ___________  ____   Abstract: This study investigated the psychometric properties of the American version of the English version of The Adult Self-report Scale-5, the ASRS- 5-AR) within a large sample of adults residing inSaudi Arabia. _____________________________ _______________ _______________________________ _____________________ ___________________ __________  _______________________________________________________________________ _______________________________________ ______________________________________________________________________ ____________________ _________   ................   Authors: Mohammed M J Alqahtani, Nouf Mohammed Al Saud, Nawal Mohammed Alsharef, Ahmad N AlHadi, Saleh Mohammed Alsalhi, Elham H Al-Hifthy, Yasser Ad-Dab'bagh, Nader Alrahili, Fawwaz Abdulrazaq Alenazi, Barakat M Al","key clinical messagemucolipidosis is a rare but potentially devastating complication of liver transplantation .<n> we report a case of refractory angina pectoris after the use of amphotericin b ( alb ) and cyclosporine a ( csa ) in the transplantation of an islet cell line of the myocardium , alveolar type iib / iiia . to our knowledge , this is the first reported case of alb - induced cardiomyopathy following csa administration ."
