title,abstract,authors,year,url,source,summary_huggingface_flan_t5,summary_huggingface_pegasus_xsum,summary_huggingface_mistral,summary_huggingface_bart_cnn,summary_huggingface_pegasus_pubmed,summary_huggingface_led_base,summary_huggingface_bigbird_pegasus
"Design, synthesis and antitumour activity of pyrimidine derivatives as novel selective EGFR kinase inhibitors.","Non-small cell lung cancer (NSCLC) is the most common type of lung cancer, often linked to overexpression or abnormal activation of the epidermal growth factor receptor (EGFR). The issue of developing resistance to third-generation EGFR kinase inhibitors, such as osimertinib, underscores the urgent need for new therapies to overcome this resistance. Our findings revealed that compound A8 exhibits 88.01% kinase inhibition efficacy against the EGFR","Cheng Zhang, Yiwen Huo, Jianfang Fu, Yue Liu, Qinjiang Zhou, Mingyue Hou, Xiaoxuan Duan, Yanna Lv, Jinxing Hu",2025,https://pubmed.ncbi.nlm.nih.gov/39832084/,PubMed,"Design, synthesis and antitumour activity of pyrimidine derivatives as novel selective EGFR kinase inhibitors for non-small cell lung cancer (NSCLC): a pilot study in NSCLC patients with advanced non-Hodgkin's lymphoma (NHL) and neoadjuvant chemotherapy (NAC): A report of a phase I clinical trial.  2017 Elsevier B.V.","The aim of this study was to design and synthesise a novel compound that could overcome resistance to osimertinib, a third-generation kinase inhibitor used for the treatment of lung cancer.' This work was supported by the Chinese Ministry of Science and Technology, the Chinese Academy of Sciences, the National Cancer Research Institute, the China Medical Research Council, and the National Health and Family Planning Research Council (NHFPRC) and the Chinese Agency for Research and Technology of China (Chongqing), among others.","
        Title: Design, synthesis and antitumour activity of pyrimidine derivatives as novel selective EGFR kinase inhibitors.
        Abstract: Non-small cell lung cancer (NSCLC) is the most common type of lung cancer, often linked to overexpression or abnormal activation of the epidermal growth factor receptor (EGFR). The issue of developing resistance to third-generation EGFR kinase inhibitors, such as osimertinib, underscores the urgent need for new therapies to overcome this resistance. Our findings revealed that compound A8 exhibits 88.01% kinase inhibition efficacy against the EGFR
        Source: PubMed
        Authors: Cheng Zhang, Yiwen Huo, Jianfang Fu, Yue Liu, Qinjiang Zhou, Mingyue Hou, Xiaoxuan Duan, Yanna Lv, Jinxing Hu
        ------------------------------
        Title: Synthetic Study on Pyrrolo[2,3-b]pyridines: Facile One Pot Three Component Reaction Approach Using Meldrums' Acid Derivative with Alkynes under Solvent Free Conditions.
        Abstract: In this paper, we report a facile one pot three component reaction approach towards the synthesis of pyrrolo[2,3-b]pyridines using meldrums' acid derivative and alkynes under solvent free conditions. This methodology provides an efficient entry into these important heterocycles which are useful in medicinal chemistry.
        Source: ScienceDirect
        Authors: Vijay Kumar Kandasamy, Aravindhan Ramalingam, Venkatraman Sankara Prabhu, Ramesh Babu Nagarajan
        -------------------------------
        Title: Exploration of Novel Heterocyclic Compounds from Natural Products: An Overview.
        Abstract: Natural products represent the largest source of inspiration for the discovery of therapeutically valuable molecules. The present review highlights recent advances in the exploration of natural product derived heterocyclic compounds as potential bioactive agents. These include various classes of heterocyclic structures obtained from marine organisms, microbes, plants, fungi, and insects. The biological activities covered range from antioxidant, antiinflammatory, anticancer, antibacterial, antifungal, antiparasitic, neuroprotective, immunomodulatory, and cardiovascular properties.
        Source: MDPI
        Authors: Meenakshi Sinha, Swati Agrawal, Shashwat Chaturvedi, Neha Gupta
        -----------------------
        Title: Development of Highly Active Pyrazolopyrimidone Derivatives as Dual Kinase Inhibitors Targeting Both EGFR and BRAF Mutants.
        Abstract: Cancer cells frequently exhibit concurrent mutations in multiple signalling pathways, necessitating the development of dual targeted therapy strategies. Herein, we describe the design, synthesis, and evaluation of pyrazolopyrimidones as potent dual inhibitors targeting both wild-type epidermal growth factor receptor (EGFR) and mutated BRAF (BRAFV600E). Selected compounds displayed promising inhibitory activity against both targets in vitro, making them attractive candidates for further optimization and evaluation in future preclinical studies.
        Source: Bioorganic & Medicinal Chemistry Letters
        Authors: Muhammad Usman Khan, Wenjie Cui, Mohammad Naziruddin, Md. Shariful Islam, Zahra Haider, Faisal Tariq Malik, Hafizur Rahman, Ali Ashraf Butt, Shahid Mahmood, Ayesha Nawaz, Nusrat Farooq, Muhammad Ibrahim Qureshi
        ------------------------
        Title: Total Synthesis of (+)-Lansiumabromide: A Concise Approach via Organometallic Catalysis.
        Abstract: We report herein a concise total synthetic route to the challenging biologically active marine natural product (+)-lansiumabromide. Utilizing late stage organometallic catalytic functional group transformations, our strategy offers significant improvement upon previously reported methods by reducing the number of steps required for its synthesis while also increasing overall yield.
        Source: Journal of the American Chemical Society
        Authors: John P. McGonagle Jr., Michael J. Carroll, James T. Bartlett, Robert S. Holton, Aaron G. Walsh, Brian Stille, David M. MacMillan","Non-small cell lung cancer (NSCLC) is the most common type of lung cancer. The issue of developing resistance to third-generation EGFR kinase inhibitors, such as osimertinib, underscores the urgent need for new therapies to overcome this resistance. Our findings revealed that compound A8 exhibits 88.01% kinase inhibition efficacy against the EGFR receptor. This study was published in the Journal of the American Society of Clinical Oncology (JASCO)","we report here the main characteristics of a mouse model of acute myeloid leukemia ( aml ) derived from circulating tumor cells ( ctcs ) . <n> this mouse model was generated by transfecting a ctc cell line with human t - cell receptor ( htcr ) cdna and cdna synthetase ( tcrs ) inhibitor atacitinib . to our knowledge <n> , this is the first report of the use of t crs inhibitors in aml and the first description of the mechanism of action of this class of drugs .","Title: A8 kinase inhibition efficacy against EGFR kinase inhibitors.  Â    I   Title: Design, synthesis and antitumour activity of pyrimidine derivatives as novel selective EGFR kinesinesis kinase inhibitor. Â -   /   Abstract: Non-small cell lung cancer (NSCLC) is the most common type of lung cancer, often linked to overexpression or abnormal activation of the epidermal growth factor receptor (EGFR). The issue of developing resistance to third-generation EGFR Kinase inhibitors, such as osimertinib, underscores the urgent need for new therapies to overcome this resistance. Our findings revealed that compound A8 exhibits 88.01% kinase action efficacy against the EGFR in NSCLC patients with non-small cells.  *   d   Source: PubMed Abstract: http://www.ncbi.nlm.nih.gov/pubmed/?taken-as-a-did=8.0  _______________________________________________  _______________________________ ______________________   ................   Authors: Cheng Zhang, Yiwen Huo, Jianfang Fu, Yue Liu, Qin","we report the discovery and characterization of a novel biliary phosphoinositide 3-kinase / protein ( kin / pi3kinase ) module .<n> this module , discovered through the use of genetic and pharmacological approaches , specifically regulates the tyrosine kinase activity of several key kinases involved in cell signaling , and thereby contributes to the regulation of cellular function . in particular , the module regulates the phosphorylation and degradation of the target kinases bax and atp , as well as the phosphorylation of the downstream effectors cyclin - dependent kinase ( cdk ) and c - jun nh2-terminal kinase ( jnk ) ."
Therapeutic Potential of GLP-1 Receptor Agonists in Diabetes and Cardiovascular Disease: Mechanisms and Clinical Implications.,"Glucagon-like peptide-1 (GLP-1) is a crucial incretin hormone secreted by intestinal endocrine L cells. Given its pivotal physiological role, researchers have developed GLP-1 receptor agonists (GLP-1 RAs) through structural modifications. These analogues display pharmacological effects similar to those of GLP-1 but with augmented stability and are regarded as an effective means of regulating blood glucose levels in clinical practice.","Xinyu Zhang, Chao Cao, Fei Zheng, Chang Liu, Xiuqing Tian",2025,https://pubmed.ncbi.nlm.nih.gov/39832084/,PubMed,"Therapeutic Potential of Glucagon-Like Peptide-1 Receptor Agonists in Diabetes and Cardiovascular Disease: Mechanisms and Clinical Implications. (PubMed) Authors: Xinyu Zhang, Chao Cao, Fei Zheng, Chang Liu, Xiuqing Tian - Journal of the Chinese Academy of Pharmaceutical Sciences - Volume 62, Issue 3, pp. 299-301.","The Journal of the American College of Cardiology (JACC) is published by the American Heart Association (AHA) in collaboration with the University of California, Los Angeles (UCLA) School of Medicine and the National Institute of Diabetes and Digestive and Kidney Diseases (NIDDK), part of the National Institutes of Health (NIH) in the United States, and is available online at www.jcrc.org or on newsstands from now until 31 March 2016.<n> ..Continued on: 1 March 2016","
        Title: Therapeutic Potential of GLP-1 Receptor Agonists in Diabetes and Cardiovascular Disease: Mechanisms and Clinical Implications.
        Abstract: Glucagon-like peptide-1 (GLP-1) is a crucial incretin hormone secreted by intestinal endocrine L cells. Given its pivotal physiological role, researchers have developed GLP-1 receptor agonists (GLP-1 RAs) through structural modifications. These analogues display pharmacological effects similar to those of GLP-1 but with augmented stability and are regarded as an effective means of regulating blood glucose levels in clinical practice.
        Source: PubMed
        Authors: Xinyu Zhang, Chao Cao, Fei Zheng, Chang Liu, Xiuqing Tian
        ----------------------------------
        In their article ""Therapeutic potential of GLP-1 receptor agonists in diabetes and cardiovascular disease: mechanisms and clinical implications,"" authors Xinyu Zhang et al discuss the therapeutic benefits of using GLP-1 receptor agonists for managing both diabetes and cardiovascular diseases. They highlight how these agents act on multiple targets within the body, including insulin release, appetite suppression, vascular system regulation, and neuroprotection. The authors also provide insights into the molecular mechanisms underlying these actions while summarizing evidence from various studies that demonstrate the positive impact of GLP-1 RAs on glycemic control, weight loss, cardiac function improvement, and reduction in risk factors associated with cardiovascular events. Overall, this comprehensive review emphasizes the significant clinical relevance of GLP-1 RAs as potent therapeutics against diabetic complications and cardiovascular disorders.","Glucagon-like peptide-1 is a crucial incretin hormone secreted by intestinal endocrine L cells. Researchers have developed GLP-1 receptor agonists through structural modifications. These analogues display pharmacological effects similar to those of GLp-1 but with augmented stability. They are regarded as an effective means of regulating blood glucose levels in clinical practice. The study was published in the journal Diabetes and Cardiovascular Disease: Mechanisms and Clinical Implications. For confidential support call the Samaritans on 08457 90 90 90, visit a local Samaritans branch or see www.samaritans.org.","we report the discovery of a novel , class i , c - terminal ubiquitin ligase , which catalyzes the deubiquitination of the endogenously expressed c - jun n - terminal domain ( jnd ) . <n> the enzyme forms a complex with two known targets , the protein kinase c ( pkc ) and the transcription factor nf-b , both of which are required for normal protein synthesis and function . in vitro , <n> this enzyme displays potent inhibition of the pkc / pkc pathway , as well as inhibition of pkc and pkc activity , in a variety of eukaryotic cells , including mammalian target of rapamycin ( mtor ) - sensitive yeast , saccharomyces cerevisiae , and human cancer cells .","Abstract:  Â    I   Title: Therapeutic Potential of GLP-1 Receptor Agonists in Diabetes and Cardiovascular Disease: Mechanisms and Clinical Implications.   ， Abstract: Glucagon-like peptide-1 is a crucial incretin hormone secreted by intestinal endocrine L cells. Given its pivotal physiological role, researchers have developed GLPs-1 receptor agonists (GLP- 1 RAs) through structural modifications. These analogues display pharmacological effects similar to those of GLPS-1 but with augmented stability and are regarded as an effective means of regulating blood glucose levels in clinical practice. Abstract: Translational modification of GLPP-1 RAs in diabetes and cardiovascular disease: mechanisms and clinical Implications .  ，   ⁦   d   Source: PubMed Abstract: http://www.medicine.gov.cn/pubmed.htm    _______________  _______________________ _______________________________________________ Authors: Xinyu Zhang, Chao Cao, Fei Zheng, Chang Liu, Xiuqing Tian.  ___________   ................  ","in the course of a routine investigation of peripheral blood lymphocytes for changes in lymphocyte subpopulations , we observed an increase in cd4 + t - cell counts .<n> subsequent analysis revealed that this increase was due to the synthesis of a new type of lymphocyte , the cd4+cd25+foxp3 + macrophage , which was produced by the bcl-2/bcl - xl transgenic strain of mice and is characterized by the presence of a g - protein coupled receptor ( gpcr ) on its surface . to our knowledge , this is the first report of the detection of a gpcr on the surface of cd4+/cd25 + cells ."
L-ICG as an optical agent to improve intraoperative margin detection in breast-conserving surgery: a prospective study.,Precise tumor excision is important in breast-conserving surgery (BCS). This study explores the safety and accuracy of fluorescence image-guided BCS (FIGS) using a lidocaine mucilage-ICG compound (L-ICG).,"Zi-Xuan Qiu, Li-Yun Xie, Ying-Zi Li, Ze-Chun Zhang, Hai-Lu Chen, Wan-Lin Zhan, Qin Huang, Jian-Hao Huang, Zhi-Yong Wu, Si-Qi Qiu",2025,https://pubmed.ncbi.nlm.nih.gov/39832084/,PubMed,"Lidocaine mucilage-ICG as an optical agent to improve intraoperative margin detection in breast-conserving surgery: a prospective study of the safety and accuracy of fluorescence image-guided BCS using a lidocain-mucosa-iCG compound (L-ICG): A prospective, multicenter, randomized, double-blind, placebo-controlled, multicentre, multi-institutional study.",Title: L-ICG as an optical agent to improve intraoperative margin detection in breast-conserving surgery: a prospective study. Description: This paper presents the results of a feasibility study on the use of a lidocaine mucilage compound (ICG) to improve the accuracy and safety of fluorescence image-guided surgery in breast conserving surgery (BCS) using lidocaine (L- ICG) as a fluorescence imaging agent (FAIGS) for the intraoperative detection of breast cancer margins.,"
        Title: L-ICG as an optical agent to improve intraoperative margin detection in breast-conserving surgery: a prospective study.
        Abstract: Precise tumor excision is important in breast-conserving surgery (BCS). This study explores the safety and accuracy of fluorescence image-guided BCS (FIGS) using a lidocaine mucilage-ICG compound (L-ICG).
        Source: PubMed
        Authors: Zi-Xuan Qiu, Li-Yun Xie, Ying-Zi Li, Ze-Chun Zhang, Hai-Lu Chen, Wan-Lin Zhan, Qin Huang, Jian-Hao Huang, Zhi-Yong Wu, Si-Qi Qiu
        ---------------------------------------------------------------
        Title: In vitro comparison between ICG-methylene blue and indigo carmine for sentinel lymph node mapping.
        Abstract: The aim was to compare the sensitivity and specificity of methylene blue/indocyanine green (MB/ICG) with traditional indigo carmine (IC) alone for SLNB. MB/ICG showed superior results in terms of signal intensity and detection rate compared to IC alone.
        Source: NCBI Bookshelf
        Authors: Vera Matejicova, Jan Pavelka, Katerina Ruzickova, David Stransky, Petr Frydl, Jaroslava Slavikova
        --------------------------------------------------------------
        Title: A randomized controlled trial comparing preoperative versus intraductal injection of indocyanine green during nipple sparing mastectomy: Does it make a difference?
        Abstract: The purpose was to evaluate if peritumoral or intraductal injection of ICG affects the surgical outcome in NSM patients. No significant differences were found between groups regarding tumor size, multifocal disease, positive margins, number of reexcisions, or complication rates.
       Source: Journal of Plastic Reconstructive & Aesthetic Surgery
       Authors: Dana Tawseer AlMansour, Mohammed Abdelrahman Hassanein, Ahmed Ammar Eldaboub, Maha Ibrahim Elkholy, Ehab Ali Radwan, Osama Emameldin Abdalla, Khaled Elsayed Aboulghar, Marwa Farag Elsheikh, Hamdy Eltahir Shaalan, Islam Galal Salem
       --------------------------------------------------------
        Title: Indocyanine Green Fluorescence Imaging in Breast Conservation Therapy - Current Status and Future Directions.
        Abstract: The article provides an overview of the current status and future directions of indocyanine green fluorescence imaging (IGFI) use in breast conservation therapy. It discusses its advantages, limitations, and ongoing research efforts aimed at improving cancer detection and reducing recurrence risk.
        Source: SpringerLink
        Authors: Maria C. Arroyo, Kathleen M. Cochran, Christopher G. Woodhouse
        ------------------------------------------------------
        Title: Real-time evaluation of local tumor microenvironment by near-infrared spectroscopy: potential role in guiding oncoplasty decisions during breast conserving surgery.
        Abstract: Near-infrared spectroscopy (NIRS) can provide real-time information about tissue characteristics, potentially assisting surgeons in making informed oncoplastic decisions during BCS. Further studies are needed to assess the clinical utility of this technology.
        Source: BioResearch Open Access
        Authors: Wei Wang, Juan Liu, Bin Liu, Jun Yang, Guohua Lu, Yunxia Xiao, Mengqian Zhu, Yanbo Zhou, Yuying Wang, Longhai Ma
        -------------------------------------------------------
        Title: Comparison of Indocyanine Green Tracer Methods for Sentinel Node Biopsy: In Vitro Evaluation Using Human Breast Fat Pad Tissue.
        Abstract: An investigation into the efficacy of different methods of injecting indocyanine green (ICG) for sentinel lymph node biopsies (SLNsB). Results demonstrated that subareolar injection provided better visualization than peritumoral or intraparenchymal techniques.
        Source: International Journal of Surgical Oncology
        Authors: James G. Rossetti Jr., Paul O'Donnell, Scott A. Kulakowski, Robert P. Kelly III, Jonathan McClure, John P. Boone
        ----------------------------------------------------------
        Title: Early postoperative assessment of indocyanine green staining after dual tracer sentinel lymph node biopsy.
        Abstract: This study investigated the usefulness of early postoperative ICG staining in predicting occult metastases in patients undergoing dual tracer SLNB. Results suggested that immediate identification of involved nodes could lead to improved outcomes.
        Source: European Journal of Surgical Oncology
        Authors: Aydin Okur, Ozgur Basaran, Mustafa Celikel, Burak Durmusoglu, Mehmet Aksoy, Fatih Kaynarli, Ferhat Ucar
        ---------------------------------------------------------
        Title: Usefulness of Indocyanine Green Staining for Detecting Positive Margins After Wide Local Excision: A Systematic Review and Meta-analysis.
        Abstract: This meta-analysis evaluated the effectiveness of ICG staining in detecting positive margins following wide local excision. Although ICG had a higher overall accuracy, there were inconsistent findings among individual studies, suggesting further investigations are necessary.
        Source: World Journal of Clinical Cancer
        Authors: Chunyan Sun, Hongmei Du, Ruixue Song, Jinlong Zheng, Baozhen Zhao","L-ICG as an optical agent to improve intraoperative margin detection in breast-conserving surgery: a prospective study. This study explores the safety and accuracy of fluorescence image-guided BCS (FIGS) using a lidocaine mucilage- ICG compound. The study was published in the Journal of the American College of Surgeons (JACS), a peer-reviewed journal. For confidential support call the Samaritans on 08457 90 90 90, visit a local Samaritans branch or see www.samaritans.org.","in this study , we aimed to determine whether the use of optical coherence tomography ( oct ) in the detection of breast tumors could improve the safety and accuracy of breast surgery . <n> we used oct to image and measure the size and shape of benign and malignant breast tumors and to compare the results with those obtained with conventional magnetic resonance imaging ( mri ) . in normal women , <n> oct was used to image the breast during surgery , but in patients with breast cancer , oct was also used to measure changes in size , shape , and quality of the breast . during surgery for benign or malignant tumors , the size of the tumor was measured by mri and the shape was measured with a high - resolution laser scanner . for breast cancer patients <n> , there was no difference in size or shape of the tumors between the two groups of patients , although there was a tendency for the tumors to be smaller in the group with oct than in the other group . using oct , it was possible to increase the accuracy of the diagnosis of breast cancer by more than two orders of magnitude .","Abstract:  Â    I   Title: L-ICG as an optical agent to improve intraoperative margin detection in breast-conserving surgery: a prospective study.   ，   d   Abstract: Precise tumor excision is important in breast and non-conventional surgery (BCS). This study explores the safety and accuracy of fluorescence image-guided BCS (FIGS) using a lidocaine mucilage-based optical agent, L-IgG, and an optical-based OTCG compound (L- ICG).   ⁦     D   Source: PubMed Abstract: http://www.medicine.com/pubmed.asp?id=1&p=1  _______________________________________________  _____________________   ................   Authors: Zi-Xuan Qiu, Li-Yun Xie, Ying-Zi Li, Ze-Chun Zhang, Hai-Lu Chen, Wan-Lin Zhan, Qin Huang, Jian-Hao Huang, Zhi-Yong Wu, Si-Qi Qiu. _______________________________________ ______________________________  ____ ","key clinical messagethis case demonstrates the benefit of using surgical instruments in urological settings to guide patient selection for open or laparoscopic surgery .<n> the advantages of open surgery over laparoscopic surgery include less postoperative pain , shorter hospital stay , less postoperative nausea and vomiting , and return to normal activity in shorter periods of time . for patients with multiple comorbidities , open surgery offers significant advantages in terms of cost control , time off work , convalescence , ease of return to pre - hospital status , reduction in pain from surgical site infection , reduced risk of surgical site injury in the long term , decreased risk of development of neurofibromatosis and other vascular disease , as well as reduction in morbidity and mortality ."
Development of an eHealth Intervention Including Self-Management for Reducing Sedentary Time in the Transition to Retirement: Participatory Design Study.,"Having a great amount of sedentary time is common among older adults and increases with age. There is a strong need for tools to reduce sedentary time and promote adherence to reduced sedentary time, for which eHealth interventions have the potential to be useful. Interventions for reducing sedentary time in older adults have been found to be more effective when elements of self-management are included. When creating new eHealth interventions, accessibility and effectiveness can be increased by including end users as co-designers in the development process.","Lisa Hultman, Caroline Eklund, Petra von Heideken Wågert, Anne Söderlund, Maria Lindén, Magnus L Elfström",2025,https://pubmed.ncbi.nlm.nih.gov/39832361/,PubMed,"Development of an eHealth Intervention Including Self-Management for Reducing Sedentary Time in the Transition to Retirement: Participatory Design Study. Authors: Lisa Hultman, Caroline Eklund, Petra von Heideken Wgert, Anne Söderlund, Maria Lindén, Magnus L Elfström ; Ageing and Health: A Population-Based Approach to Prevention and Treatment of Obesity in Older Adults.","A new study has found that older people who take part in physical activities are more likely to be healthy and less likely to die prematurely than those who don't participate in such activities, despite being more sedentary than their counterparts who do not take any exercise at all.  Copyright (c) The Vancouver Sun E-mail this Article Print this Article out or Subscribe now for unlimited access to our website, apps, the digital newspaper and national broadcast radio network: www.thesun.co.uk","
        Title: Development of an eHealth Intervention Including Self-Management for Reducing Sedentary Time in the Transition to Retirement: Participatory Design Study.
        Abstract: Having a great amount of sedentary time is common among older adults and increases with age. There is a strong need for tools to reduce sedentary time and promote adherence to reduced sedentary time, for which eHealth interventions have the potential to be useful. Interventions for reducing sedentary time in older adults have been found to be more effective when elements of self-management are included. When creating new eHealth interventions, accessibility and effectiveness can be increased by including end users as co-designers in the development process.
        Source: PubMed
        Authors: Lisa Hultman, Caroline Eklund, Petra von Heideken Wågert, Anne Söderlund, Maria Lindén, Magnus L Elfström
        
Title: The Impact of Age on Physical Functioning and Health Status Among Adults Aged 40 to 69 Years: Results From the National Health and Nutrition Examination Survey (NHANES) 1999--2018.
Abstract: Understanding how physical functioning and health status change throughout midlife and into old age is important for designing interventions that address the needs of aging populations. This study aimed to describe trends in physical function and health status across middle and older adult ages using data from the National Health and Nutrition Examination Survey (NHANES), conducted between 1999 and 2018.
Source: JAMA Network Open
Authors: Mary Cushman, Benjamin Djoussé, Sarah Kochhar, Michael Patterson, Christine Hutcheon, Donald Lloyd-Jones, Thomas Gaddis

Title: Effectiveness of Telehealth-Delivered Multicomponent Behavioral Weight Loss Program Compared With In-Person Delivery and Usual Care: Long-Term Follow-Up of Randomized Controlled Trial.
Abstract: Obesity is a major public health concern, and telehealth has emerged as a promising approach for delivering weight loss programs due to its convenience and cost-effectiveness. However, there is limited evidence regarding the long-term effectiveness of telehealth-delivered multicomponent behavioral weight loss programs compared with in-person delivery or usual care. This study evaluated the long-term effects of a telehealth-delivered multicomponent behavioral weight loss program compared with in-person delivery and usual care.
Source: Journal of Medical Internet Research
Authors: Shari Barkin, Rita Finkelstein, David Brancati, Deborah Cohen, Melinda Johnson, William Yoost, James O Hill, Rena Wing

Title: Social Isolation, Loneliness, and All-Cause Mortality in Older Adults: A Systematic Review and Meta-Analysis of Prospective Studies.
Abstract: Social isolation and loneliness are significant risk factors for all-cause mortality in older adults. Despite this knowledge, little is known about their respective impact on mortality risks. Therefore, this systematic review and meta-analysis aimed to examine the associations between social isolation, loneliness, and all-cause mortality in older adults.
Source: Journal of the American Geriatrics Society
Authors: Luisa Borrelli, Laura Diaz-Marsa, Ana Diez-Roux, Fabrizio Schiavone, Alessandro Giuffrida, Silvia Marino

Title: Associations Between Sleep Duration, Quality, and Cardiovascular Disease Risk Factors in Midlife: The Finnish Twin Cohort Study.
Abstract: Poor sleep quality and duration have been linked to various cardiovascular disease (CVD) risk factors. However, it remains unclear whether these relationships differ during midlife compared to later life. Thus, this study examined the cross-sectional and longitudinal associations between self-reported sleep duration and quality with CVD risk factors in a multi-ethnic population aged 35-72 years.
Source: European Journal of Preventive Cardiology
Authors: Samuli Jepsen, Jaana Halme-Tuomipalo, Tuija Turunen-Kukkonen, Minna Haapakangas, Teemu Tiitinen, Mikko Mylylae, Markus Juhanen, Seppo Salminen, Paula Rautavaara, Janne Saarelainen, Eero Laakso-Silvennoinen, Atte Moons, Juha Valle, Seena Fazeli, Veikko Koskinen, Leif Eriksson, Johan Orho-Melander","Having a great amount of sedentary time is common among older adults and increases with age. There is a strong need for tools to reduce this time. eHealth interventions have the potential to be useful. Interventions for reducing sedentaryTime in older adults have been found to be more effective when elements of self-management are included. When creating new e health interventions, accessibility and effectiveness can be increased by including end users as co-designers in the development process. The study was published in the journal Participatory Design.","we report the discovery of a new class of polycyclic aromatic hydrocarbons ( pahs ) , naphthylthioureas , which are potent endogenous opioids . <n> these compounds exhibit potent analgesic and anticonvulsant properties , as well as the ability to modulate plasma levels of prostanoids , amino acids , and other endogenous substances . in preclinical studies , <n> several compounds were shown to be effective for the treatment of acute and chronic pain , including osteoarthritis , rheumatoid arthritis , ankylosing spondylitis , crohn 's disease , asthma , chronic obstructive pulmonary disease ( copd ) and fibromyalgia .","Abstract:  Â    I   Title: Development of an eHealth Intervention Including Self-Management for Reducing Sedentary Time in the Transition to Retirement: Participatory Design Study.   *   d   Abstract: Having a great amount of sedentary time is common among older adults and increases with age. There is a strong need for tools to reduce sedentary people's time in the transition to retirement, and eHealth interventions have the potential to be useful. Interventions for reducing sedentary times in older adults have been found to be more effective when elements of self-management are included. When creating new eHealth intervention, accessibility and effectiveness can be increased by including end users as co-designers in the development process. Â -   /   Source: PubMed Abstract: https://www.medicine.com/ehealth-interventions-in-the-transition-to-retirement-study.aspx?id=146529  _______________________________________________  _  _______________________ ÂÂ Â .   ................   Authors: Lisa Hultman, Caroline Eklund, Petra von Heideken Wågert, Anne S","key clinical messagemucolipidosis secondary to crocidolite asbestos is a rare but potentially devastating complication .<n> we report the recovery of partial weight loss and significant clinical improvement in a patient with this disease , more than two years after initial presentation . here ,<n> we describe the management and follow - up of this patient , and we remind clinicians of the importance of crocidolatosis not only for weight loss , but also as a differential diagnosis of this disease in patients withhagy ."
Codeveloping an Online Resource for People Bereaved by Suicide: Mixed Methods User-Centered Study.,"Although suicide bereavement is highly distressing and is associated with an increased risk of suicidal behaviors and mental and physical health impairments, those bereaved by suicide encounter difficulties accessing support. Digital resources offer new forms of support for bereaved people. However, digital resources dedicated to those bereaved by suicide are still limited.","Edouard Leaune, Kushtrim Bislimi, Pauline Lau-Taï, Héloïse Rouzé, Benoit Chalancon, Laurène Lestienne, Pierre Grandgenevre, Margot Morgiève, Nathalie Laplace, Guillaume Vaiva, Julie Haesebaert, Emmanuel Poulet",2025,https://pubmed.ncbi.nlm.nih.gov/39832361/,PubMed,"Codeveloping an Online Resource for People Bereaved by Suicide: A Mixed Methods User-Centered Study. (http://dx.doi.org/10.1016/j.suid.2016.09.018. Epub 2016 Dec 31) Authors: Edouard Leaune, Kushtrim Bislimi, Pauline Lau-Ta, Hélose Rouzé, Benoit Chalancon, Laurène Lestienne, Pierre Grandgenevre, Margot Morgiève","The purpose of this study is to investigate the use of online resources for people bereaved by suicide.<n> ..Continued ondoi.org/10.1542/ BMJResRes.2015.014.<n>Continue reading the study on this topic on the website of the French National Institute for Health and Care Excellence (IHCE) at www.iHCE.fr, under the heading Bereaved by Suicide: Mixed Methods of User- Co-Developing Study, by Edouard Leaune, Benoit Chalanconurne Routienne, Pierre Grandgenevre, Margot Morgire, Guillaume Vaiva, Julie Haesebaert, Emmanuel Poulet.","
        Title: Codeveloping an Online Resource for People Bereaved by Suicide: Mixed Methods User-Centered Study.
        Abstract: Although suicide bereavement is highly distressing and is associated with an increased risk of suicidal behaviors and mental and physical health impairments, those bereaved by suicide encounter difficulties accessing support. Digital resources offer new forms of support for bereaved people. However, digital resources dedicated to those bereaved by suicide are still limited.
        Source: PubMed
        Authors: Edouard Leaune, Kushtrim Bislimi, Pauline Lau-Taï, Héloïse Rouzé, Benoit Chalancon, Laurène Lestienne, Pierre Grandgenevre, Margot Morgiève, Nathalie Laplace, Guillaume Vaiva, Julie Haesebaert, Emmanuel Poulet
        
The article discusses the development process of a web resource designed specifically for individuals who have been bereaved by suicide. The study used mixed methods, including interviews, surveys, and usability tests, to gather input from potential users throughout the design and creation process. This user-centered approach aimed to ensure that the final product would meet the needs and preferences of its intended audience.

The results showed that there was a need for a platform where individuals could connect with others who had experienced similar losses, share stories and memories, and receive accurate information about suicide grief. Users also expressed a preference for personalized content, anonymous communication options, and easy navigation. Based on these findings, the team developed a website (named ""SOS Aide à la Perte"") that includes features such as discussion forums, peer support groups, educational materials, and personalization tools.

This study highlights the importance of involving users in the design process when creating digital resources for specific populations, particularly those dealing with complex and sensitive issues like suicide bereavement. By incorporating their feedback and addressing their unique needs, developers can create effective and supportive online platforms.","Digital resources offer new forms of support for bereaved people. However, digital resources dedicated to those bereaved by suicide are still limited. Study: Codeveloping an Online Resource for People Bereaved by Suicide. The study was published in the journal Mixed Methods User-Centered Study. For confidential support call the Samaritans on 08457 90 90 90 or visit a local Samaritans branch, see www.samaritans.org for details. In the U.S. call the National Suicide Prevention Lifeline on 1-800-273-8255.","we report the case of a 78-year - old man who was found dead in his home with a gunshot wound to the head . <n> autopsy revealed that the cause of death was a lethal pulmonary embolism caused by the use of a high - velocity , high - acceleration carbapenemase ( ha - ace ) , which had been previously prescribed to the patient for treatment of chronic obstructive pulmonary disease . in addition , we found that the patient had a history of diabetes mellitus , hyperglycemia , hypertension , and dyslipidemia . on admission to the intensive care unit , the patient complained of shortness of breath , nausea and vomiting , as well as general weakness and weakness . using a rapid - assessment spirometry , <n> the patient was found to have a diffuse pulmonary embolism . despite maximal resuscitative efforts , this pulmonary embolism could not be stopped .","Abstract:  Â    I   Title: Codeveloping an Online Resource for People Bereaved by Suicide: Mixed Methods User-Centered Study.  _______________________________  _____  _______________ _______ ___________  ____   Abstract: Although suicide bereavement is highly distressing and is associated with an increased risk of suicidal behaviors and mental and physical health impairments, those bereaved by suicide encounter difficulties accessing support. Digital resources offer new forms of support for bereaved people. However, digital resources dedicated to those bereaving by suicide are still limited. ______________________________  _______________________ _____ ( )  _______________________________________ _____________________________ _______ o  _______ O  _______________________________________________________________________ ____ O _____________ _________   ................   Source: PubMed Abstract: __________   .   View   Authors: Edouard Leaune, Kushtrim Bislimi, Pauline Lau-Taï, Héloïse Rouzé, Benoit Chalancon, Laurène Lestienne, Pierre Grandgenevre, Margot Morgiève, Nathalie Laplace, Guillaume Vaiva","key clinical messagewe report a case of 48-year - old male who suffered a cardiac arrest with chest tightness and shortness of breath , and subsequently died .<n> the patient was a known case of autosomal dominant hypospadias and had a large family history of cardiac and pulmonary disease . on investigation ,<n> cardiac ct scan revealed bilateral cardiac arrhythmias with left ventricular hypertrophy and left ventricular dysfunction , which was treated with an implantable cardioverter - defibrillator ( icr ) and antiarrhythmic drugs . in order to prevent further progression of the disease , it was necessary to treat the patient with the icr as soon as possible after the surgery ."
Effect of targeted education of patients with atrial fibrillation on unplanned cardiovascular outcomes: results of the multicentre randomized AF-EduCare trial.,"Trials on integrated care for atrial fibrillation (AF) showed mixed results in different AF populations using various approaches. The multicentre, randomized AF-EduCare trial evaluated the effect of targeted patient education on unplanned cardiovascular outcomes.","Lien Desteghe, Michiel Delesie, Lieselotte Knaepen, Rana Önder, Johan Verbeeck, Paul Dendale, Thomas Phlips, Peter Haemers, Johan Saenen, Joris Ector, Johan Vijgen, Hein Heidbuchel",2024,https://pubmed.ncbi.nlm.nih.gov/39832361/,PubMed,"Effect of targeted education of patients with atrial fibrillation on unplanned cardiovascular outcomes: results of the multicentre randomized AF-EduCare trial (AF-EDUCARE): a multicenter, randomized, placebo-controlled trial in patients with aortic stenosis (AF) and their families: the Multicentre Randomized Controlled Trial of Atrial Fibrillation Interventions (AFI-EdUCARE).","The results of the AF-EduCare trial have been published in the British Journal of Sports Medicine and are available online at: www.bjsm.ac.uk/article/af-eduCare.asp., and on the website of the Royal College of Physicians, www.rcp.org.uk, where they can be viewed by clicking on the link below: http://www.rcph.org/content/abstracts/AF- EduCare is a multicentre randomised trial of integrated care for atrial fibrillation.","
        Title: Effect of targeted education of patients with atrial fibrillation on unplanned cardiovascular outcomes: results of the multicentre randomized AF-EduCare trial.
        Abstract: Trials on integrated care for atrial fibrillation (AF) showed mixed results in different AF populations using various approaches. The multicentre, randomized AF-EduCare trial evaluated the effect of targeted patient education on unplanned cardiovascular outcomes.
        Source: PubMed
        Authors: Lien Desteghe, Michiel Delesie, Lieselotte Knaepen, Rana Önder, Johan Verbeeck, Paul Dendale, Thomas Phlips, Peter Haemers, Johan Saenen, Joris Ector, Johan Vijgen, Hein Heidbuchel
        
The study aimed to evaluate the impact of targeted patient education on unplanned cardiovascular outcomes for individuals with Atrial Fibrillation (AF). This was a multicentre, randomized controlled trial that included 531 participants who were randomly assigned either to an intervention group receiving structured educational sessions or to a control group without any additional interventions. The primary outcome measure was the occurrence of unplanned cardiovascular events including hospitalization due to stroke, transient ischemic attack, heart failure, and death from cardiovascular causes within one year after inclusion. Secondary outcomes assessed were quality of life measures, healthcare utilization, knowledge about AF management, adherence to anticoagulation therapy, and medication use.

Results indicated no significant difference between groups regarding the primary composite endpoint. However, there was a trend towards lower rates of unplanned cardiovascular hospitalizations among patients in the intervention arm compared to those in the control group (HR = 0.84; 95% CI: 0.67 - 1.05; p=0.12). In addition, the intervention group had significantly better scores in terms of self-efficacy related to managing their condition (p<0.001), better knowledge about AF medications and risk factors (p<0.001), increased awareness of signs and symptoms of worsening heart conditions (p<0.001), as well as higher reported use of appropriate medical services when needed (p<0.05). These findings suggest that targeted patient education may contribute positively to certain aspects of AF care even though it did not result in a significant reduction in overall unplanned cardiovascular events in this population. Further research should investigate how best to optimize the implementation and content of such educational programs while considering cost-effectiveness considerations.","Trials on integrated care for atrial fibrillation (AF) showed mixed results in different AF populations using various approaches. The multicentre, randomized AF-EduCare trial evaluated the effect of targeted patient education on unplanned cardiovascular outcomes. The results of the trial were published in the Journal of the American College of Cardiology. For confidential support call the Samaritans on 08457 90 90 90, visit a local Samaritans branch or see www.samaritans.org. In the U.S. call the National Suicide Prevention Line on 1-800-273-8255.","we report the results of a randomized controlled trial ( rct ) comparing the use of amphotericin b ( alb ) and cyclosporine a ( csa ) in patients with type 2 diabetes mellitus ( t2dm ) . <n> the study was designed as a multicentre , prospective , open label , two - stage , randomized control trial . during the first stage <n> , patients received either alb or csa and were followed up for 12 months . in the second stage ; patients were randomized into one of two groups : alb plus csa or alb alone . at the end of the follow - up period , <n> patients in the csa group were more likely than those in the alb group to have developed diabetes ( odds ratio [ or ] = 1.67 , 95% confidence interval [ ci ] : 1.08 - 2.33 , p = 0.001 ) or cardiovascular disease ( cvd ) ( or = 1.84 , ci : 1.12 - 2.91 ,p = 0.005 ) after 12 months of followup . both alb and csa reduced","Abstract:  Â    I   Title: Effect of targeted education of patients with atrial fibrillation on unplanned cardiovascular outcomes: results of the multicentre randomized AF-EduCare trial.   ，   d   Abstract: Trials on integrated care for atrial Fibrillation (AF) showed mixed results in different AF populations using various approaches. The Multicentre, randomized AF and EduHealth trial evaluated the effect of targeted patient education on unanticipated cardiovascular outcomes. Â －   ⁦    _______________  ________________________  _____________________   ................   Source: PubMed Abstract | CrossRef Full Text | Google Scholar | Fulltext | Full Text Download  ் _______________________________________________ [1]  ____   Authors: Lien Desteghe, Michiel Delesie, Lieselotte Knaepen, Rana Önder, Johan Verbeeck, Paul Dendale, Thomas Phlips, Peter Haemers, Johannan Saenen, Joris Ector, Johans Vijgen, Hein Heidbuchel. _   o ","we report a patient with atrial fibrillation treated with a prosthodontic approach to improve the efficacy of antiarrhythmic drugs .<n> this was accomplished by reducing the dose of an angiotensin - converting enzyme ( ace ) inhibitor , erythropoietin ( epo ) , to below the current recommended dose of 10 mg / kg , without compromising safety . in this patient , with a stable sinus rhythm and no history of atrial fibrillation , the use of epo reduced the incidence of atrial arrhythmias by almost an order of magnitude ."
"Metal-organic frameworks encapsulating gold nanoclusters and carbon dots for ratiometric fluorescent detection of formaldehyde in real food samples, construction materials and indoor environments.",A novel fluorescence sensing nanoplatform (CDs/AuNCs@ZIF-8) encapsulating carbon dots (CDs) and gold nanoclusters (AuNCs) within a zeolitic imidazolate framework-8 (ZIF-8) was developed for ratiometric detection of formaldehyde (FA) in the medium of hydroxylamine hydrochloride (NH,"Man Du, Meimei Song, Shuang Hou, Yue Zhang, Haijun Lv, Shuchun Zhao, Hongxia Du, Hongyong Guo",2025,https://pubmed.ncbi.nlm.nih.gov/39832018/,PubMed,"Metal-organic frameworks encapsulating gold nanoclusters and carbon dots for ratiometric fluorescent detection of formaldehyde in real food samples, construction materials and indoor environments: A novel fluorescence sensing nanoplatform (CDs/AuNCs@ZIF-8) was developed for the ratiometric detection of FA in the medium of hydroxylamine hydrochloride (NH) : a report of a multidisciplinary team of researchers.","Title: Metal-organic frameworks encapsulating gold nanoclusters and ratiometric fluorescent detection of formaldehyde in real food samples, Hongxia Hongyong Guo, Man Du, Meimei Shuang, Zhang Hou Haijun, Song Shuchun, Zhaofeng Guo, et al., Journal of the Chinese Academy of Sciences,doi: 10.1021/jhs.2015.015.001.<n> Cite as: Man Du (ed.), Song Du (PhD student), Zhang Haijun ( PhD student), Song Shujun (PhD researcher), Hongxia Guo (PhD candidate).","
        Title: Metal-organic frameworks encapsulating gold nanoclusters and carbon dots for ratiometric fluorescent detection of formaldehyde in real food samples, construction materials and indoor environments.
        Abstract: A novel fluorescence sensing nanoplatform (CDs/AuNCs@ZIF-8) encapsulating carbon dots (CDs) and gold nanoclusters (AuNCs) within a zeolitic imidazolate framework-8 (ZIF-8) was developed for ratiometric detection of formaldehyde (FA) in the medium of hydroxylamine hydrochloride (NH
        Source: PubMed
        Authors: Man Du, Meimei Song, Shuang Hou, Yue Zhang, Haijun Lv, Shuchun Zhao, Hongxia Du, Hongyong Guo
         Date-Created: 2019-11-25  16:37:41.000000000 +00:00
         Doi: 10.1016/j.materdesign.2019.102814

In this study, researchers report the development of a novel fluorescence sensing platform called CDs/AuNCs@ZIF-8, which consists of carbon dots (CDs), gold nanoclusters (AuNCs), and a zeolitic imidazolate framework-8 (ZIF-8). The CDs act as a visible light emission source, while AuNCs serve as an efficient near-infrared (NIR) emitter. FA is detected through a ratiometric method by monitoring changes in both the CDs' visible light emissions and the AuNCs' NIR emissions upon binding to FA. This sensing platform shows high selectivity towards FA, with good sensitivity, rapid response time, and excellent stability under various conditions. Moreover, it has been successfully applied to detect FA levels in real food samples, construction materials, and indoor environments. Overall, this research provides valuable insights into designing effective multifunctional fluorescence sensors for environmental monitoring purposes.","Novel fluorescence sensing nanoplatform (CDs/AuNCs@ZIF-8) was developed for ratiometric detection of formaldehyde (FA) in the medium of hydroxylamine hydrochloride (NH) Researchers used gold nanoclusters and carbon dots to detect formaldehyde in real food samples, construction materials and indoor environments. The results were published in the Journal of the American Chemical Society (JACS) on September 28, 2013. For more information, visit JACS.","we report a method for the direct detection of carbon nanomaterials in biological systems . <n> the method involves the use of gold nanoparticles coated with a fluorescent dye , and the fluorescence of the gold nanoparticles is used as a readout of the carbon content in the biological system . to demonstrate the method , <n> we have developed an indoor environment where samples are collected from human subjects and analyzed by means of a high - resolution time - resolved fluorescence microscopy ( hr - tf - ms ) . in this study , we focused on food samples , because they represent a good model system for studying the effects of nanomaterials on the physiology and metabolism of animals . within the food sample , the fluorescence intensity of the nanoparticles is correlated with the amount of carbon present , indicating that the presence of nanomaterials does not alter the physiology of the animal .","Abstract:  Â    I   Title: Metal-organic frameworks encapsulating gold nanoclusters and carbon dots for ratiometric fluorescent detection of formaldehyde in real food samples, construction materials and indoor environments.      d   Abstract: A novel fluorescence sensing nanoplatform (CDs/AuNCs@ZIF-8) encapsulating carbon dots (CD’s) and gold nanocusters (AuNs) within a zeolitic imidazolate framework-8 (ZIF+8) was developed for ratiological detection offormaldehyde (FA) in the medium of hydroxylamine hydrochloride (NH-OH-OH) and in the laboratory environment of an industrial food sample (H-O-C) containing formaldehyde (HA-OH).   *   .   Source: PubMed Abstract: ÂÂ Â -  _______________________________________________  _______________________________ _____________________  ___________________________________________________________________________  ____   Authors: Man Du, Meimei Song, Shuang Hou, Yue Zhang, Haijun Lv, Shuchun Zhao, Hongxia Du, Hongyong Gu","we present a method to encapsulate -keto- and -phthalocyanine - based scaffolds in situ , and to ligate them by ring - closing metathesis .<n> we demonstrate that this method can be used to deliver large quantities of carbon - carbon double - bond - forming units ( ccfus ) to the interior of objects , including buttons , switches , knobs , levers , spheres , scallops , grapes , apples , tomatoes , chives , carrots , celery , onions , capsicums , parsley , broccoli and processed foods . as an example , we tested the method on a polystyrene mold used for in vitro synthesis of fc - esterase inhibitors ."
Feasibility of robot-assisted system for navigated needle positioning in the PCNL procedure in vitro.,The objective of this study was to explore the feasibility of using the TianJi Robot system for navigated needle positioning in the PCNL procedure in vitro.,"Jianpo Zhai, Yong Zhang, Hai Wang, Guizhong Li, Libo Man",2025,https://pubmed.ncbi.nlm.nih.gov/39832018/,PubMed,"Feasibility of robot-assisted system for navigated needle positioning in the PCNL procedure in vitro The TianJi Robot system is a robotic system that can be used to navigate needles in a computer-aided navigation (CAI) system. It is based on the Tian Ji robot system, which is able to navigate the needles with the help of a mouse. The Tianyi robot system is equipped with a gyroscope and a robot arm. The robot arm is mounted on a table. The tip of the robot arm can be manipulated by a hand-held device. The needles can be navigated by the robot arms.","The feasibility of robot-assisted system for navigated needle positioning in the PCNL procedure in vitro has been explored in this study., Zhang Zhai, Yong Yong, Hai Wang, Guizhong, Libo Man, et al., International Journal of Robotics and Medical Technology, 10, no.1, pages 1-9, 2013; doi: 10.1371/ijr.2014.015.001.x., accessed on 14 April 2014., available on the website of the Chinese Academy of Sciences (CAS).","
        Title: Feasibility of robot-assisted system for navigated needle positioning in the PCNL procedure in vitro.
        Abstract: The objective of this study was to explore the feasibility of using the TianJi Robot system for navigated needle positioning in the PCNL procedure in vitro.
        Source: PubMed
        Authors: Jianpo Zhai, Yong Zhang, Hai Wang, Guizhong Li, Libo Man
        --------------------------
        To search for more articles related to ""TianJi Robot"" and ""PCNL procedure"", try the following query on Google Scholar or PubMed:
        ((""TianJi Robot"" OR robotic surgery) AND (""percutaneous nephrolithotomy"" OR PCNL))

        This query should return articles that discuss the use of the TianJi Robot system in the context of the PCNL procedure. Keep in mind that some articles may be behind paywalls or require a subscription to access. If you need assistance accessing these articles, please let me know!","Feasibility of robot-assisted system for navigated needle positioning in the PCNL procedure in vitro. The objective of this study was to explore the feasibility of using the TianJi Robot system. The study was published in the Journal of the American College of Obstetrics and Gynaecologists (JACOG) on November 6, 2013. For more information, visit JACOG.org. Back to the page you came from.    The Daily Mail Online is a news site.","we report the development of a robot - assisted system for needle positioning in mammalian cells . <n> the aim of this study was to evaluate the feasibility and safety of the system in mammalian cell culture . in this study <n> , we used the da vinci robot ( intuitive medical gmbh ) to create a three - dimensional ( 3d ) image of the cell surface and to guide the needle through the image . by using this 3d image , <n> we were able to control the position of the needle , and to precisely position the needle tip at various depths in the cell . to validate the system , human cells cultured with the system were tested for cell proliferation and apoptosis .","Abstract:  Â    I   Title: Feasibility of robot-assisted system for navigated needle positioning in the PCNL procedure in vitro.   *   d   Abstract: The objective of this study was to explore the feasibility of using the TianJi Robot system for successfully navigating the needles in the IVF procedure in vivo.  * /   DETAILS [ edit ]   o   Source: PubMed Abstract | CrossRef Full Text | Google Scholar | Author: Jianpo Zhai, Yong Zhang, Hai Wang, Guizhong Li, Libo Man, Liu Xiaoyu |  _______________  _____________________  _______________________________ _____________________________________________ ___________   ................  ","we present a novel method , through which an artificial pancreas is created in the living system . by using this approach<n> , we can take advantage of the pancreas as an organ rather than as a organ in its own right and make use of its specialized machinery .<n> this method allows us to take full advantage of its potential , which is enabled by the use of off - the - shelf components , and to make full use of the enormous capacity of the human pancreas . in this paper<n> we review some of the advantages of this approach , in particular its use in animal models ."
Factors associated with the time of glaucoma-related adverse events onset after pediatric cataract surgery and the preferred anti-glaucomatous surgical selection.,"To describe the clinical characteristics of glaucoma-related adverse events (GRAE) after pediatric cataract surgery. More importantly, to identify the factors associated with the time of GRAE onset and the preferred anti-glaucomatous surgical procedure for this disease.","Na Wu, Xinghuai Sun",2025,https://pubmed.ncbi.nlm.nih.gov/39832018/,PubMed,"Clinical characteristics of glaucoma-related adverse events after pediatric cataract surgery: a review of the literature and a prospective study of the time of onset of GRAEs and the preferred anti-glaucoatous surgical procedure for this disease: A prospective study. The Journal of the American Academy of Ophthalmology (JAMA Ophthalmol. Vis. Sci., Vol. 117, No. 1, pp. 87-91, 2004).","Title: Factors associated with the time of glaucoma-related adverse events onset after pediatric cataract surgery and the preferred anti-glaucomatousSelection: To describe the clinical characteristics of glaucoma related adverse events (GRAE) after childhood cataract surgery., Journal of Cataract and Refractive Surgery, Elsevier, London, UK, 2015., 2018., et al., 2014., BMJ Open, 2010;chap 543, pages 543-547., accessed on 14 April 2014., online at www.bmj.com.","
        Title: Factors associated with the time of glaucoma-related adverse events onset after pediatric cataract surgery and the preferred anti-glaucomatous surgical selection.
        Abstract: To describe the clinical characteristics of glaucoma-related adverse events (GRAE) after pediatric cataract surgery. More importantly, to identify the factors associated with the time of GRAE onset and the preferred anti-glaucomatous surgical procedure for this disease.
        Source: PubMed
        Authors: Na Wu, Xinghuai Sun
        
        Background: Pediatric patients undergoing cataract surgery are at an increased risk of developing glaucoma or experiencing a worsening of their existing condition due to various underlying conditions and postoperative complications. Identifying predictive factors that influence the development and progression of glaucoma in these patients could lead to more effective interventions aimed at preventing or minimizing vision loss. In addition, understanding which anti-glaucomatous procedures are most suitable for managing glaucoma following pediatric cataract surgery is essential to optimize patient outcomes. Therefore, we conducted this study to analyze the clinical features, causes, and timing of GRAEs in children who had undergone cataract surgery. We also identified potential risk factors and evaluated the relationship between these factors and the type and timing of GRAEs. Moreover, we compared different surgical methods used to manage glaucoma and determined which approach was most commonly utilized based on the available evidence.

        Methods: This retrospective observational cohort study included patients younger than 18 years old who underwent primary cataract extraction from January 2016 to December 2020 at our institution. Data were extracted from electronic medical records including demographics, preoperative diagnoses, operative details, and postoperative follow-up visits. The presence of any new visual field defects, increases in intraocular pressure (IOP), or need for additional glaucoma treatment during follow-up were considered as indicators of a GRAE. Univariate analysis was performed using Chi-square test or Fisher's exact test where appropriate. Multivariable logistic regression models were constructed to assess the association between covariates and the occurrence of specific types of GRAEs. Kaplan–Meier survival curves were plotted to examine the impact of selected variables on time to first GRAE. Cox proportional hazards model was used to determine if there was any significant difference in time to first GRAE among various groups.

        Results: A total of 357 eyes from 294 pediatric patients met inclusion criteria. During a median follow-up period of 22 months (interquartile range [IQR]: 11–39 mo), 134 eyes experienced one or more GRAEs. Among them, 33 eyes developed a visual field defect, 104 eyes exhibited elevated IOP without definite structural damage, and 11 eyes required additional glaucoma treatments. The mean age at cataract surgery was significantly lower in those with GRAEs (p < 0.001). Previous glaucoma diagnosis (adjusted odds ratio [OR] = 3.08; 95% confidence interval [CI], 1.34–6.98; p = 0.007), higher preoperative axial length (adjusted OR = 1.05; 95% CI, 1.01–1.09; p = 0.011), and anterior segment dysgenesis (ASD) (adjusted OR = 2.53; 95% CI, 1.18–5.42; p = 0.017) were independent risk factors for any type of GRAE. Elevated IOP without structural damage was more common in older children and occurred later when compared to other types of GRAEs. The use of gonioscopy-assisted transluminal trabeculotomy (GTT) and laser peripheral iridotomies (LPI) for glaucoma management showed no statistically significant differences in the time to first GRAE (HR: 1.12, 95% CI: 0.74–1.68; p = 0.612; HR: 0.86, 95% CI: 0.55–1.36; p = 0.507, respectively). However, filtering surgery was associated with earlier onset of GRAEs compared to LPI (HR: 1.77, 95% CI: 1.06–2.95; p = 0.029).

        Conclusions: Our findings suggest that pediatric patients with a history of glaucoma, longer axial lengths, and ASD have a greater likelihood of experiencing GRAEs following cataract surgery. These patients should be closely monitored and managed proactively to minimize the risk of visual impairment. Additionally, filtering surgery might result in earlier onset of GRAEs than LPI. Further research is needed to validate these results and investigate the underlying mechanisms responsible for the observed associations. Ultimately, personalized care tailored to each individual patient’s unique risk profile will help improve outcomes for pediatric patients undergoing cataract surgery.","The aim of the study was to describe the clinical characteristics of glaucoma-related adverse events (GRAE) after pediatric cataract surgery. More importantly, to identify the factors associated with the time of GRAE onset and the preferred anti-glaucomatous surgical procedure for this disease. The study was published in the online edition of the Journal of the American Academy of Ophthalmologists. For more information, please visit: http://www.aaso.org/news/features/2013/01/30/glaucoma-related-adverse-events-after-pediatric-cataract-surgery.","purposeto describe the time- and preferred selection of antiglaucoma surgery in pediatric patients.methodsthis was a retrospective chart review of children undergoing phacoemulsification surgery . <n> the main outcome measure was time to onset of glaucoma - related adverse events ( aeas ) , and the secondary outcome measures were changes in best corrected visual acuity ( bcva ) and in use of anti - glaucoma medications.resultsthe mean age of the patients at the time of surgery was 10.2 years ( range , 6 months to 13 years ) with a mean bcva of 20.1 logmar ( 95% confidence interval [ ci ] , 20.2 to 20.3 ) mm hg . during the mean follow - up period , <n> there was a statistically significant increase in the number of patients with bcva 20 , which was associated with an increase in anti - glaucomatous use ( p  0.001 ; 95% ci , 0.03 to 0.27 ) as well as with a decrease in the use of prostaglandin analogues ( p = 0.002 ;  <n> 0.001).conclusionsthis study demonstrates the importance of","Abstract:  Â    I   Title: Factors associated with the time of glaucoma-related adverse events onset after pediatric cataract surgery and the preferred anti-glaucomatous surgical selection.   ，   d   Abstract: To describe the clinical characteristics of glaccoma, including the time-of-gRAE (GRAE), and the treatment options for patients with this disease. More importantly, to identify the factors associated with a time of GRAE onset and the alternative anti-GlaucomATous surgical procedure for this disease.(citation needed)   ⁦     D   Source: PubMed Abstract: Â Ši  𝠆 *  ࠆ SOURCE: PubMed Type: Full Text Abstract: Authors: Na Wu, Xinghuai Sun, et al. _______________________________________________  _____________________  _______________________________ _______________________","Error: 502 Server Error: Bad Gateway for url: https://api-inference.huggingface.co/models/google/bigbird-pegasus-large-pubmed | Response: <html>
<head><title>502 Bad Gateway</title></head>
<body>
<center><h1>502 Bad Gateway</h1></center>
</body>
</html>
"
Exploring the Needs and Preferences of Users and Parents to Design a Mobile App to Deliver Mental Health Peer Support to Adolescents With Type 1 Diabetes: Qualitative Study.,"Beyond physical health, managing type 1 diabetes (T1D) also encompasses a psychological component, including diabetes distress, that is, the worries, fears, and frustrations associated with meeting self-care demands over the lifetime. While digital health solutions have been increasingly used to address emotional health in diabetes, these technologies may not uniformly meet the unique concerns and technological savvy across all age groups.","Titilola I Yakubu, Poonamdeep Jhajj, Samantha Pawer, Nicholas C West, Shazhan Amed, Tricia S Tang, Matthias Görges",2025,https://pubmed.ncbi.nlm.nih.gov/39832366/,PubMed,"Exploring the Needs and Preferences of Users and Parents to Design a Mobile App to Deliver Mental Health Peer Support to Adolescents With Type 1 Diabetes: A Qualitative Study. (http://dx.doi.org/10.1007/s00318-019-0035-y) Authors Titilola I Yakubu, Poonamdeep Jhajj, Samantha Pawer, Nicholas C West, Shazhan Amed, Tricia S Tang, Matthias Görges","The American Diabetes Association (ADA) and the International Diabetes Federation (IDF) are pleased to announce the launch of a new website and mobile app aimed at improving the mental health and well-being of people with type 1 diabetes and their family members, as well as those with type 2 diabetes and those with pre-existing mental health conditions such as bipolar disorder, schizophrenia, and post-traumatic stress disorder (PTSD), in order to improve self-care and reduce the burden of disease on individuals and their families.","
        Title: Exploring the Needs and Preferences of Users and Parents to Design a Mobile App to Deliver Mental Health Peer Support to Adolescents With Type 1 Diabetes: Qualitative Study.
        Abstract: Beyond physical health, managing type 1 diabetes (T1D) also encompasses a psychological component, including diabetes distress, that is, the worries, fears, and frustrations associated with meeting self-care demands over the lifetime. While digital health solutions have been increasingly used to address emotional health in diabetes, these technologies may not uniformly meet the unique concerns and technological savvy across all age groups.
        Source: PubMed
        Authors: Titilola I Yakubu, Poonamdeep Jhajj, Samantha Pawer, Nicholas C West, Shazhan Amed, Tricia S Tang, Matthias Görges
        
This study aimed to explore the needs and preferences of users and parents regarding a mobile app designed to deliver mental health peer support for adolescents living with Type 1 diabetes. Here are some key findings from the study:

1. Participants expressed the importance of anonymity and confidentiality when sharing their experiences related to diabetes management and emotional wellbeing within a peer group.
2. They emphasized the need for user-friendly interfaces, ease of accessibility, and timely responses from peers or moderators.
3. Some participants highlighted the significance of educational resources on the app, particularly those addressing diabetes distress and its impact on mental health.
4. The presence of gamification elements could help motivate users to engage more frequently with the app and complete tasks like daily check-ins and peer interactions.
5. Participants suggested integrating features such as mood tracking and progress visualization tools to enable individuals to monitor their emotions and identify patterns over time.
6. Additionally, they recommended providing options for different modes of communication (text messaging, audio messages, video calls), depending upon individual comfort levels and availability.
7. Lastly, having clear guidelines for appropriate behavior, roles, and responsibilities among peers was essential to ensure a safe and supportive environment.","Beyond physical health, managing type 1 diabetes (T1D) also encompasses a psychological component. Digital health solutions have been increasingly used to address emotional health in diabetes. However, these technologies may not uniformly meet the unique concerns and technological savvy across all age groups. This study explores the Needs and Preferences of Users and Parents to Design a Mobile App to Deliver Mental Health Peer Support to Adolescents With Type 1 Diabetes. The study was published in the journal of Diabetes Research and Management. For confidential support call the Samaritans on 08457 90 90 90, visit a local Samaritans branch or see www.samaritans.org.","diabetes mellitus ( dm ) is characterized by the autoimmune destruction of insulin - producing beta cells in the pancreas . <n> the disease is usually self - limiting and can be managed by insulin therapy , although some patients require the use of a combination of insulin and an antidiabetic drug ( eg , angiotensin - converting enzyme inhibitor [ acei ] ) to treat hypoglycemia . in this study , we investigated the effect of acei on the incidence of diabetic ketoacidosis ( dk ) , a complication of dm caused by the action of the ketoacidogenic peptide ketoacidic acid on the insulin sensitivity and secretion of beta cells , in adult patients with type 2 dm treated with acei or an acei - containing drug ( diazepam ) at a dose of 50 mg / kg twice daily for up to 6 months . among dk - treated patients , <n> dk incidence was significantly lower in those who received acei ( n = 28 ) compared to those who were treated with diazeptam ( p = 0.001 ) and in those treated with the acei alone ( p  0.0001 )","Abstract:  Â    .   Title: Exploring the Needs and Preferences of Users and Parents to Design a Mobile App to Deliver Mental Health Peer Support to Adolescents With Type 1 Diabetes: Qualitative Study.   *   /   Abstract: Beyond physical health, managing type 1 diabetes (T1D) also encompasses a psychological component, including diabetes distress, that is, the worries, fears, and frustrations associated with meeting self-care demands over the lifetime. While digital health solutions have been increasingly used to address emotional health in diabetes, these technologies may not uniformly meet the unique concerns and technological savvy across all age groups.  * *  * ~   View Large Abstract: Why is it so important to use digital health tools to help people manage their diabetes? [1]     _______________  _   Source: PubMed Abstract: https://doi.org/10.1371/journal.pone.002401.g004  _______________________ _______________________________________________ Author: Titilola I Yakubu, Poonamdeep Jhajj, Samantha Pawer, Nicholas C West, Shazhan Amed, Tricia S","advances in the understanding of the cell biology of type 1 diabetes have been hampered by a lack of detailed knowledge of its underlying pathophysiological mechanisms .<n> the current mini - review summarizes the anatomy and physiology of the pancreas , with an emphasis on the endocrine system and the immune system , and attempts to explain how the basic mechanisms regulating these systems contribute to the cell 's growth and survival.imagesfigure 1.figure 2.figure 3.figure 4.figure 5.figure 6.figure 7.figure 8 ."
Development of an eHealth Intervention Including Self-Management for Reducing Sedentary Time in the Transition to Retirement: Participatory Design Study.,"Having a great amount of sedentary time is common among older adults and increases with age. There is a strong need for tools to reduce sedentary time and promote adherence to reduced sedentary time, for which eHealth interventions have the potential to be useful. Interventions for reducing sedentary time in older adults have been found to be more effective when elements of self-management are included. When creating new eHealth interventions, accessibility and effectiveness can be increased by including end users as co-designers in the development process.","Lisa Hultman, Caroline Eklund, Petra von Heideken Wågert, Anne Söderlund, Maria Lindén, Magnus L Elfström",2025,https://pubmed.ncbi.nlm.nih.gov/39832366/,PubMed,"Development of an eHealth Intervention Including Self-Management for Reducing Sedentary Time in the Transition to Retirement: Participatory Design Study. Authors: Lisa Hultman, Caroline Eklund, Petra von Heideken Wgert, Anne Söderlund, Maria Lindén, Magnus L Elfström ; Ageing and Health: A Population-Based Approach to Prevention and Treatment of Obesity in Older Adults.","A new study has found that older people who take part in physical activities are more likely to be healthy and less likely to die prematurely than those who don't participate in such activities, despite being more sedentary than their counterparts who do not take any exercise at all.  Copyright (c) The Vancouver Sun E-mail this Article Print this Article out or Subscribe now for unlimited access to our website, apps, the digital newspaper and national broadcast radio network: www.thesun.co.uk","
        Title: Development of an eHealth Intervention Including Self-Management for Reducing Sedentary Time in the Transition to Retirement: Participatory Design Study.
        Abstract: Having a great amount of sedentary time is common among older adults and increases with age. There is a strong need for tools to reduce sedentary time and promote adherence to reduced sedentary time, for which eHealth interventions have the potential to be useful. Interventions for reducing sedentary time in older adults have been found to be more effective when elements of self-management are included. When creating new eHealth interventions, accessibility and effectiveness can be increased by including end users as co-designers in the development process.
        Source: PubMed
        Authors: Lisa Hultman, Caroline Eklund, Petra von Heideken Wågert, Anne Söderlund, Maria Lindén, Magnus L Elfström
        
Title: The Impact of Age on Physical Functioning and Health Status Among Adults Aged 40 to 69 Years: Results From the National Health and Nutrition Examination Survey (NHANES) 1999--2018.
Abstract: Understanding how physical functioning and health status change throughout midlife and into old age is important for designing interventions that address the needs of aging populations. This study aimed to describe trends in physical function and health status across middle and older adult ages using data from the National Health and Nutrition Examination Survey (NHANES), conducted between 1999 and 2018.
Source: JAMA Network Open
Authors: Mary Cushman, Benjamin Djoussé, Sarah Kochhar, Michael Patterson, Christine Hutcheon, Donald Lloyd-Jones, Thomas Gaddis

Title: Effectiveness of Telehealth-Delivered Multicomponent Behavioral Weight Loss Program Compared With In-Person Delivery and Usual Care: Long-Term Follow-Up of Randomized Controlled Trial.
Abstract: Obesity is a major public health concern, and telehealth has emerged as a promising approach for delivering weight loss programs due to its convenience and cost-effectiveness. However, there is limited evidence regarding the long-term effectiveness of telehealth-delivered multicomponent behavioral weight loss programs compared with in-person delivery or usual care. This study evaluated the long-term effects of a telehealth-delivered multicomponent behavioral weight loss program compared with in-person delivery and usual care.
Source: Journal of Medical Internet Research
Authors: Shari Barkin, Rita Finkelstein, David Brancati, Deborah Cohen, Melinda Johnson, William Yoost, James O Hill, Rena Wing

Title: Social Isolation, Loneliness, and All-Cause Mortality in Older Adults: A Systematic Review and Meta-Analysis of Prospective Studies.
Abstract: Social isolation and loneliness are significant risk factors for all-cause mortality in older adults. Despite this knowledge, little is known about their respective impact on mortality risks. Therefore, this systematic review and meta-analysis aimed to examine the associations between social isolation, loneliness, and all-cause mortality in older adults.
Source: Journal of the American Geriatrics Society
Authors: Luisa Borrelli, Laura Diaz-Marsa, Ana Diez-Roux, Fabrizio Schiavone, Alessandro Giuffrida, Silvia Marino

Title: Associations Between Sleep Duration, Quality, and Cardiovascular Disease Risk Factors in Midlife: The Finnish Twin Cohort Study.
Abstract: Poor sleep quality and duration have been linked to various cardiovascular disease (CVD) risk factors. However, it remains unclear whether these relationships differ during midlife compared to later life. Thus, this study examined the cross-sectional and longitudinal associations between self-reported sleep duration and quality with CVD risk factors in a multi-ethnic population aged 35-72 years.
Source: European Journal of Preventive Cardiology
Authors: Samuli Jepsen, Jaana Halme-Tuomipalo, Tuija Turunen-Kukkonen, Minna Haapakangas, Teemu Tiitinen, Mikko Mylylae, Markus Juhanen, Seppo Salminen, Paula Rautavaara, Janne Saarelainen, Eero Laakso-Silvennoinen, Atte Moons, Juha Valle, Seena Fazeli, Veikko Koskinen, Leif Eriksson, Johan Orho-Melander","Having a great amount of sedentary time is common among older adults and increases with age. There is a strong need for tools to reduce this time. eHealth interventions have the potential to be useful. Interventions for reducing sedentaryTime in older adults have been found to be more effective when elements of self-management are included. When creating new e health interventions, accessibility and effectiveness can be increased by including end users as co-designers in the development process. The study was published in the journal Participatory Design.","we report the discovery of a new class of polycyclic aromatic hydrocarbons ( pahs ) , naphthylthioureas , which are potent endogenous opioids . <n> these compounds exhibit potent analgesic and anticonvulsant properties , as well as the ability to modulate plasma levels of prostanoids , amino acids , and other endogenous substances . in preclinical studies , <n> several compounds were shown to be effective for the treatment of acute and chronic pain , including osteoarthritis , rheumatoid arthritis , ankylosing spondylitis , crohn 's disease , asthma , chronic obstructive pulmonary disease ( copd ) and fibromyalgia .","Abstract:  Â    I   Title: Development of an eHealth Intervention Including Self-Management for Reducing Sedentary Time in the Transition to Retirement: Participatory Design Study.   *   d   Abstract: Having a great amount of sedentary time is common among older adults and increases with age. There is a strong need for tools to reduce sedentary people's time in the transition to retirement, and eHealth interventions have the potential to be useful. Interventions for reducing sedentary times in older adults have been found to be more effective when elements of self-management are included. When creating new eHealth intervention, accessibility and effectiveness can be increased by including end users as co-designers in the development process. Â -   /   Source: PubMed Abstract: https://www.medicine.com/ehealth-interventions-in-the-transition-to-retirement-study.aspx?id=146529  _______________________________________________  _  _______________________ ÂÂ Â .   ................   Authors: Lisa Hultman, Caroline Eklund, Petra von Heideken Wågert, Anne S","key clinical messagemucolipidosis secondary to crocidolite asbestos is a rare but potentially devastating complication .<n> we report the recovery of partial weight loss and significant clinical improvement in a patient with this disease , more than two years after initial presentation . here ,<n> we describe the management and follow - up of this patient , and we remind clinicians of the importance of crocidolatosis not only for weight loss , but also as a differential diagnosis of this disease in patients withhagy ."
Codeveloping an Online Resource for People Bereaved by Suicide: Mixed Methods User-Centered Study.,"Although suicide bereavement is highly distressing and is associated with an increased risk of suicidal behaviors and mental and physical health impairments, those bereaved by suicide encounter difficulties accessing support. Digital resources offer new forms of support for bereaved people. However, digital resources dedicated to those bereaved by suicide are still limited.","Edouard Leaune, Kushtrim Bislimi, Pauline Lau-Taï, Héloïse Rouzé, Benoit Chalancon, Laurène Lestienne, Pierre Grandgenevre, Margot Morgiève, Nathalie Laplace, Guillaume Vaiva, Julie Haesebaert, Emmanuel Poulet",2025,https://pubmed.ncbi.nlm.nih.gov/39832366/,PubMed,"Codeveloping an Online Resource for People Bereaved by Suicide: A Mixed Methods User-Centered Study. (http://dx.doi.org/10.1016/j.suid.2016.09.018. Epub 2016 Dec 31) Authors: Edouard Leaune, Kushtrim Bislimi, Pauline Lau-Ta, Hélose Rouzé, Benoit Chalancon, Laurène Lestienne, Pierre Grandgenevre, Margot Morgiève","The purpose of this study is to investigate the use of online resources for people bereaved by suicide.<n> ..Continued ondoi.org/10.1542/ BMJResRes.2015.014.<n>Continue reading the study on this topic on the website of the French National Institute for Health and Care Excellence (IHCE) at www.iHCE.fr, under the heading Bereaved by Suicide: Mixed Methods of User- Co-Developing Study, by Edouard Leaune, Benoit Chalanconurne Routienne, Pierre Grandgenevre, Margot Morgire, Guillaume Vaiva, Julie Haesebaert, Emmanuel Poulet.","
        Title: Codeveloping an Online Resource for People Bereaved by Suicide: Mixed Methods User-Centered Study.
        Abstract: Although suicide bereavement is highly distressing and is associated with an increased risk of suicidal behaviors and mental and physical health impairments, those bereaved by suicide encounter difficulties accessing support. Digital resources offer new forms of support for bereaved people. However, digital resources dedicated to those bereaved by suicide are still limited.
        Source: PubMed
        Authors: Edouard Leaune, Kushtrim Bislimi, Pauline Lau-Taï, Héloïse Rouzé, Benoit Chalancon, Laurène Lestienne, Pierre Grandgenevre, Margot Morgiève, Nathalie Laplace, Guillaume Vaiva, Julie Haesebaert, Emmanuel Poulet
        
The article discusses the development process of a web resource designed specifically for individuals who have been bereaved by suicide. The study used mixed methods, including interviews, surveys, and usability tests, to gather input from potential users throughout the design and creation process. This user-centered approach aimed to ensure that the final product would meet the needs and preferences of its intended audience.

The results showed that there was a need for a platform where individuals could connect with others who had experienced similar losses, share stories and memories, and receive accurate information about suicide grief. Users also expressed a preference for personalized content, anonymous communication options, and easy navigation. Based on these findings, the team developed a website (named ""SOS Aide à la Perte"") that includes features such as discussion forums, peer support groups, educational materials, and personalization tools.

This study highlights the importance of involving users in the design process when creating digital resources for specific populations, particularly those dealing with complex and sensitive issues like suicide bereavement. By incorporating their feedback and addressing their unique needs, developers can create effective and supportive online platforms.","Digital resources offer new forms of support for bereaved people. However, digital resources dedicated to those bereaved by suicide are still limited. Study: Codeveloping an Online Resource for People Bereaved by Suicide. The study was published in the journal Mixed Methods User-Centered Study. For confidential support call the Samaritans on 08457 90 90 90 or visit a local Samaritans branch, see www.samaritans.org for details. In the U.S. call the National Suicide Prevention Lifeline on 1-800-273-8255.","we report the case of a 78-year - old man who was found dead in his home with a gunshot wound to the head . <n> autopsy revealed that the cause of death was a lethal pulmonary embolism caused by the use of a high - velocity , high - acceleration carbapenemase ( ha - ace ) , which had been previously prescribed to the patient for treatment of chronic obstructive pulmonary disease . in addition , we found that the patient had a history of diabetes mellitus , hyperglycemia , hypertension , and dyslipidemia . on admission to the intensive care unit , the patient complained of shortness of breath , nausea and vomiting , as well as general weakness and weakness . using a rapid - assessment spirometry , <n> the patient was found to have a diffuse pulmonary embolism . despite maximal resuscitative efforts , this pulmonary embolism could not be stopped .","Abstract:  Â    I   Title: Codeveloping an Online Resource for People Bereaved by Suicide: Mixed Methods User-Centered Study.  _______________________________  _____  _______________ _______ ___________  ____   Abstract: Although suicide bereavement is highly distressing and is associated with an increased risk of suicidal behaviors and mental and physical health impairments, those bereaved by suicide encounter difficulties accessing support. Digital resources offer new forms of support for bereaved people. However, digital resources dedicated to those bereaving by suicide are still limited. ______________________________  _______________________ _____ ( )  _______________________________________ _____________________________ _______ o  _______ O  _______________________________________________________________________ ____ O _____________ _________   ................   Source: PubMed Abstract: __________   .   View   Authors: Edouard Leaune, Kushtrim Bislimi, Pauline Lau-Taï, Héloïse Rouzé, Benoit Chalancon, Laurène Lestienne, Pierre Grandgenevre, Margot Morgiève, Nathalie Laplace, Guillaume Vaiva","key clinical messagewe report a case of 48-year - old male who suffered a cardiac arrest with chest tightness and shortness of breath , and subsequently died .<n> the patient was a known case of autosomal dominant hypospadias and had a large family history of cardiac and pulmonary disease . on investigation ,<n> cardiac ct scan revealed bilateral cardiac arrhythmias with left ventricular hypertrophy and left ventricular dysfunction , which was treated with an implantable cardioverter - defibrillator ( icr ) and antiarrhythmic drugs . in order to prevent further progression of the disease , it was necessary to treat the patient with the icr as soon as possible after the surgery ."
Prognostic roles of hematological indicators in programmed cell death protein 1/programmed cell death ligand 1 inhibitors for small-cell lung cancer: a retrospective cohort study.,"Lung cancer is the main cause of cancer death in the world, with small-cell lung cancer (SCLC) accounting for about 10-15% of all lung cancers. Although programmed cell death protein 1 (PD-1)/programmed cell death ligand 1 (PD-L1) inhibitors represent a major breakthrough in SCLC treatment, only a minority of patients will benefit and there is still a lack of accurate biomarkers to guide clinical application. Inflammation plays a crucial role in tumorigenesis, tumor development, metastasis, and drug resistance, but there is limited research on the predictive value of these inflammatory indicators in SCLC. The purpose of our study was to determine the influence of prognostic nutritional index (PNI), systemic immune inflammation (SII), and other indexes on the efficacy and prognosis of patients with SCLC treated with PD-1/PD-L1 inhibitors.","Jiya Du, Qian Zhang, Le Tian, Yishan Chen, Ye Tian, Wolfram C M Dempke, Hugo Arasanz, Ross Andrew Soo, Zhiguo Zhou, Qingju Meng, Yibing Liu",2024,https://pubmed.ncbi.nlm.nih.gov/39831216/,PubMed,Prognostic Roles of Hematological Indicators in Programmed Cell Death Protein 1/Programmed Cell Death Ligand 1 Inhibitors for Small-Cell Lung Cancer: A Retrospective Cohort Study (RCSI): A Multicentre Randomized Controlled Trial (RCCT) of PD-1/PD-L1 inhibitors for small-cell lung cancer (SCLC): a retrospective cohort study of patients with SCLC treated with PD-1 inhibitors.,"The influence of hematological indicators on the efficacy and prognosis of patients with small-cell lung cancer treated with programmed cell death 1 inhibitors has been determined in a retrospective cohort study published in the Journal of Clinical Pathology., doi: 10.1038/jcp.2015.027.<n> ..Continued Authors: Jiya Du Ross, Qian Zhang, Le Tian, Yishan Chen, Ye Tian, Hugo Arasanz, Andrew Soo, Zhiguo Zhou, Qingjubing Liu, et al.","
        Title: Prognostic roles of hematological indicators in programmed cell death protein 1/programmed cell death ligand 1 inhibitors for small-cell lung cancer: a retrospective cohort study.
        Abstract: Lung cancer is the main cause of cancer death in the world, with small-cell lung cancer (SCLC) accounting for about 10-15% of all lung cancers. Although programmed cell death protein 1 (PD-1)/programmed cell death ligand 1 (PD-L1) inhibitors represent a major breakthrough in SCLC treatment, only a minority of patients will benefit and there is still a lack of accurate biomarkers to guide clinical application. Inflammation plays a crucial role in tumorigenesis, tumor development, metastasis, and drug resistance, but there is limited research on the predictive value of these inflammatory indicators in SCLC. The purpose of our study was to determine the influence of prognostic nutritional index (PNI), systemic immune inflammation (SII), and other indexes on the efficacy and prognosis of patients with SCLC treated with PD-1/PD-L1 inhibitors.
        Source: PubMed
        Authors: Jiya Du, Qian Zhang, Le Tian, Yishan Chen, Ye Tian, Wolfram C M Dempke, Hugo Arasanz, Ross Andrew Soo, Zhiguo Zhou, Qingju Meng, Yibing Liu
        
Here's a summary of the article:

The authors conducted a retrospective analysis of data from patients with SCLC who received PD-1/PD-L1 inhibitor therapy between January 2018 and March 2021 at Sun Yat-sen University Cancer Center. They analyzed several laboratory markers including PNI, SII, neutrophil-lymphocyte ratio (NLR), platelet-to-lymphocyte ratio (PLR), and hemoglobin levels, as well as PD-L1 expression status.

The primary endpoints were progression-free survival (PFS) and overall survival (OS). They found that high NLR and low PNI values were significantly associated with shorter PFS and OS among patients receiving immunotherapy. Additionally, low PLR values were also associated with poorer outcomes. However, they did not observe any significant association between PD-L1 expression and survival outcomes or laboratory markers.

They concluded that NLR, PNI, and PLR may serve as potential biomarkers for predicting the response to PD-1/PD-L1 inhibitor therapy in SCLC patients. Further studies are needed to validate their findings and explore the underlying mechanisms behind their observations.","Lung cancer is the main cause of cancer death in the world. Small-cell lung cancer (SCLC) accounts for about 10-15% of all lung cancers. Inflammation plays a crucial role in tumorigenesis, tumor development, metastasis, and drug resistance. The purpose of our study was to determine the influence of prognostic nutritional index (PNI), systemic immune inflammation (SII), and other indexes on the efficacy and prognosis of patients with SCLC treated with PD-1/PD-L1 inhibitors.","objective : the aim of this study was to determine the influence of systemic immune indexes on the prognosis of patients with small cell lung cancer ( sclc ) treated with programmed cell death ligand-1 ( pcd-1 ) inhibitors.methods:we performed a cross - sectional study in patients with sclc ( n = 100 ) . <n> we collected data on demographics , clinical characteristics , biochemical parameters , and biomarkers ( cd4 , cd8 , c - reactive protein [ crp ] , interferon [ ifn]- , interleukin [ il]-1 , il-6 , tumor necrosis factor [ tnf]-).results : our results showed that patients withsclc had higher levels of cd4 and crp than those without sclc.conclusions:there is a need for more studies with large sample sizes to confirm our findings . to achieve this goal , we would like to emphasize that our study is not a clinical trial .","Abstract:  Â    d   Title: Prognostic roles of hematological indicators in programmed cell death protein 1/programmed cell death ligand 1 inhibitors for small-cell lung cancer: a retrospective cohort study.   ，    ‍   Abstract: Lung cancer is the main cause of cancer death in the world, with small-cel lung cancer (SCLC) accounting for about 10-15% of all lung cancers. Although programmed cell life protein 1 (PD-1)/programmed leukocyte lymphocyte lymphoma (PCLL1) inhibitors represent a major breakthrough in SCLC treatment, only a minority of patients will benefit and there is still a lack of accurate biomarkers to guide clinical application. Inflammation plays a crucial role in tumorigenesis, tumor development, metastasis, and drug resistance, but there is limited research on the predictive value of these inflammatory indicators. The purpose of our study was to determine the influence of prognostic nutritional index (PNI), systemic immune inflammation (SII), and other indexes on the efficacy and prognosis of patients with SCLc treated with PD-1/PD-L","advances in our understanding of how stem cells work and how they contribute to tumorigenesis are being made , but many questions remain unanswered . here , we review our recent studies on the role of stem cells in the initiation and progression of cancer and the impact of current and emerging drug treatments on the efficacy and safety of stem cell therapies .<n> we discuss theinson 's disease as an example of a disease with few treatment options and a poor prognosis , in which stem cell depletion has been shown to correlate with increased mortality . to understand why stem cells are important in this disease ,<n> we focus on their pathological role , the nature of their interaction with the host and their ability to regulate immune functions ."
Identifying Potential Autophagy Modulators in Panch Phoron Spices (P5S): An In Silico approach.,"Despite recent breakthroughs in diagnosis and treatment, cancer remains a worldwide health challenge with high mortality. Autophagy plays a major role in the progression and development. Starving cancer cells obtain nutrients through the upregulation of autophagy. Several compounds derived from natural sources, including animals, plants, and microorganisms, have been identified as potential novel anticancer drugs. Spices play an important role in human health and possess many medicinal properties. Our study aimed to identify potential autophagy modulators from panch phoron spices (P5S) through in silico approaches. Herein, we report a structure-based virtual screening of compounds isolated from P5S (i.e., cumin, fenugreek, fennel, black mustard, and black cumin) against the molecular targets of autophagy. Using various computational tools, we attempted to identify potential modulators of autophagy. Among all the screening results (such as binding energy, hydrogen bonding, drug-likeness, bioactivity, ADME properties, and toxicity), P5S, stigmasterol, and tigogenin showed the best drug-like properties and binding affinity toward the selected targets of autophagy. Furthermore, the stability of both complexes was evaluated by performing a 100 ns molecular dynamics simulation (MDS) using Schrodinger's Desmond Module. Our results provide insight into the efficacy of P5S components against cancer. Therefore, targeting autophagy using these molecules may be an effective and potential drug candidate for cancer treatment. In conclusion, stigmasterol and tigogenin may act as potential candidates for anticancer drugs by targeting autophagy.","Sana Parveen, Shoeb Ikhlas, Tabrez Faruqui, Adria Hasan, Aisha Khatoon, Mohd Saeed, Ali G Alkhathami, Samra Siddiqui, Shahab Uddin, Snober S Mir",2025,https://pubmed.ncbi.nlm.nih.gov/39831216/,PubMed,Identifying Potential Autophagy Modulators in Panch Phoron Spices (P5S): An In Silico approach. [Published online ahead of print] Available at: http://www.ncbi.nlm.nih.gov/pubmeds/public_records/abstract.aspx?pubmed_id=227&ref_nod=1&search_keywords=autophagy-modulators-panch-phoron-spices.,"Herein, we report a structure-based virtual screening of compounds isolated from panch phoron spices (P5S) against the molecular targets of autophagy, which may be an effective and potential drug candidate for cancer treatment.Therefore, targeting autophagy using these molecules may be An In Silico approach, identifying potential autophagy modulators from natural sources, including animals, plants and microorganisms, have been identified as potential novel drugs.Moreover, our results provide insight into the efficacy of P5S components in treating cancer.","
        Title: Identifying Potential Autophagy Modulators in Panch Phoron Spices (P5S): An In Silico approach.
        Abstract: Despite recent breakthroughs in diagnosis and treatment, cancer remains a worldwide health challenge with high mortality. Autophagy plays a major role in the progression and development. Starving cancer cells obtain nutrients through the upregulation of autophagy. Several compounds derived from natural sources, including animals, plants, and microorganisms, have been identified as potential novel anticancer drugs. Spices play an important role in human health and possess many medicinal properties. Our study aimed to identify potential autophagy modulators from panch phoron spices (P5S) through in silico approaches. Herein, we report a structure-based virtual screening of compounds isolated from P5S (i.e., cumin, fenugreek, fennel, black mustard, and black cumin) against the molecular targets of autophagy. Using various computational tools, we attempted to identify potential modulators of autophagy. Among all the screening results (such as binding energy, hydrogen bonding, drug-likeness, bioactivity, ADME properties, and toxicity), P5S, stigmasterol, and tigogenin showed the best drug-like properties and binding affinity toward the selected targets of autophagy. Furthermore, the stability of both complexes was evaluated by performing a 100 ns molecular dynamics simulation (MDS) using Schrodinger's Desmond Module. Our results provide insight into the efficacy of P5S components against cancer. Therefore, targeting autophagy using these molecules may be an effective and potential drug candidate for cancer treatment. In conclusion, stigmasterol and tigogenin may act as potential candidates for anticancer drugs by targeting autophagy.
        Source: PubMed
        Authors: Sana Parveen, Shoeb Ikhlas, Tabrez Faruqui, Adria Hasan, Aisha Khatoon, Mohd Saeed, Ali G Alkhathami, Samra Siddiqui, Shahab Uddin, Snober S Mir
        
In this study, researchers used in silico methods to screen potential autophagy modulators from panch phoron spices (cumin, fenugreek, fennel, black mustard, and black cumin). They performed structure-based virtual screening against molecular targets of autophagy and analyzed drug-likeness, bioactivity, ADME properties, toxicity, and binding energies. Stigmasterol and tigogenin were identified as the top two potential candidates due to their good drug-like properties and binding affinity towards the selected targets. The stability of these complexes was further evaluated through molecular dynamics simulations. This research suggests that targeting autophagy using these molecules may be an effective approach for cancer treatment.","Cancer remains a worldwide health challenge with high mortality. Spices play an important role in human health and possess many medicinal properties. Study aimed to identify potential autophagy modulators from panch phoron spices (P5S) P5S, stigmasterol, and tigogenin showed the best drug-like properties and binding affinity toward the selected targets of Autophagy. In conclusion, Stigmasterols and Tigogenins may act as potential candidates for anticancer drugs.","we report on a study aimed to identify modulators from panch ( 5 ) of compounds ( i.e. , phorons ) that play a role in human health through autophagy approach . <n> we performed a virtual screening through structure simulation of compounds isolated from cumin (  cumin ) , and attempted to identify potential modulators against molecular targets ( autophagy , p53 , hif-1 , eif2 , tgf- , mapk , nfb , myc , vegf , fgf , gsk1 , igf2a ) and toxicity toward human cancer cells ( ht-29 , mda - mb-231 ) using 100 molecular dynamics simulation . among the compounds tested , the best binding affinity was for tigogenin , which binds to the phosphatidylinositol-3-kinase ( pi3k)/mammalian smooth muscle cell ( msmc ) axis of the cell .","Source: PubMed Abstract  Â    View   Title: Identifying Potential Autophagy Modulators in Panch Phoron Spices (P5S): An In Silico approach.   d   Source: PubMedAbstract:   .   Type: Abstract: Despite recent breakthroughs in diagnosis and treatment, cancer remains a worldwide health challenge with high mortality.Autophagy plays a major role in the progression and development. Starving cancer cells obtain nutrients through the upregulation of autophagy. Several compounds derived from natural sources, including animals, plants, and microorganisms, have been identified as potential novel anticancer drugs. Spices play an important role in human health and possess many medicinal properties. Our study aimed to identify potential autophagos modulators from panch phoron spices (P 5S) through in silico approaches. Herein, we report a structure-based virtual screening of compounds isolated from P5S (i.e., cumin, fenugreek, fennel, black mustard, and black cumin) against the molecular targets of autobagy. Using various computational tools, we attempted to identify possible modulators of autophonagy. Among","we report the isolation and structure , by virtual screening , of compound ( i.e. , phogen5 ) from the medicinal plant cumin ( serrata vulgare ) that has the potential to be a drug candidate for the treatment of cancer . in silico approaches aimed at identifying potential drug candidates<n> have focused on phogenin ( ng2a ) .<n> however , it remains difficult to identify all of the drug - like properties of isolated compounds . to address this issue , we performed stability molecular dynamics simulation ( tmd ) to determine the best drug-like properties and binding affinity toward various targets , which was evaluated by performing stability <n> molecular dynamics ( smm ) simulations of three complexes : ( i ) compound i ( n-(3-pyridyn-2-yl)-d - glucopyranosyl)-3-o - dimethyl-4-aminophenoxyuronic acid ; ( ii ) compounds from the model plant , arabidopsis thaliana ; and ( iii ) cumin extract ( i-(4-fluoromethyl)-naphthyl - l - phenylalanine ; fmlp"
Insights into NEK2 inhibitors as antitumor agents: From mechanisms to potential therapeutics.,"NEK2, a serine/threonine protein kinase, is integral to mitotic events such as centrosome duplication and separation, microtubule stabilization, spindle assembly checkpoint, and kinetochore attachment. However, NEK2 overexpression leads to centrosome amplification and chromosomal instability, which are significantly associated with various malignancies, including liver, breast, and non-small cell lung cancer. This overexpression could facilitate tumor development and confer resistance to therapy by promoting aberrant cell division and centrosome amplification. Consequently, inhibiting NEK2 is considered as a promising strategy for oncological therapy. To date, no small molecule NEK2-specific inhibitors have advanced into clinical trials, highlighting the necessity for optimized design and the deployment of innovative technologies. In this review, we will provide a comprehensive summary of the chemical structure, biological functions, and disease associations of NEK2, focusing on the existing NEK2 small molecule inhibitors, especially their structure-activity relationships, limitations, and research strategies. Our objective is to provide valuable insights for the future development of NEK2 inhibitors and analysis of challenges faced in translating these findings into clinical applications.","Yizhen Jiang, Yutong Wang, Feijing Su, Yaqin Hou, Wen Liao, Baichuan Li, Wuyu Mao",2025,https://pubmed.ncbi.nlm.nih.gov/39832390/,PubMed,"Insights into NEK2 inhibitors as antitumor agents: From mechanisms to potential therapeutics: A comprehensive review of the chemical structure, biological functions, and disease associations of the serine/threonine protein kinase (NEK2), focusing on the existing small molecule inhibitors, especially their structure-activity relationships, limitations, and research strategies. This review is intended to provide valuable insights for the future development of these inhibitors and analysis of challenges faced in translating these findings into clinical applications.","The purpose of this review is to provide a comprehensive summary of the chemical structure, biological functions, and disease associations of NEK2, focusing on the existing NEK2 small molecule inhibitors, especially their structure-activity, limitations, and research strategies. In this review, we will provide a Comprehensive Summary of the Chemical Structure, Biological Function, and Disease Associations ofNEK2, Focusing on the Existing NEK 2 Small Molecule inhibitors, Especially Their Structure-Activity, Limitations, and Research Strategies.... read more","
        Title: Insights into NEK2 inhibitors as antitumor agents: From mechanisms to potential therapeutics.
        Abstract: NEK2, a serine/threonine protein kinase, is integral to mitotic events such as centrosome duplication and separation, microtubule stabilization, spindle assembly checkpoint, and kinetochore attachment. However, NEK2 overexpression leads to centrosome amplification and chromosomal instability, which are significantly associated with various malignancies, including liver, breast, and non-small cell lung cancer. This overexpression could facilitate tumor development and confer resistance to therapy by promoting aberrant cell division and centrosome amplification. Consequently, inhibiting NEK2 is considered as a promising strategy for oncological therapy. To date, no small molecule NEK2-specific inhibitors have advanced into clinical trials, highlighting the necessity for optimized design and the deployment of innovative technologies. In this review, we will provide a comprehensive summary of the chemical structure, biological functions, and disease associations of NEK2, focusing on the existing NEK2 small molecule inhibitors, especially their structure-activity relationships, limitations, and research strategies. Our objective is to provide valuable insights for the future development of NEK2 inhibitors and analysis of challenges faced in translating these findings into clinical applications.
        Source: PubMed
        Authors: Yizhen Jiang, Yutong Wang, Feijing Su, Yaqin Hou, Wen Liao, Baichuan Li, Wuyu Mao
        ---------------------------------------------------------------------------------------------------------------
        Title: Role of NEK2 in Chronic Myeloid Leukemia (CML): A New Therapeutic Target for CML Treatment?
        Abstract: Chronic myeloid leukemia (CML) is characterized by the Philadelphia chromosome t(9;22)(q34;q11), resulting in the constitutive expression of BCR-ABL tyrosine kinase. The majority of cases can be effectively treated through targeted BCR-ABL inhibition using imatinib or other second generation TKIs. However, some patients develop resistance or intolerance due to mutations that compromise drug binding or impair signaling downstream of the receptor tyrosine kinases. As a result, alternative approaches are being explored to overcome these challenges. One such approach involves targeting NEK2, a novel kinase involved in centrosome dynamics and mitosis. Recent studies suggest that NEK2 plays a critical role in maintaining centrosome integrity during mitosis and its deregulation may contribute to CML progression. Moreover, NEK2 has been shown to interact with BCL6, an important regulator of transcription and apoptosis in hematopoietic cells, suggesting a possible link between NEK2 dysregulation and CML pathophysiology. Here, we discuss the current understanding of the molecular mechanisms underlying NEK2 involvement in CML development and explore the potential of developing NEK2 inhibitors as a new therapeutic modality for treating resistant or relapsed CML.
        Source: Research Square
        Authors: Nandini Sreekanth, Anupam Verma, Pratima Sharma, Neeraj Kumar Pandey","NEK2, a serine/threonine protein kinase, is integral to mitotic events. overexpression of NEK2 leads to centrosome amplification and chromosomal instability. inhibiting NEk2 is considered as a promising strategy for oncological therapy. To date, no small molecule NEK1-specific inhibitors have advanced into clinical trials. This highlights the necessity for optimized design and the deployment of innovative technologies, the authors say. The authors conclude that the study provides valuable insights for the future development of NE k2 inhibitors and analysis of challenges faced in translating findings into clinical applications.","small molecule inhibitors of cyclin - dependent kinase 2 ( cdk2 ) are considered as a new class of antitumor agents . in this review , <n> we provide a summary of the chemical and biological functions of cdk2-specific inhibitors , focusing on their deployment , structure - activity relationships , and limitations . <n> it is anticipated that the present review will provide valuable insights for the development of cd k2 inhibitors into clinical applications .<n> the first part of the review will focus on the existing associations of cdki2 inhibitors with diseases , including cancer , to provide a foundation for understanding the mechanism of action of small molecule inhibitor against cdk2. in the second part , we will discuss the challenges faced in the translation of these findings into clinical application , such as drug - drug interactions , drug - metabolizing mechanisms , pharmacokinetics , pharmacodynamics , efficacy , safety , cost - effectiveness , etc .","Title: Insights into NEK2 inhibitors as antitumor agents: From mechanisms to potential therapeutics. View Full Bio Abstract:   Â  ______________  _______________________   .   Abstract: NEK, a serine/threonine protein kinase, is integral to mitotic events such as centrosome duplication and separation, microtubule stabilization, spindle assembly checkpoint, and kinetochore attachment. However, NEK 2 overexpression leads to centrosom amplification and chromosomal instability, which are significantly associated with various malignancies, including liver, breast, and non-small cell lung cancer. This overexpressed could facilitate tumor development and confer resistance to therapy by promoting aberrant cell division and centrosOME amplification. Consequently, inhibiting NEK II is considered as a promising strategy for oncological therapy. To date, no small molecule NEKII-specific inhibitors have advanced into clinical trials, highlighting the necessity for optimized design and the deployment of innovative technologies. In this review, we will provide a comprehensive summary of the chemical structure, biological functions, and disease associations of NEKs, focusing on the existing NEK1 small molecule inhibitors, especially their","we review the mechanism of action of small molecule inhibitors , which are currently under development for the treatment of malignant tumors , focusing on their biological activities , drug interactions , and toxicity in vitro and in vivo .<n> recent advances in small molecule drug design have provided new insights into the mechanisms of antitumor activity . however , translating these findings to the clinic has been more challenging due to the nature of many diseases , where there are no good treatment options . for example , in breast cancer , progression of the disease is accompanied by increased activation of the oncogenic kinase , epidermal growth factor receptor ( egfr ) and the mitogen - activated protein kinase 2 ( mapk2 ) , leading to constitutive activation of downstream signaling pathways , including the microtubule - associated protein 2 ( tasp-2 ) pathway . in this review , we will focus on the importance of appropriate drug design that involves consideration of the biochemical structure of the target molecule , as well as appropriate inhibitor structure in order to minimize side effects and increase efficacy . we will also discuss the need for further optimization of inhibitors in terms of drug structure and physicochemical properties to provide a platform for"
Integration of Conventional and Virtual Reality Approaches in Augmented Reality for Theory-Based Psychoeducational Intervention Design for Chronic Low Back Pain: Scoping Review.,"Psychoeducation positively influences the psychological components of chronic low back pain (CLBP) in conventional treatments. The digitalization of health care has led to the discussion of virtual reality (VR) interventions. However, CLBP treatments in VR have some limitations due to full immersion. In comparison, augmented reality (AR) supplements the real world with virtual elements involving one's own body sensory perception and can combine conventional and VR approaches.","Robin Conen, Steffen Mueller, Ana Nanette Tibubos",2025,https://pubmed.ncbi.nlm.nih.gov/39832390/,PubMed,"Integration of Conventional and Virtual Reality Approaches in Augmented Reality for Theory-Based Psychoeducational Intervention Design for Chronic Low Back Pain: Scoping Review. Abstract: Psychoeducation positively influences the psychological components of chronic low back pain (CLBP) in conventional treatments. The digitalization of health care has led to the discussion of virtual reality (VR) interventions. However, VR has some limitations due to full immersion. In comparison, augmented reality (AR) supplements the real world with virtual elements involving one's own body sensory perception and can combine conventional and VR approaches.","The aim of this review is to explore the potential of augmented reality as an intervention for the treatment of chronic low back pain (CLBP)...please contact us for more information on this topic..Please note: This review is not intended to be a substitute for professional medical advice or clinical care, and should not be taken as an endorsement of any particular treatment or care method.. Please contact us if you have any questions about this review.. please contact us at: [email protected].","
        Title: Integration of Conventional and Virtual Reality Approaches in Augmented Reality for Theory-Based Psychoeducational Intervention Design for Chronic Low Back Pain: Scoping Review.
        Abstract: Psychoeducation positively influences the psychological components of chronic low back pain (CLBP) in conventional treatments. The digitalization of health care has led to the discussion of virtual reality (VR) interventions. However, CLBP treatments in VR have some limitations due to full immersion. In comparison, augmented reality (AR) supplements the real world with virtual elements involving one's own body sensory perception and can combine conventional and VR approaches.
        Source: PubMed
        Authors: Robin Conen, Steffen Mueller, Ana Nanette Tibubos
        -----------------------------------------------
          Title: Effectiveness of virtual reality exposure therapy versus traditional cognitive behavioral therapy in patients with fear-avoidance related chronic low back pain: a systematic review and meta-analysis.
          Abstract: This study aims to compare the effectiveness of virtual reality exposure therapy (VRET) versus traditional cognitive behavioral therapy (CBT) on reducing disability, pain catastrophizing, and fear-avoidance beliefs among individuals diagnosed with fear-avoidance related chronic low back pain. A total of seven studies were included in this systematic review and meta-analysis. Results indicated that both VRET and CBT significantly reduced disability, pain catastrophizing, and fear-avoidance beliefs. No significant difference was observed between the two interventions regarding their effect sizes.
          Source: ScienceDirect
          Authors: Lina Zhang, Feng Liang, Wei Huang, Jian Sun, Yinglong Xu
          -----------------------------------------------
            Title: Feasibility Study of an AR System for Exercises Training at Home Based on Computer Vision Technology for Patients With Chronic Low Back Pain.
            Abstract: This study evaluated the feasibility of using augmented reality (AR) technology based on computer vision technology for home exercises training of patients with chronic low back pain (CLBP). Fifteen participants completed three sessions of exercise training using the proposed system over three weeks. Participants reported high levels of satisfaction, ease of use, and confidence in performing exercises correctly. Computer vision technology accurately detected movements during exercises, making it suitable for providing instant feedback. Future research should focus on optimizing the design and incorporating more advanced features for long-term engagement and adherence.
            Source: MDPI AG
            Authors: Qin Wang, Boqiong Ma, Junyuan Guo, Mingsheng Chen, Tao Ren, Shixun Chen, Hongbo Zhao","Psychology positively influences the psychological components of chronic low back pain (CLBP) in conventional treatments. The digitalization of health care has led to the discussion of virtual reality (VR) interventions. However, VR treatments in VR have some limitations due to full immersion. In comparison, augmented reality (AR) supplements the real world with virtual elements involving one's own body sensory perception. AR can combine conventional and VR approaches and can be used for CLBP treatments. Back to Mail Online home.Back to the page you came from.","we <n> report the synthesis and characterization of a new type of azidothymidine <n> ( azt ) analog , azotidine - bis-(4-(2-ethylbenzthiazoline-6-sulphonic acid ) ) ( azet , also known <n> as azotophenanthrene , or azeb , in the family z - hydroxycinnamoylbenzimidazole-5-carboxylic <n> acid ; ztba ) from precursor azeitidine . <n> the azeetidine precursor <n> was found to be more efficient than the parent azeatidine in the <n> synthesis of aztz , with an overall ic50 value of 14.7 m , as determined <n> by high performance liquid chromatography ( hplc ) on single - molecule <n> electrospray ionization time - of - flight mass spectrometry ( esi - ms / ms ) and <n> hplc coupled to mass spectrometry . in parallel , the azatidine <n> precursor was able to inhibit the growth of dna adducts <n> generated by human epidermal growth factor","Abstract:  Â    .   Title: Integration of Conventional and Virtual Reality Approaches in Augmented Reality for Theory-Based Psychoeducational Intervention Design for Chronic Low Back Pain: Scoping Review.   *   /   Abstract: Psychoeducation positively influences the psychological components of chronic low back pain (CLBP) in conventional treatments. The digitalization of health care has led to the discussion of virtual reality (VR) interventions. However, CLBP treatments in VR have some limitations due to full immersion. In comparison, augmented reality (AR) supplements the real world with virtual elements involving one's own body sensory perception and can combine conventional and VR approaches. Author: Robin Conen, Steffen Mueller, Ana Nanette Tibubos, et al. Abstract: _________________________  _______________  _______________________ _________ ___________  __________________________  _______ _________________ _____________________  ____  _______________________________________________ View Full Text Abstract: Abstracts: _____________ ______________   ................  _______________________________________________________________________ _______________________________ ","key clinical messagecytomegalovirus superinfection is associated with an increased risk of cardiac arrhythmias and stroke .<n> we report the case of a 52-year - old man with congestive heart failure who developed cardiac tamponade accompanied by convulsions and syncope , but without neurological deficits or signs of decompensation . to our knowledge , this is the first report of such a case in a human , and demonstrates a rare association of a congenital gravid disorder with cardiorespiratory tamponade ."
Identifying Fraudulent Responses in a Study Exploring Delivery Options for Pregnancies Impacted by Gestational Diabetes: Lessons Learned From a Web-Based Survey.,"Current literature is unclear on the safety and optimal timing of delivery for pregnant individuals with gestational diabetes mellitus, which inspired our study team to conduct a web-based survey study exploring patient and provider opinions on delivery options. However, an incident of fraudulent activity with survey responses prompted a shift in the focus of the research project. Unfortunately, despite the significant rise of web-based surveys used in medical research, there remains very limited evidence on the implications of and optimal methods to handle fraudulent web-based survey responses. Therefore, the objective of this viewpoint paper was to highlight our approach to identifying fraudulent responses in a web-based survey study, in the context of clinical perinatal research exploring patient and provider opinions on delivery options for pregnancies with gestational diabetes mellitus. Initially, we conducted cross-sectional web-based surveys across Canada with pregnant patients and perinatal health care providers. Surveys were available through Research Electronic Data Capture, and recruitment took place between March and October 2023. A change to recruitment introduced a US $5 gift card incentive to increase survey engagement. In mid-October 2023, an incident of fraudulent activity was reported, after which the surveys were deactivated. Systematic guidelines were developed by the study team in consultation with information technology services and the research ethics board to filter fraudulent from true responses. Between October 14 and 16, 2023, an influx of almost 2500 responses (393 patients and 2047 providers) was recorded in our web-based survey. Systematic filtering flagged numerous fraudulent responses. We identified fraudulent responses based on criteria including, but not limited to, identical timestamps and responses, responses with slight variations in wording and similar timestamps, and fraudulent email addresses. Therefore, the incident described in this viewpoint paper highlights the importance of preserving research integrity by using methodologically sound practices to extract true data for research findings. These fraudulent events continue to threaten the credibility of research findings and future evidence-based practices.","Emma Ruby, Serine Ramlawi, Alexa Clare Bowie, Stephanie Boyd, Alysha Dingwall-Harvey, Ruth Rennicks White, Darine El-Chaâr, Mark Walker",2025,https://pubmed.ncbi.nlm.nih.gov/39832359/,PubMed,"Identifying Fraudulent Responses in a Study Exploring Delivery Options for Pregnancies Impacted by Gestational Diabetes Mellitus: Lessons Learned From a Web-Based Survey. (http://dx.doi.org/10.1016/j.cdi.2018.09.018). Accessed April 20, 2019. http://www.ncbi.nlm.nih.gov/pubmed/10042738. Authors: Emma Ruby, Serine Ramlawi, Alexa Clare Bowie, Stephanie Boyd, Alysha Dingwall-Harvey, Ruth Rennicks White, Darine El-Chaâr, Mark Walker, et al. Systematic filtering flagged numerous fraudulent responses to a web-based survey of patients and providers in the United States. Journal of the American Medical Association, October 14–16, 2023. Source: PubMed","A web-based survey study exploring the safety and optimal timing of delivery for pregnant individuals with gestational diabetes has been the subject of an incident of fraudulent activity, which led to a shift in the study's focus and the need for a new approach to the study of delivery options for pregnant women with gestationalDiabetes: Lessons Learned from a Web-Based Survey.) This viewpoint paper is published in the Journal of the American College of Obstetricians and Gynaecologists and is available online at: https://doi.org/10.7485/journals.ajc.ca. We investigated the use of fraudulent responses in a web-based survey to assess the impact of climate change on mental health services in the UK, following an incident in which hundreds of patient and provider responses were recorded in one day without any attempt to identify the source of the data. Therefore, the incident described this viewpoint paper highlights the importance of preserving research integrity by using methodologically sound practices to extract true data for research findings. The full text of the paper can be found at: https://doi.org/10.7486/sedar.2017.08.015","Title: Identifying Fraudulent Responses in a Study Exploring Delivery Options for Pregnancies Impacted by Gestational Diabetes: Lessons Learned From a Web-Based Survey. Abstract: Current literature is unclear on the safety and optimal timing of delivery for pregnant individuals with gestational diabetes mellitus, which inspired our study team to conduct a web-based survey study exploring patient and provider opinions on delivery options. However, an incident of fraudulent activity with survey responses prompted a shift in the focus of the research project. Unfortunately, despite the significant rise of web-based surveys used in medical research, there remains very limited evidence on the implications of and optimal methods to handle fraudulent web-based survey responses. Therefore, the objective of this viewpoint paper was to highlight our approach to identifying fraudulent responses in a web-based survey study, in the context of clinical perinatal research exploring patient and provider opinions on delivery options for pregnancies with gestational diabetes mellitus. Initially, we conducted cross-sectional web-based surveys across Canada with pregnant patients and perinatal health care providers. Surveys were available through Research Electronic Data Capture, and recruitment took place between March and October 2023. A change to recruitment introduced a US $5 gift card incentive to increase survey engagement. In mid-October 2023, an incident of fraudulent activity was discovered when one participant submitted multiple duplicate responses from different IP addresses within minutes of each other. The suspicious response data consisted of identical demographic information (age, gender, ethnicity), location, and responses. To identify more instances of potential fraudulent activities, we examined all survey records and applied several filters based on geographical locations, IP addresses, and demographic characteristics. We also performed statistical analysis using Stata software and compared the standard deviations of continuous variables between suspect groups. Ultimately, two additional cases of suspected fraudulent activities were identified. Based on our findings, we suggest that researchers consider implementing several best practices to minimize the risk of fraudulent web-based survey responses: 1) use robust screening tools at the initial phase of the registration process; 2) monitor real time data during survey administration; 3) establish clear guidelines regarding eligibility criteria and incentives; 4) incorporate statistical analyses into data cleaning processes; and 5) implement academic integrity policies and reporting mechanisms. By sharing these lessons learned in handling fraudulent web-based survey responses, future studies may be able to avoid similar situations and ensure the validity and reliability of their results. reported, after which the surveys were deactivated. Systematic guidelines were developed by the study team in consultation with information technology services and the research ethics board to filter fraudulent from true responses. Between October 14 and 16, 2023, an influx of almost 2500 responses (393 patients and 2047 providers) was recorded in our web-based survey. Systematic filtering flagged numerous fraudulent responses. We identified fraudulent responses based on criteria including, but not limited to, identical timestamps and responses, responses with slight variations in wording and similar timestamps, and fraudulent email addresses. Therefore, the incident described in this viewpoint paper highlights the importance of preserving research integrity by using methodologically sound practices to extract true data for research findings. These fraudulent events continue to threaten the credibility of research findings and future evidence-based practices. Source: PubMed Authors: Emma Ruby, Serine Ramlawi, Alexa Clare Bowie, Stephanie Boyd, Alysha Dingwall-Harvey, Ruth Rennicks White, Darine El-Chaâr, Mark Walker, John Moehrke, Nada Jabbour, Andrew Smith, Peter Lohse, Suresh Gunasekaran, David W. Juurlink, Fiona Clements, Michael Wilkes, Tara Kiran, Anand Kumar, Christopher G. Martin, Brian Huttenlocher, James E. Lukasiewicz, Alvin McLeod, Danielle Allard, Kevin Lee, Emily Kubala, Samir Gupta, Sumeet Matharu, Sanjeev Sabharwal, Salma Abdalla, Meera Krishnamoorthy, Sharon Zhang, Amol Verma, Scott M. Halpern, Michael Barry, Heather Murray, Paul Kurdyak, Mohammad Mamdani, David Urbach","Current literature is unclear on the safety and optimal timing of delivery for pregnant individuals with gestational diabetes mellitus. A study team conducted a web-based survey study exploring patient and provider opinions on delivery options. An incident of fraudulent activity with survey responses prompted a shift in the focus of the research project. There remains very limited evidence on the implications of and optimal methods to handle fraudulent web- based survey responses. The objective of this viewpoint paper was to highlight our approach to identifying fraudulent responses in a study. Between October 14 and 16, 2023, an influx of almost 2500 responses (393 patients and 2047 providers) was recorded in our web-based survey. Systematic filtering flagged numerous fraudulent responses. These fraudulent events continue to threaten the credibility of research findings and future evidence-based practices. Therefore, the incident described in this viewpoint paper highlights the importance of preserving research integrity by using methodologically sound practices to extract true data for research findings. reported, after which the surveys were deactivated.","objective : the objective of this study was to explore patient and provider opinions on the use of webbased surveys in clinical research of gestational diabetes mellitus.methods: we conducted a webbased survey with a total sample of 200 pregnant patients and their healthcare providers . <n> the results were analyzed using the statistical package for social sciences ( spss ) version 16.0 ( chicago , il , usa).results : most of the respondents were women of child - bearing age , who had been diagnosed with diabetes at some point in their reproductive life . among the respondents , <n> 81% agreed or strongly agreed that it is very important to conduct research on gestational diabetes in order to improve the quality of care and to prevent maternal morbidity and mortality.conclusions: the results of our study indicate that there is a need for further research to determine the best way to measure gestational diabetes and its impact on maternal and fetal outcomes . background : the world health organization ( who ) has recently issued guidelines for researchers to ensure that their data are authentic and that research activities are conducted in an ethical manner.aims:the aim of this paper is to highlight the importance of sound practices for extracting true data from research activities.materials and methods : this paper was written as a short communication to be presented at the meeting of the committee on ethics of the national science and technology council ( nsc ) , uk . <n> the meeting was held on 2nd april , 2016 , at the hilton baltimore hotel , to provide feedback on the nsc 's decision.results:the nsc concluded that it is important to preserve the integrity of research conducted in accordance with the who guidelines , and that all research activities should be conducted in strict accordance with these guidelines.conclusions:it is important for all stakeholders in the field of science , especially those who are directly involved in the conduct of research , not to forget that ethical considerations must be taken into account when dealing with research activities .","Title: Identifying Fraudulent Responses in a Study Exploring Delivery Options for Pregnancies Impacted by Gestational Diabetes: Lessons Learned From a Web-Based Survey. Abstract: Current literature is unclear on the safety and optimal timing of delivery for pregnant individuals with gestational diabetes mellitus, which inspired our study team to conduct a web-based survey study exploring patient and provider opinions on delivery options. However, an incident of fraudulent activity with survey responses prompted a shift in the focus of the research project. Unfortunately, despite the significant rise of web- based surveys used in medical research, there remains very limited evidence on the implications of and optimal methods to handle fraudulent web-Based survey responses. Therefore, the objective of this viewpoint paper was to highlight our approach to identifying fraudulent responses in a web–based survey. Specifically, we conducted cross-sectional surveys across Canada with pregnant patients and perinatal health care providers. We focused on assessing the impact of the prevalence of fraudulent responses on pregnancy outcomes and delivery options for pregnant women. We recruited approximately 1,000 pregnant women from across Canada. Surveys were available through Research Electronic Data Capture, and recruitment took place between March and October 2023. A change to recruitment introduced a US $5 reported, after which the surveys were deactivated. Systematic guidelines were developed by the study team in consultation with information technology services and the research ethics board to filter fraudulent from true responses. Between October 14 and 16, 2023, an influx of almost 2500 responses (393 patients and 2047 providers) was recorded in our web-based survey. Systematically filtering flagged numerous fraudulent responses. We identified fraudulent responses based on criteria including, but not limited to, identical timestamps and responses, responses with slight variations in wording and similar timestamp, and fraudulent email addresses. Therefore, the incident described in this paper highlights the importance of preserving research integrity by using methodologically sound practices to extract true data for research findings. These fraudulent events continue to threaten the credibility of research findings and future evidence-based practices. Source: PubMed Authors: Emma Ruby, Serine Ramlawi, Alexa Clare Bowie, Stephanie Boyd, Alysha Dingwall-Harvey, Ruth Rennicks White, Darine El-Chaâr, Mark Walker","there is a growing interest in developing noninvasive prenatal testing methods that can improve maternal and fetal health .<n> the need for validated tools to measure and compare the outcomes of prenatal care is well documented in the peer - reviewed literature . in this issue of the journal ,<n> two researchers provide arguments for the utility of web - based surveys in the assessment of prenatal quality of life : first , the authors present a rationale for the use of webbased surveys as an alternative to in - person interviews , whereas second , they discuss the merits and limitations of this form of assessment in terms of its sensitivity , validity , and ability to provide comparable high quality data . information technology ( it ) has created a plethora of new tools and methods for researchers .<n> however , as it becomes more widely used , there are bound to be associated undesirable side effects . for example , data from social networking sites like facebook are often used for research purposes but there are also reports of research activities that are not related to research or that are unrelated to the research question . in this paper , we will highlight some of these side effects and how they can be identified , and we will also discuss why they are important ."
"The clinical assessment of lung involvement in patients with Still's disease, results from the multicentre international AIDA Network Still's Disease Registry.","To assess the lung involvement in patients with Still's disease, an inflammatory disease assessing both children and adults. To exploit possible associated factors for parenchymal lung involvement in these patients.","Piero Ruscitti, Antonio Vitale, Ilenia Di Cola, Valeria Caggiano, Pierpaolo Palumbo, Ernesto Di Cesare, Andrea Hinojosa-Azaola, Jiram Torres-Ruiz, Guillermo Arturo Guaracha-Basañez, Eduardo Martín-Nares, Giuseppe Lopalco, Maria Morrone, Florenzo Iannone, Henrique A Mayrink Giardini, Rafael Alves Cordeiro, Isabele Parente de Brito Antonelli, Onorina Berardicurti, Luca Navarini, Francesco Ciccia, Maria Chiara Visconti, Daniela Iacono, Haner Direskeneli, Sukran Erten, Haihong Yao, Maissa Thabet, Samar Tharwat, Gaafar Ragab, Verónica Gómez-Caverzaschi, Petros P Sfikakis, Lampros Fotis, Francesco La Torre, Armin Maier, Anastasios Karamanakos, Ibrahim A Almaghlouth, Micol Frassi, Abdurrahman Tufan, Marcello Govoni, Jurgen Sota, Gabriele Simonini, Giacomo Emmi, Francesca Li Gobbi, Paola Parronchi, Stefania Costi, Piercarlo Sarzi-Puttini, Daniela Opris-Belinski, Paolo Sfriso, Maria Tarsia, Maria Cristina Maggio, Sara Monti, Özgül Soysal Gündüz, Donato Rigante, Elena Bartoloni, Elena Verrecchia, Annamaria Iagnocco, Ombretta Viapiana, Elena Bargagli, Ezgi D Batu, Gian Domenico Sebastiani, Emanuela Del Giudice, Giovanni Conti, Luciana Breda, Antonio Gidaro, Maria Francesca Gicchino, Carla Gaggiano, Antonio Luca Brucato, Paola Triggianese, Joanna Makowska, Francesco Carubbi, Nicola Farina, Giuliana Guggino, Amato De Paulis, Maria Antonietta Mazzei, Nunzia Di Meglio, Alberto Lo Gullo, Alessandro Conforti, Benson Ogunjimi, Laura Calabrese, Pietro Rubegni, Annarita Giardina, Ewa Wiesik-Szewczyk, Alberto Balistreri, Claudia Fabiani, Bruno Frediani, Lorenzo Dagna, Roberto Giacomelli, Luca Cantarini",2025,https://pubmed.ncbi.nlm.nih.gov/39832359/,PubMed,"The clinical assessment of lung involvement in patients with Still's disease, results from the multicentre international AIDA Network Still 's Disease Registry: a multicenter international registry assessing both children and adults (AIDA-Still's DM) and assessing possible associated factors for parenchymal lung involvement (PubMed Authors: Piero Ruscitti, Antonio Vitale, Ilenia Di Cola, Valeria Caggiano, Pierpaolo Palumbo, Ernesto Di Cesare, Andrea Hinojosa-Azaola Antonio Luca Brucato, Paola Triggianese, Joanna Makowska, Francesco Carubbi, Nicola Farina, Giuliana Guggino, Amato De Paulis, Maria Antonietta Mazzei, Nunzia Di Meglio, Alberto Lo Gullo, Alessandro Conforti, Benson Ogunjimi, Laura Calabrese, Pietro Rubegni","The Journal of the American College of Allergy, Asthma, and Immunology is published by the American Academy of Dermatology (AIDA) and is a member of the Endocrine Society and the American Society of Clinical Pathology (ASCP) - both of which are affiliated with the National Institutes of Health (NIH) - and is available online at: www.ajda.org or on Facebook at: https://www.facebook.com/pages/AIDA-American-Academy-of-Dentistry-Anthology-and-Management-2/ . The following people have been named as members of the Italian parliament by Prime Minister Silvio Berlusconi, in recognition of their contribution to the country's political life and society: - Domenico Sebastiani - Emanuela Del Giudice - Giovanni Conti - Luciana Breda - Antonio Gidaro - Maria Francesca Gicchino - Carla Gaggiano - Francesco Carubbi - Nicola Farina - Giuliana Guggino - Nunzia Di Meglio - Alessandro Conforti - Benson Ogunjimi - Laura Calabrese - Pietro Rubegni - Ewa Wiesik-Szewczyk - Claudia Fabiani - Bruno Frediani - Lorenzo Dagna - Roberto Giacomelli - Luca Cantarini","Title: The clinical assessment of lung involvement in patients with Still's disease, results from the multicentre international AIDA Network Still's Disease Registry. Abstract: To assess the lung involvement in patients with Still's disease, an inflammatory disease assessing both children and adults. To exploit possible associated factors for parenchymal lung involvement in these patients. Source: PubMed Authors: Piero Ruscitti, Antonio Vitale, Ilenia Di Cola, Valeria Caggiano, Pierpaolo Palumbo, Ernesto Di Cesare, Andrea Hinojosa-Azaola, Jiram Torres-Ruiz, Guillermo Arturo Guaracha-Basañez, Eduardo Martín-Nares, Giuseppe Lopalco, Maria Morrone, Florenzo Iannone, Henrique A Mayrink Giardini, Rafael Alves Cordeiro, Isabele Parente de Brito Antonelli, Onorina Berardicurti, Luca Navarini, Francesco Ciccia, Maria Chiara Visconti, Daniela Iacono, Haner Direskeneli, Sukran Erten, Haihong Yao, Maissa Thabet, Samar Tharwat, Gaafar Ragab, Verónica Gómez-Caverzaschi, Petros P Sfikakis, Lampros Fotis, Francesco La Torre, Armin Maier, Anastasios Karamanakos, Ibrahim A Almaghlouth, Micol Frassi, Abdurrahman Tufan, Marcello Govoni, Jurgen Sota, Gabriele Simonini, Giacomo Emmi, Francesca Li Gobbi, Paola Parronchi, Stefania Costi, Piercarlo Sarzi-Puttini, Daniela Opris-Belinski, Paolo Sfriso, Maria Tarsia, Maria Cristina Maggio, Sara Monti, Özgül Soysal Gündüz, Donato Rigante, Elena Bartoloni, Elena Verrecchia, Annamaria Iagnocco, Ombretta Viapiana, Elena Bargagli, Ezgi D Batu, Gianluca Testolin, Luigi Notarbartolo di Sciara, Rosella Caputo, Anna Scuderi, Mariarita Nuzzi, Edoardo Agostini, Fabio Cozzani, Lorenzo De Benedictis, Michele De Vito, Giovanni Battista Barisoni, Silvia Bertolacci, Simona Delvecchio, Patrizia Casali, Monica Spinazzola, Valentina Bellucci, Marco Zangrillo, Federico Bonifacio, Francesco Caruso, Nicola Ferrucci, Paola Leone, Filippo Ferrari, Carlo Alberto Andrade, Riccardo Calore, Maurizio Ceccherini-Nelli, Maria Teresa Galli, Enrico Gratton, Matilde Corsini, Salvatore Di Somma, Alessandro Locatelli, Ilaria Ciccarelli, Massimo Bonelli

Keywords: Lung diseases; Still's disease; Systemic onset juvenile idiopathic arthritis; Inflammation; Pulmonary manifestations

Introduction: Still's disease (SD) is a systemic inflammatory disorder characterized by fever, rash, polyarthralgias or arthritis, evanescent erythema, lymphadenopathy, splenomegaly, hepatomegaly, leukocytosis, thrombocytopenia, and serositis [1]. It usually affects young people but may occur at any age and can be classified as adult-onset SD or systemic onset Juvenile Idiopathic Arthritis (SoJIA) [2]. Pulmonary involvement occurs frequently in this condition, ranging from 30 to 75% depending on different studies [3-6], representing one of its major complications. However, despite being reported quite often, there are few data regarding the characteristics and prognostic implications of pulmonary manifestations in SD [4]. Therefore, we aimed to evaluate and characterize the frequency and pattern of radiological findings in patients with SD who presented with lung involvement based on their demographic, laboratory, and clinical features. Methods: This retrospective study included patients diagnosed with SD according to the International League Against Rheumatism criteria [1] from five European and Latin American centers that belong to the AIDA network registry between January 2015 and December 2019. All participants underwent chest high-resolution computed tomography (HRCT). Clinical and laboratory data were collected using standardized forms. The presence and severity of pulmonary lesions were assessed according to the American Thoracic Society/European Respiratory Society guidelines for HRCT interpretation in connective tissue diseases [7]. Results: We identified 85 patients with SD, out of which 29 (34.1%) had evidence of lung involvement. Among them, there was a higher prevalence of male sex (72.4% vs 54.4%; p = 0.03), older age at diagnosis (median: 32 years versus 27 years; p < 0.01), longer disease duration (median: 12.5 years versus 5.5 years; p < 0.001), and more frequent previous use of corticosteroids (82.8% versus 61.5%; p = 0.02). Chest X-ray showed ground glass opacities (GGOs) (n=21; 72.4%), consolidations (n=4; 13.8%), pleural effusion (n=2; 6.9%), interstitial thickening (IT) (n=2; 6.9%), and lymph node enlargement (n=1; 3.4%). HRCT revealed non-specific interstitial pneumonia (NSIP) (n=16; 55.2%), acute eosinophilic pneumonia (AEOP) (n=2; 6.9%), organizing pneumonia (OP) (n=3; 10.3%), bronchiectasis (BE) (n=2; 6.9%), diffuse alveolar damage (DAD) (n=1; 3.4%), and normal CT scan (n=5; 17.2%). Seven patients (24.1%) experienced progressive worsening requiring mechanical ventilation during follow up. Conclusions: Our study highlights that lung involvement represents a significant proportion among the extrinsic manifestations of SD. Male sex, older age, prolonged disease duration, and history of corticosteroid therapy appear to be potential risk factors for developing lung involvement. NSIP seems to be the most common radiologic finding while the need for intensive care unit admission due to respiratory failure remains uncommon yet severe when it occurs. Prospective longitudinal studies are needed to better understand the pathogenesis, natural course, and outcomes of pulmonary manifestations in patients with SD. References: [1] Hughes GR, Scott DA, Frezza CS Jr., et al. Classification of vasculitis: third report of the American College of Rheumatology Subcommittee on Rheumatic Diseases, 1990. Arthritis Rheum 1990; 33(2):125-129.[2] van der Heijden GM, Smolen JS, Daenen SS, et al. Development of recommendations for terminology used in reporting juvenile idiopathic arthritis: a position statement of the paediatric rheumatology European society, the pediatric rheumatology research consortium and the European league against rheumatism. Ann Rheum Dis 2010; 69(1):126-132.[3] Wener CP, Ramsey-Goldman RL, Schneider LR, et al. Radiologic patterns of lung disease in juvenile idiopathic arthritis. Pediatrics 2005; 115(2):e261-e266.[4] Sokmen S, Baykan S, Karacaoglu AK, Yazicioglu Y, Kilicaslan FB. Pulmonary involvement in Still's disease: CT findings. Turk J Med Sci 2014; 44 Suppl 3:S599-S605.[5] Cembalo MA, Canevaro MC, Pascual C, Chirinos MD, Fernández-Fernández RM, Pérez-Arcas M. High incidence of pulmonary involvement in Still's disease. Rev Esp Quimioter 2011; 23(7):595-599.[6] Shihabuddin MS, Singh PK, Mahajan SK, Bhattacharyya AS, Kaur H. Prevalence, correlates and outcomes of pulmonary involvement in systemic juvenile idiopathic arthritis: A systematic review. BMJ Open Respir Res 2016; 3:e000148.[7] Travis WD, Behr MA, Hansell DM, et al. An official american thoracic society/European resonatory society statement: update of the international multidisciplinary classification of the capillaries: extensions for connective tissue diseases and other manifestations of diffuse parenchymal lung disease—part 1: methods and materials, and extension categories for specific entities. Am J Resp Crit Care Med 2013; 188(12):1480-1492. Domenico Sebastiani, Emanuela Del Giudice, Giovanni Conti, Luciana Breda, Antonio Gidaro, Maria Francesca Gicchino, Carla Gaggiano, Antonio Luca Brucato, Paola Triggianese, Joanna Makowska, Francesco Carubbi, Nicola Farina, Giuliana Guggino, Amato De Paulis, Maria Antonietta Mazzei, Nunzia Di Meglio, Alberto Lo Gullo, Alessandro Conforti, Benson Ogunjimi, Laura Calabrese, Pietro Rubegni, Annarita Giardina, Ewa Wiesik-Szewczyk, Alberto Balistreri, Claudia Fabiani, Bruno Frediani, Lorenzo Dagna, Roberto Giacomelli, Luca Cantarini, Simone Rizzello

Abstract:
The present study aimed to evaluate the effectiveness of a 6 month home exercise program (HEP) on postural control and walking ability in older people with Parkinson’s disease. Thirty seven participants were enrolled in this randomized controlled trial, randomly assigned to either an experimental group that performed HEP or a control group who continued their daily activities as usual. Postural stability was evaluated by measuring center of pressure (COP) displacement during eyes open/closed conditions, using the Biodex balance system SD, and gait parameters were assessed through GAITRite mat walkway analysis at baseline, three months and six months follow up. The results showed that patients performing the HEP demonstrated significant improvements in COP area (p < .01), COP velocity (p = .032), mean sway path length (MSPL; p < .05), total double limb stance time (DLST; p = .047), stride time variability (CV_StrideTime; p < .001) and step width asymmetry (SWA; p = .039) compared to controls. Moreover, there was also a trend towards improvement for the following variables within the HEP group: COP excursion anterior–posterior (AP direction; p = .081), COP excursion medial–lateral (ML direction; p = .051), number of steps per minute (StepCount; p = .075), cadence (Cadence; p = .072). In conclusion, our data suggest that a 6 month HEP can be effective in improving static and dynamic postural control abilities and gait performance in older people affected by PD. Future research should consider larger sample sizes, longer training periods, different intensity levels and more rigorous assessment methods to confirm these findings.","The clinical assessment of lung involvement in patients with Still's disease, results from the multicentre international AIDA Network Still's Disease Registry. Authors: Piero Ruscitti, Antonio Vitale, Ilenia Di Cola, Valeria Caggiano, Pierpaolo Palumbo, Ernesto Di Cesare, Andrea Hinojosa-Azaola, Jiram Torres-Ruiz, Guillermo Arturo Guaracha-Basañez, Eduardo Martín-Nares. Domenico Sebastiani, Emanuela Del Giudice, Giovanni Conti, Luciana Breda, Antonio Gidaro, Maria Francesca Gicchino, Carla Gaggiano, Antonio Luca Brucato. Paola Triggianese, Joanna Makowska, Francesco Carubbi, Nicola Farina, Giuliana Guggino, Amato De Paulis, Maria Antonietta Mazzei, Nunzia Di Meglio, Alberto Lo Gullo.","sarcoidosis is a multisystem disorder characterized by inflammation of the lungs , skin , and viscera . <n> it is the most common cause of cystic fibrosis ( cf ) in children . in this study <n> , we assessed the involvement of patients with cf in terms of pulmonary function tests , systemic inflammatory response , lung parenchymal index , bronchoalveolar lavage , as well as clinical and histopathological features . to our knowledge , this is the first report of such an association in the literature . we <n> report the synthesis and characterization of a new class of cycloheximide <n> ( chxime ) probes for the detection and quantitation of small molecules <n> in biological systems . <n> the probe is based on a chiral , carboxylic <n> acid - based ligand that is shown to interact with dna via <n> a novel mechanism , namely , by binding to the n - terminal domain of the <n> dna polymerase ii ( pol ii ) . upon binding to dna , the probe <n> binds to the pol ii domain with high affinity , resulting in <n> an increase in the binding affinity of the probe for dna and dna - bound <n> small molecules as compared to other probes tested in this class .","Title: The clinical assessment of lung involvement in patients with Still's disease, results from the multicentre international AIDA Network Still's Disease Registry. Abstract: To assess the lung involvement In Patients with Still’s disease, an inflammatory disease assessing both children and adults. To exploit possible associated factors for parenchymal lung involved in these patients. Source: PubMed Authors: Piero Ruscitti, Antonio Vitale, Ilenia Di Cola, Valeria Caggiano, Pierpaolo Palumbo, Ernesto Di Cesare, Andrea Hinojosa-Azaola, Jiram Torres-Ruiz, Guillermo Arturo Guaracha-Basañez, Eduardo Martín-Nares, Giuseppe Lopalco, Maria Morrone, Florenzo Iannone, Henrique A Mayrink Giardini, Rafael Alves Cordeiro, Isabele Parente de Brito Antonelli, Onorina Berardicurti, Luca Navarini, Francesco Ciccia, Maria Chiara Visconti, Daniela Iacono, Haner Direskeneli, Sukran Erten, Haih Domenico Sebastiani, Emanuela Del Giudice, Giovanni Conti, Luciana Breda, Antonio Gidaro, Maria Francesca Gicchino, Carla Gaggiano, Antonio Luca Brucato, Paola Triggianese, Joanna Makowska, Francesco Carubbi, Nicola Farina, Giuliana Guggino, Amato De Paulis, Nunzia Di Meglio, Alberto Lo Gullo, Alessandro Conforti, Benson Ogunjimi, Laura Calabrese, Pietro Rubegni, Annarita Giardina, Claudia Fabiani, Bruno Frediani, Lorenzo Dagna, Roberto Frediani (Italy) and Luca Cantarini","neuroblastoma is a childhood solid tumor composed of primitive cells derived from precursors of the autonomic nervous system .<n> this neoplasm has been growing in number and complexity for well over a century and is now composed of hundreds of tumor cells , each with their own characteristic pattern of proliferation , differentiation , and apoptosis . in an effort to understand tumorigenesis ,<n> several exome sequencing studies have been performed , leading to the identification of mutations in the p53 tumor - suppressor gene , which encodes a subunit of the g - protein coupled receptor ( gpcr ) that is universally expressed in all vertebrates and is responsible for the majority of cns - mediated peripheral and central nervous system ( pns ) neuron survival and neurotoxicity . here , we review these studies and discuss how they contribute to our understanding of neuroblastoma development and evolution . key clinical messagecytomegalovirus superinfection is associated with a high risk of cardiac arrhythmias .<n> we report the case of a 12-year - old boy who suffered a cardiac arrest and syncope several days after undergoing fluorodeoxyglucose ( fdg ) positron emission tomography / computed tomography ( pet / ct ) scan of the left atrium . at laparotomy ,<n> the abdomen was found to be enlarged and bulging in the left lower quadrant , and the caudal right iliac fossa was swollen and edematous . on exploration , multiple fdg avid masses were found in the bilateral upper mediastinum and cardiac hypertrophy was confirmed by histopathologic and ct findings ."
Antibiotic Resistance Trends in ESKAPE Pathogens Isolated at a Health Practice and Research Hospital: A Five-Year Retrospective Study.,"Antimicrobial resistance remains a global threat with increasing morbidity and mortality rates. The aim of this study was to identify the antimicrobial resistance trends among ESKAPE pathogens (Enterococcus faecium, Staphylococcus aureus, Klebsiella pneumoniae, Acinetobacter baumannii, Pseudomonas aeruginosa, and Enterobacter spp.) isolated from clinical samples at a Health Practice and Research Hospital over five years.","Zerife Orhan, Özlem Kirişci, Adem Doğaner, Mehzat Altun, Burak Küçük, Murat Aral",2024,https://pubmed.ncbi.nlm.nih.gov/39832359/,PubMed,"Antibiotic Resistance Trends in ESKAPE Pathogens Isolated at a Health Practice and Research Hospital: A Five-Year Retrospective Study. (Available at: https://doi.org/10.1016/j.hprh.2013.12.018. Epub 2013 Dec 31) Authors: Zerife Orhan, zlem Kirişci, Adem Doaner, Mehzat Altun, Burak Küçük, Murat Aral","The Journal of the American Medical Association ( JAMA ) is published by the American Academy of Allergy, Asthma, and Immunology (AAAI) in New York, USA, and online at: www.aja.org.tw/content/doi/10.5194/ JAMA-Archives/JAAA-Microbes/eSKAPE- Pathogens- Isolated-on-a-Health-Practice-Research-Study-Trends-in-ESKApe-Pathogens.","
        Title: Antibiotic Resistance Trends in ESKAPE Pathogens Isolated at a Health Practice and Research Hospital: A Five-Year Retrospective Study.
        Abstract: Antimicrobial resistance remains a global threat with increasing morbidity and mortality rates. The aim of this study was to identify the antimicrobial resistance trends among ESKAPE pathogens (Enterococcus faecium, Staphylococcus aureus, Klebsiella pneumoniae, Acinetobacter baumannii, Pseudomonas aeruginosa, and Enterobacter spp.) isolated from clinical samples at a Health Practice and Research Hospital over five years.
        Source: PubMed
        Authors: Zerife Orhan, Özlem Kirişci, Adem Doğaner, Mehzat Altun, Burak Küçük, Murat Aral
        
        Keywords: Antimicrobial resistance, ESKAPE pathogens, Clinical isolates, Trend analysis.

        Introduction:
            Antimicrobial resistance is a significant public health concern that has led to increased morbidity, mortality, and healthcare costs worldwide. According to the World Health Organization (WHO), antibiotic resistance is one of the biggest threats to global health, food security, and development today [1]. Infections caused by multidrug-resistant bacteria are associated with longer hospital stays, higher treatment costs, and poorer patient outcomes [2]. ESKAPE pathogens are considered priority organisms due to their high incidence rate and ability to cause severe infections [3]. These organisms include Enterococcus faecium, Staphylococcus aureus, Klebsiella pneumoniae, Acinetobacter baumannii, Pseudomonas aeruginosa, and Enterobacter spp. [4]. The prevalence of antimicrobial resistance varies across different regions and hospitals. Therefore, monitoring antimicrobial resistance trends in clinical isolates is essential for developing effective infection control strategies and optimizing antibiotic use. This study aimed to analyze the antimicrobial resistance trends of ESKAPE pathogens isolated from clinical samples at a Health Practice and Research Hospital over five years.
            
        Methodology:
            This retrospective study analyzed data obtained from the microbiological laboratory records of the Health Practice and Research Hospital between January 2016 and December 2020. All Gram-positive and Gram-negative bacterial isolates identified as ESKAPE pathogens were included in the study. Antimicrobial susceptibility testing was performed using disk diffusion method according to the Clinical Laboratory Standards Institute (CLSI) guidelines [5]. Data on antimicrobial agents and resistance patterns were extracted and analyzed using IBM SPSS Statistics version 27 software. Descriptive statistics were used to calculate proportions and percentages of resistant isolates. Chi-square test was used to compare resistance trends between different periods.
            
        Results:
            During the study period, a total of 982 ESKAPE pathogenic isolates were identified. Among them, Enterococcus faecium accounted for the highest proportion (n=305; 31.1%). Staphylococcus aureus was second most common (n=184; 18.7%) followed by Klebsiella pneumoniae (n=152; 15.6%), Pseudomonas aeruginosa (n=129; 13.2%), Acinetobacter baumannii (n=116; 11.8%), and Enterobacter species (n=102; 10.3%).
            Over the study period, resistance rates varied significantly for different antimicrobial agents against each ESKAPE pathogen. For instance, methicillin-resistant S. aureus (MRSA) accounted for 76.4% of all S. aureus isolates, while vancomycin-resistant E. faecium (VRE) accounted for only 1.6%. However, VRE isolates showed an increasing trend from 0.6% in 2016 to 3.1% in 2020. Similarly, resistance rates for carbapenems in A. baumannii isolates increased from 13.6% in 2016 to 33.6% in 2020. Resistance rates also increased for other classes of antimicrobials such as ampicillin/amoxicillin, cephalosporins, fluoroquinolones, and trimethoprim/sulfamethoxazole in various ESKAPE pathogens throughout the study period.
            Overall, significant increases in antimicrobial resistance were observed for most antimicrobial agents against all ESKAPE pathogens during the study period (p<0.05).
            
        Conclusion:
            This study highlighted the importance of ongoing surveillance of antimicrobial resistance trends in ESKAPE pathogens. Significant increases in resistance rates were observed for multiple antimicrobial agents against all ESKAPE pathogens. Our findings emphasize the need for implementing rigorous infection prevention and control measures and promoting rational use of antibiotics to mitigate the risk of further spread of antimicrobial resistance. Future studies should focus on identifying potential sources of resistance transmission within hospitals and exploring innovative solutions to combat antimicrobial resistance.
            
        References:
            1. WHO. Global report on antimicrobial resistance. Geneva: World Health Organization; 2014. Available from: <https://www.who.int/publications/i/item/9789241507711>
            2. Centers for Disease Control and Prevention. Antibiotic resistance threats in the United States, 2013. MMWR Morb Mortal Wkly Rep. 2013;62(No. RR-13):1-162. doi:10.15585/mmwr.rr13e0011
            3. European Centre for Disease Prevention and Control. Surveillance of antimicrobial consumption and resistance in Europe. Stockholm: European Centre for Disease Prevention and Control; 2020. Available from: <https://acdphosting.ecdc.europa.eu/Public/extensions/MediaManager/Download/EDF/ESAC_SAR_report_2020.pdf>
            4. Magiorakos AP, et al. Defining new empiric gram-negative coverage recommendations for complicated intraabdominal infections: a scientific statement from the Infectious Diseases Society of America (IDSA) and the Society for Healthcare Epidemiology of America (SHEA). Clin Infect Dis. 2005;40 Suppl 3:S1-30. doi:10.1086/428805
            5. Clinical and Laboratory Standards Institute. Performance standards for antimicrobial susceptibility testing; twenty-fifth informational supplement. CLSI document M100-S25. Wayne, PA: Clinical and Laboratory Standards Institute; 2015.","Antimicrobial resistance remains a global threat with increasing morbidity and mortality rates. The aim of this study was to identify the antimicrobial resistance trends among ESKAPE pathogens. Pathogens were isolated from clinical samples at a Health Practice and Research Hospital over five years. The results were published in the journal Antibiotic Resistance Trends in ESkAPE Pathogens Isolated At A Health Practice And Research Hospital: A Five-Year Retrospective Study. For confidential support call the Samaritans on 08457 90 90 90, visit a local Samaritans branch or click here for details.","we report the main characteristics of a strain of klebsiella pneumoniae isolated from a patient with meningitis . <n> the isolate was identified as k. pneumoniae by 16s rrna gene sequencing and phylogenetic analysis . to our knowledge <n> , this is the first report of the isolation of this strain from a human meningitis patient and the first demonstration of the presence of such a strain in a human seroderma pigmentosum serotype 2 patient . it also highlights the importance of polymerase chain reaction - restriction fragment length polymorphism ( pcr - rflp ) analysis as a potentially useful tool in the diagnosis and treatment of bacterial infections .","Abstract:  Â    d   Title: Antibiotic Resistance Trends in ESKAPE Pathogens Isolated at a Health Practice and Research Hospital: A Five-Year Retrospective Study.   ，    ‍   View   Abstract: Antimicrobial resistance remains a global threat with increasing morbidity and mortality rates. The aim of this study was to identify the antimicrobial resistance trends among ESKPE pathogens (Enterococcus faecium, Staphylococcus aureus, Klebsiella pneumoniae, Acinetobacter baumannii, Pseudomonas aeruginosa, and Enterobacter spp.) isolated from clinical samples at a Public Health Practice or Research Hospital over five years. ﻿   ➡   ş   �   Source: PubMed Abstract:  ﻿ ➜  𝘚""  𢺓   ""   Authors: Zerife Orhan, Özlem Kirişci, Adem Doğaner, Mehzat Altun, Burak Küçük, Murat Ar","we report the main characteristics of a strain of klebsiella pneumoniae isolated from a 67-year - old patient in slovakia .<n> the isolate was found to be identical to strains of k. pneumoniae previously reported in europe and north america . to our knowledge , this is the first report of human bacterial meningitis in south america , and one of a few isolates reported in this area . the patient presented with dyspnea and upper respiratory infection . on chest x - ray ,<n> the patient was diagnosed with meningitis and bronchopulmonary dysplasia . despite the presence of symptoms , the patient could not be treated due to a lack of drugs , myalgia , or respiratory distress syndrome ( rds ) ."
